app_id,title,genre,url,description,score,ratings,reviews
ai.character.app,"Character AI: Chat, Talk, Text",Entretenimiento,https://play.google.com/store/apps/details?id=ai.character.app&hl=es&gl=es,"✨Character.AI no es solo otra aplicación de conversación con IA: es un patio de recreo infinito para tu imaginación, creatividad y exploración. 

Sumérgete en conversaciones inmersivas, crea tus propios chatbots de IA y únete a una comunidad vibrante de creadores como tú.

Envía mensajes de texto o habla: ¡tu próxima aventura comienza aquí!

📱Conversa, llama, envía mensajes de texto y crea con personajes de IA que responden de manera inteligente, recuerdan conversaciones pasadas y se adaptan a tu estilo. Cada conversación con IA se siente natural, atrapante y única. Explora posibilidades ilimitadas a medida que creas historias, inventas nuevos mundos, interpretas un papel en aventuras o simplemente te diviertes con tus chatbots de IA favoritos.

🤖Incontables personajes de IA, posibilidades ilimitadas
Character.AI alberga millones de personajes de IA generados por usuarios, ofreciendo un mundo diverso y apasionante más allá de los chatbots básicos. De héroes legendarios y malvados villanos a chiflados trastornados y secuaces leales, siempre hay un nuevo personaje de IA esperándote.

¿Te encanta conversar con IA? Sumérgete en personajes de cada género y tipo de personalidad. ¿Quieres crear el tuyo propio? Nuestras potentes herramientas de creación de personajes te permiten diseñar chatbots de IA con personalidades, trasfondos e ¡incluso voces únicas! Personaliza tus creaciones para que se adapten a tu imaginación y experimenta una conversación con IA realmente personalizada como nunca antes.

Character.AI hace que la creación de personajes sea sencilla, divertida e ilimitada. Sin importar lo que se te ocurra, puedes hacerlo realidad y compartirlo con toda la comunidad de IA.

💬Envía mensajes de texto o habla; tú eliges con conversaciones con IA y llamadas con IA
Experimenta la libertad de interactuar como quieras, mediante escritura o videollamadas en vivo. Con Character.AI, puedes pasar sin problemas de conversaciones con IA a conversaciones en vivo con personajes de IA.

Ya sea que estés leyendo absortamente una historia impulsada por IA o estés interpretando un papel en una aventura épica, Character.AI ofrece una experiencia de conversación con IA totalmente inmersiva personalizada para ti.
Prepárate para repensar lo que los chatbots de IA pueden hacer porque, con Character.AI, tus conversaciones pueden ir adonde sea que tu imaginación las lleve.

🎨Da rienda suelta a tu creatividad a través de la creación de personajes
La creación de personajes no es solo una función: es un pasaporte a la creatividad ilimitada.
Character.AI te da el poder de crear, diseñar y explorar nuevos mundos. Crea tus propios chatbots de IA, inventa ricos universos de ficción, idea líneas de tiempo alternativas o incluso crea asistentes de IA personalizados para ayudar con el aprendizaje, la narración o el aporte de ideas creativas.

No es necesario saber programación. Solo tu imaginación, algunas indicaciones y ganas de experimentar. Únete a millones de creadores que están ampliando los límites del desarrollo de conversaciones con IA y personajes de IA.

🫶Únete a la comunidad de Character.AI
Sé parte de una próspera comunidad de IA repleta de millones de creadores, exploradores y escritores reales. Character.AI es más que solo una aplicación, es un movimiento donde personas de todo el mundo se conectan a través del poder de la narración, la conversación con IA y la creación de mundos con tus personajes favoritos.

Descubre nuevos personajes creados por usuarios como tú, sigue a tus creadores favoritos y comparte tus propias obras maestras con el mundo. Crea, aprende y crece dentro de una comunidad que celebra la innovación y la creatividad en chatbots de IA y la creación de personajes.

Descarga Character.AI hoy y descubre la mejor plataforma de conversaciones con IA, personajes de IA, chatbots de IA, creación de personajes y conexión con una increíble comunidad de.

📖¿Adónde te llevará tu próxima aventura?",1.3625438,2253536.0,6382.0
air.com.bmapps.gossipgirlsdivasinhighschool,Gossip Girls Divas Highschool,Entretenimiento,https://play.google.com/store/apps/details?id=air.com.bmapps.gossipgirlsdivasinhighschool&hl=es&gl=es,"Estas tres chicas de secundaria quieren ser divas reales y en su horario se programa una nueva recopilación de chismes por lo que todos tienen que mirar perfecto para ello. Ven a jugar a este juego de maquillaje para gestionar tres personajes diferentes. Va a hacer algunos tratamientos faciales y máscara, a continuación, un maquillaje natural y, al final, que será la elección de un equipo difícil para cada uno de sus niñas. En primer lugar, se aplica una lavadora de cara a eliminar la suciedad que se infiltra en la piel, basta con quitar con agua tibia, como se hace en la vida real. Para hidratar la cara es necesario agregar una crema facial con propiedades terapéuticas. Las cejas verá desordenado por lo que tiene que cuidar de ellos también mientras se eliminan los granos con el fin de mantener la superficie limpia y lisa. Es posible incluso hacer una casa hecha de una máscara que hará que su cara todo suave y listo para comenzar la fase de maquillaje. Encontrar una manera de crear un look perfecto con el maquillaje y el talento de la moda. Obtener el aspecto deseado y se divierten jugando con los colores. Ahora que de haber finalizado este proceso, se puede mover a la parte vestidor donde se va a crear el traje mágico esta chica siempre quiso. Combinar colores y texturas, use su imaginación y crear un cambio en su vestuario. Probar diferentes miradas y estar listo para innovar algunos aspectos porque una vez que va a ir un poco loco no hay camino de vuelta y verá todo el mundo es predecible que un pequeño cambio. Divertirse y tratar apariencias únicas para estas divas de la escuela secundaria.

Las características más impresionantes traído para que pudieran ser sacados en este juego aquí:
- Libre y fácil de jugar
- Hermosa ropa y accesorios grandes para añadir
- Tratamientos faciales para ejecutar y maquillajes
- Posibilidad de diversificar su creación en tres formas
- Desafía a tus habilidades de diseño de moda y mejorarlos si es posible
- Trate de formas interesantes para crear una nueva mirada
- Montaje y diseño trajes
- Gran experiencia para ganar
- Ayuda a tres chicas de secundaria para encontrar sus propios estilos personales",3.5584416,15228.0,30.0
air.com.buffalo_studios.newflashbingo,Bingo Blitz™️: juegos de Bingo,Juegos de mesa,https://play.google.com/store/apps/details?id=air.com.buffalo_studios.newflashbingo&hl=es&gl=es,"Experimenta tu juego de bingo en línea como nunca antes lo habías hecho, mientras te adentras en una aventura de juegos de bingo, en Bingo Blitz. 

¡Únete al gato Blitzy para aventurarte por increíbles misiones de juegos de bingo en línea y recibir regalos de bingo en línea, golosinas y más diversión en el bingo! 

¿A qué esperas? ¡Comienza a jugar a Bingo Blitz ya! 

• Juego con varios cartones: Jugar con un cartón de bingo es tan anticuado: ¡juega con varios cartones de bingo gratis al mismo tiempo!
Coge potenciadores: ¿Necesitas un poco más de potencia para tu partida de bingo? ¡Consigue potenciadores para ganar aún más premios de bingo! 
• Colecciona souvenirs: ¿Qué es un viaje alrededor del mundo si no tienes cosas chulas que mostrar? ¡Hazte con souvenirs en cada ciudad que visites!
• Gana cartones de bingo especiales: Esto es Bingo Blitz, un juego de bingo gratis con una diferencia: aquí hacemos las cosas de forma un poco diferente.
• ¡Juega a minijuegos épicos! Bingo Blitz es más que simples juegos de bingo: ¡juega a minijuegos mientras esperas a que empiece tu próximo juego de bingo!

<b>Consigue regalos extra diarios: ¡juegos de bingo épicos gratis, solo para ti!</b>
¡Queremos mucho a nuestros jugadores de Bingo Blitz y nos gusta mostraros nuestro amor a diario!

• Viaja por todo el mundo para conseguir monedas y créditos gratis a diario: ¡los juegos de bingo gratis no pueden ser mejores!
• Embárcate en divertidas búsquedas de bingo gratis por todo el mundo para conseguir épicos premios y bonificaciones de bingo en directo, ¡como créditos extra, monedas y potenciadores!

¿Buscas juegos épicos de bingo gratis con fantásticos extras diarios? ¡Lo tienes todo en Bingo Blitz!

<b>Hagamos las cosas en línea: Bingo en línea: ¡socializa y juega a juegos de bingo en línea!</b>

El juego de bingo internacional en línea es mucho más divertido con amigos. ¡El bingo gratis no puede ser mejor que esto!

• ¡Chatea en la sala de chat en directo del bingo en línea!
• ¡Invita a tus amigos para obtener bonificaciones de bingo gratis aún mayores!
• ¡Intercambia cartones de todos tus juegos de bingo y completa tus colecciones más rápido para obtener más recompensas!

¡Visita el nuevo <a href=""https://www.youtube.com/user/BuffaloStudiosTV/featured"">canal de YouTube de Bingo Blitz TV</a> para conocer las últimas noticias, consejos, actualizaciones e increíbles sorpresas!

<b>Ponte en contacto: ¡Cuéntanos qué tal es jugar al mejor juego de bingo gratis!</b>

¡Nos encantaría saber de ti, estés donde estés en el mundo! Puedes contactar con nosotros en https://www.bingoblitz.com/support/.
Bingo Blitz está destinado a personas mayores de 21 años de edad solo con fines de diversión y no ofrece apuestas con ""dinero real"", ni la oportunidad de ganar dinero real o premios reales basados en el juego. Jugar o tener éxito en este juego no implica el éxito futuro en las apuestas con ""dinero real"".

Bingo Blitz no requiere pagos para descargar y reproducir, pero también le permite comprar artículos virtuales con dinero real dentro del juego, incluidos artículos aleatorios. Puede deshabilitar las compras dentro de la aplicación en la configuración de su dispositivo. Bingo Blitz también puede contener publicidad. Es posible que necesite una conexión a Internet para jugar a Bingo Blitz y acceder a sus funciones sociales. También puede encontrar más información sobre la funcionalidad, la compatibilidad y la interoperabilidad de Bingo Blitz en la descripción anterior e información adicional de la tienda de aplicaciones.

Al descargar este juego, acepta futuras actualizaciones del juego tal como se publiquen en su tienda de aplicaciones o red social. Puede optar por actualizar este juego, pero si no lo hace, su experiencia de juego y funcionalidades pueden verse reducidas.

Términos del servicio: https://www.playtika.com/terms-service/
Aviso de privacidad: https://www.playtika.com/privacy-notice/",4.429238,1417570.0,2475.0
air.com.flipline.papascheeseriatogo,Papa's Cheeseria To Go!,Estrategia,https://play.google.com/store/apps/details?id=air.com.flipline.papascheeseriatogo&hl=es&gl=es,"-- SOBRE EL JUEGO --

¡Papa's Cheeseria inaugura su gran inauguración con una actuación especial de la enérgica banda Scarlett and the Shakers! Desafortunadamente, el concierto se cancela cuando roban todo el equipo musical, y tendrás que buscar trabajo para poder comprar instrumentos nuevos para la banda. Por suerte, Papa Louie tiene la solución perfecta: ¡te encarga la preparación de sándwiches de queso a la plancha en su nuevo restaurante!

Prepara sándwiches con deliciosos panes, quesos derretidos y una amplia variedad de ingredientes y salsas para un sándwich de queso a la plancha gourmet. Cocina y voltea los sándwiches para que queden en su punto justo, y termina los pedidos de tus clientes con una ración abundante de papas fritas recién hechas cubiertas con sus salsas y ingredientes favoritos. El pueblo de Toastwood celebrará diferentes festividades a lo largo del año, y desbloquearás nuevos ingredientes festivos a medida que sirves deliciosos sándwiches de temporada.

 -- CARACTERÍSTICAS DEL JUEGO --

NUEVAS CARACTERÍSTICAS - ¡Todas tus características favoritas de otras versiones de los restaurantes de Papa's ahora están disponibles en este juego ""Para Llevar"", rediseñado y reimaginado para pantallas más pequeñas!

SABORES FESTIVOS - ¡Celebra las fiestas en Toastwood con deliciosos sabores navideños! Tus clientes pedirán sándwiches repletos de ingredientes de temporada. Desbloquearás nuevos panes, quesos, ingredientes y salsas para cada festividad del año, y a tus clientes les encantará probar estos sabores festivos. ¡Esta nueva versión también incluye ingredientes y salsas navideñas para las papas fritas!

SIRVE RECETAS ESPECIALES - ¡Obtén recetas especiales de tus clientes y sírvelas como el especial del día en la Quesería! Cada especial tiene una bonificación que puedes obtener al servir un ejemplo perfecto de esa receta. ¡Domina cada especial para ganar un premio especial!

PERSONALIZA A TUS TRABAJADORES - ¡Juega como Scarlett o Rudy, o crea tu propio personaje para unirte a la banda y trabajar en la sandwichería! También puedes presumir de tu espíritu navideño con una enorme variedad de atuendos y ropa para tus empleados. ¡Elige combinaciones de colores únicas para cada prenda y crea tu propio estilo con millones de combinaciones!

ENTREGA ESPECIAL: Algunos clientes no quieren ir hasta Toastwood para comer queso a la plancha. Cuando empieces a aceptar pedidos por teléfono, los clientes podrán llamar para hacer su pedido y, en su lugar, contratarás a un conductor para que les lleve y entregue los pedidos a domicilio.

COLECCIONA PEGATINAS: Completa diversas tareas y logros mientras juegas para ganar PEGATINAS coloridas para tu colección. Cada cliente tiene un conjunto de tres PEGATINAS favoritas: ¡Consigue las tres y recibirás un atuendo nuevo para regalarle!

DECORA LA TIENDA: Personaliza el vestíbulo de Cheeseria con muebles y decoraciones temáticas para cada festividad del año. Combina tus estilos favoritos o añade artículos que combinen con la festividad actual para que a los clientes no les importe esperar más por su comida.

RECORTE DE CUPONES: ¿Echas de menos a tu cliente favorito? ¡Envíales un cupón con la ayuda de tu amable cartero, Vincent! A los clientes les encantan las buenas ofertas y llegarán enseguida a pedir otra comida. ¡Los cupones son geniales para completar misiones y conseguir pegatinas, además de para subir de nivel estratégicamente a los clientes!

MINIJUEGOS DIARIOS: Juega a los famosos minijuegos de Foodini después de cada jornada laboral para conseguir muebles nuevos para tu vestíbulo y ropa nueva para tus empleados.

-- MÁS CARACTERÍSTICAS--

-- Una tienda de sándwiches práctica en el universo de Papa Louie
-- Nuevos controles y funciones de juego diseñados para pantallas táctiles
-- Multitarea: construye, asa y prepara papas fritas
-- Chefs y conductores personalizados
-- 12 festividades distintas para desbloquear, cada una con más ingredientes
-- Consigue y domina 40 recetas especiales únicas
-- 90 pegatinas de colores para ganar al completar tareas
-- 124 clientes para atender con pedidos únicos
-- Usa pegatinas para desbloquear nuevos atuendos para tus clientes
-- 125 ingredientes para desbloquear",4.7391305,2293.0,2.0
air.com.flipline.papascluckeriatogo,Papa's Cluckeria To Go!,Estrategia,https://play.google.com/store/apps/details?id=air.com.flipline.papascluckeriatogo&hl=es&gl=es,"-- SOBRE EL JUEGO --

¡La Guerra de los Sándwiches de Pollo ha comenzado! Cuando Papa Louie abre el primer restaurante de sándwiches de pollo en Oilseed Springs, ¡chefs rivales aparecen repentinamente en el pueblo para hacerle la competencia! Estarás a cargo de Papa's Cluckeria, donde empanarás, rebozarás y freirás alimentos para crear una variedad de sándwiches diferentes. Llena los sándwiches con ingredientes y salsas, y crea refrescantes granizados para servir a tus clientes más exigentes. ¡Ábrete paso durante las fiestas sirviendo sándwiches y granizados de temporada, desbloquea nuevos ingredientes y gana Especiales del Día con deliciosas recetas de sándwiches, e intenta superar a la competencia!

-- CARACTERÍSTICAS DEL JUEGO --

PAN, REBOZA Y FRÍE - Cubre el pollo con diversas opciones de empanizado y rebozado, ¡y luego mételo en la freidora para cocinarlo a la perfección! Papa Louie necesita sacar ventaja a la competencia, así que con el tiempo podría empezar a freír otros alimentos además del pollo.

 SÁNDWICHES APILABLES: Elige entre una variedad de panecillos y crea un delicioso sándwich repleto de carnes fritas, quesos, ingredientes y salsas.

GRANADOS EN REMOLINO: Los clientes pedirán un refrescante granizado en remolino para acompañar su sándwich. Agrega el hielo y los jarabes de sabores al vaso y espera a que la máquina de granizados combine los sabores para obtener un capricho vibrante y delicioso.

SABORES FESTIVOS: A medida que subas de nivel, las estaciones y festividades en Oilseed Springs cambiarán, ¡y tus clientes empezarán a pedir comidas con temática navideña! Desbloquearás nuevos sabores de granizados, panecillos, ingredientes y salsas para cada festividad del año, ¡y a tus clientes les encantará probar estos nuevos sabores festivos!

SIRVE RECETAS ESPECIALES: ¡Obtén recetas especiales de tus clientes y sírvelas como el especial del día en la Cluckeria! Cada especial tiene una bonificación que puedes obtener al servir un ejemplo perfecto de esa receta. ¡Domina cada especial para ganar un premio especial!

 PERSONALIZA A TUS TRABAJADORES: ¡Juega como Wylan B u Olivia, o crea tu propio personaje para trabajar en el restaurante! También puedes mostrar tu espíritu navideño con una gran variedad de atuendos y ropa para tus empleados. ¡Elige combinaciones de colores únicas para cada prenda y crea tu propio estilo con millones de combinaciones!

ENTREGA ESPECIAL: Algunos clientes no quieren viajar hasta Oilseed Springs para comprar sus sándwiches. Cuando empieces a tomar pedidos por teléfono, los clientes podrán llamar para hacer su pedido y, en su lugar, contratarás a un conductor para que les lleve y entregue los pedidos a domicilio.

DIVERSIÓN EN EL FOOD TRUCK: Después de contratar a un conductor, ¡puedes enviarlo en un Food Truck entre días para que sirva lo que quieras! Usa tu imaginación para crear tus propios sándwiches únicos, luego sírvelos desde el Food Truck y a ver quién viene a probarlos. ¡Incluso puedes mezclar y combinar ingredientes de diferentes festividades en el Food Truck para crear combinaciones creativas!

COLECCIONA PEGATINAS: Completa diversas tareas y logros mientras juegas para ganar PEGATINAS coloridas para tu colección. Cada cliente tiene un conjunto de tres pegatinas favoritas: ¡Consíguelas y recibirás un atuendo nuevo para regalarle!

Y MUCHO MÁS: Decora el vestíbulo con muebles navideños temáticos, envía cupones a tus clientes para animarlos a visitar el restaurante y juega a los minijuegos de Foodini después de cada jornada laboral para ganar muebles y ropa nuevos.

-- MÁS CARACTERÍSTICAS--

-- Tienda de sándwiches de pollo práctica en el universo de Papa Louie
-- Realiza múltiples tareas: fríe alimentos, prepara sándwiches y prepara granizados
-- Chefs y conductores personalizados
-- 12 festividades diferentes para desbloquear, cada una con más ingredientes
-- Consigue y domina 40 recetas especiales únicas
-- 90 pegatinas de colores para ganar al completar tareas
-- 141 clientes para atender con pedidos únicos
-- Usa pegatinas para desbloquear nuevos atuendos para tus clientes
-- 149 ingredientes para desbloquear",4.7727275,2122.0,9.0
air.com.flipline.papasdonuteriatogo,Papa's Donuteria To Go!,Estrategia,https://play.google.com/store/apps/details?id=air.com.flipline.papasdonuteriatogo&hl=es&gl=es,"¡Fríe y sirve deliciosas donas en Papa's Donuteria To Go!

-- SOBRE EL JUEGO --

¡Acabas de conseguir un nuevo trabajo en Papa's Donuteria, en el encantador pueblo de Powder Point! El sueldo y los beneficios son buenos, pero aceptaste el trabajo para conseguir el codiciado pase de acceso al parque de atracciones que está justo afuera de la tienda. Pero no todo es diversión: ahora también tendrás que cocinar deliciosas donas todos los días para todos los clientes más alocados de este pueblo con aires de carnaval.

Tendrás que preparar donas con diversas masas y formas, luego freírlas y cocinarlas por ambos lados hasta que estén en su punto. Termina las deliciosas donas con deliciosos rellenos, glaseado y coberturas antes de servirlas a tus hambrientos clientes. Quienes visitan por primera vez puede que solo pidan una dona para probar, ¡pero los que repiten no se cansarán y empezarán a pedir más donas cuando vuelvan! Powder Point también celebra diferentes festividades durante todo el año, ¡así que prepárate para desbloquear nuevos ingredientes festivos mientras juegas durante las fiestas!

 -- CARACTERÍSTICAS DEL JUEGO --

NUEVAS CARACTERÍSTICAS - ¡Todas tus características favoritas de otras versiones de los restaurantes de Papa's ahora están disponibles en este juego ""Para Llevar"", rediseñado y reimaginado para pantallas más pequeñas!

SABORES FESTIVOS - ¡Celebra las fiestas en Powder Point con deliciosos sabores navideños! Tus clientes pedirán donas con una increíble variedad de ingredientes de temporada. Desbloquearás nuevas formas de donas, rellenos, glaseados, coberturas y aderezos para cada festividad del año, y a tus clientes les encantará probar nuevos y deliciosos sabores.

SIRVE RECETAS ESPECIALES - ¡Obtén recetas especiales de tus clientes y sírvelas como el Especial del Día en la Donutería! Cada especial tiene una bonificación que puedes obtener al servir un ejemplo perfecto de esa receta. ¡Domina cada especial para ganar un premio especial!

PERSONALIZA A TUS TRABAJADORES - ¡Juega como Tony o Scooter, o crea tu propio personaje personalizado para trabajar en la tienda de donas! También puedes mostrar tu espíritu navideño con una gran variedad de atuendos y ropa para tus trabajadores. Elige combinaciones de colores únicas para cada prenda y crea tu propio estilo con millones de combinaciones.

ENTREGA ESPECIAL: ¡Algunos clientes no quieren ir hasta el parque de diversiones para comprar sus donas! Cuando empieces a recibir pedidos por teléfono, podrán llamar para hacer su pedido de donas y tú contratarás a un conductor para que les lleve y entregue los pedidos a domicilio.

COLECCIONA PEGATINAS: Completa diversas tareas y logros mientras juegas para ganar coloridas pegatinas para tu colección. Cada cliente tiene un conjunto de tres pegatinas favoritas: ¡Consíguelas y recibirás un atuendo nuevo para regalarle!

DECORA LA TIENDA: Personaliza el vestíbulo de la Donutería con muebles y decoraciones temáticas para cada festividad del año. Combina tus estilos favoritos o añade artículos que combinen con la festividad actual para que a los clientes no les importe esperar más por su comida.

RECORTE DE CUPONES: ¿Echas de menos a tu cliente favorito? ¡Envíale un cupón con la ayuda de tu amable cartero, Vincent! A los clientes les encantan las buenas ofertas y llegarán enseguida a pedir otra comida. ¡Los cupones son geniales para completar misiones, conseguir pegatinas y subir de nivel estratégicamente a los clientes!

MINIJUEGOS DIARIOS: Juega a los famosos minijuegos de Foodini después de cada jornada laboral para conseguir muebles nuevos para tu vestíbulo y ropa nueva para tus empleados.

-- MÁS CARACTERÍSTICAS--

-- Una tienda de donas práctica en el universo de Papa Louie
-- Nuevos controles y funciones de juego diseñados para pantallas táctiles
-- Prepara, fríe, rellena y cubre
-- Chefs y conductores personalizados
-- 12 festividades distintas para desbloquear, cada una con más ingredientes
-- Consigue y domina 40 recetas especiales únicas
-- 90 pegatinas de colores para ganar al completar tareas
-- 121 clientes para atender con pedidos únicos
-- Usa pegatinas para desbloquear nuevos atuendos para tus clientes
-- 117 ingredientes para desbloquear",4.75,2610.0,6.0
air.com.flipline.papasmochariatogo,Papa's Mocharia To Go!,Estrategia,https://play.google.com/store/apps/details?id=air.com.flipline.papasmochariatogo&hl=es&gl=es,"¡Prepara deliciosos cafés y cannolis en Papa's Mocharia To Go!

-- SOBRE EL JUEGO --

Papa Louie ha abierto una nueva cafetería en New Pepperton, que ofrece una variedad de cafés en capas personalizados llamados Papaccinos. Tras solicitar un trabajo como barista en Papa's Mocharia, te enteras de que se está rodando una película de un año sobre la cafetería, ¡y ahora eres la estrella principal! Bajo la atenta mirada del equipo del documental, prepararás espresso, vaporizarás y espumarás leche, y crearás llamativas bebidas en capas para tus clientes más exigentes. Adelántate durante las fiestas sirviendo café y cannolis de temporada, desbloquea nuevos ingredientes y gana Especiales del Día con deliciosas recetas de latte y macchiato.

-- CARACTERÍSTICAS DEL JUEGO --

PREPARA ESPRESSO Y BEBIDAS EN CAPAS: Usa las máquinas de café para preparar espressos recién hechos y vaporizar y espumar leche para las bebidas de los clientes. En la Estación de Construcción, prepararás capas de espresso y leche en una taza grande, junto con polvos de colores y jarabes de sabores, creando un delicioso latte en capas con un sabor tan delicioso como su apariencia. Completa la bebida con coberturas, cremas batidas y lloviznas para darle el toque final.

CREA CANNOLI: Los clientes pedirán un cannoli personalizado junto con sus Papaccino. Elige la base del cannoli, alinea las boquillas para llenarla de crema y decora el cannoli con deliciosos ingredientes para obtener el dulce perfecto para disfrutar con un café.

SABORES FESTIVOS: ¡Celebra las fiestas con deliciosos sabores navideños! A medida que subas de nivel, las estaciones y las festividades en New Pepperton cambiarán, y tus clientes comenzarán a pedir bebidas y cannoli con temática navideña. Desbloquearás nuevos jarabes, polvos, lácteos, batidoras, cremas y bases de cannoli para cada festividad del año, ¡y a tus clientes les encantará probar estos nuevos sabores festivos!

 SIRVE RECETAS ESPECIALES: ¡Consigue recetas especiales de tus clientes y sírvelas como el especial del día en Mocharia! Cada especial tiene una bonificación que puedes obtener al servir un ejemplo perfecto de esa receta. ¡Domina cada especial para ganar un premio especial!

PERSONALIZA A TUS TRABAJADORES: ¡Juega como Allan o Akari o crea tu propio personaje para trabajar en la cafetería! También puedes mostrar tu espíritu navideño con una gran variedad de atuendos y ropa para tus empleados. ¡Elige combinaciones de colores únicas para cada prenda y crea tu propio estilo con millones de combinaciones!

ENTREGA ESPECIAL: Algunos clientes no quieren viajar hasta New Pepperton para comprar su café. Cuando empieces a tomar pedidos por teléfono, los clientes podrán llamar para hacer su pedido y, en su lugar, contratarás a un conductor para que les ayude a llevar y entregar los pedidos a domicilio.

COLECCIONA PEGATINAS: Completa diversas tareas y logros mientras juegas para ganar PEGATINAS coloridas para tu colección. Cada cliente tiene un conjunto de tres pegatinas favoritas: ¡Consíguelas y recibirás un atuendo nuevo para regalarle!

DECORA LA TIENDA: Personaliza el vestíbulo de Mocharia con muebles y decoraciones temáticas para cada festividad del año. Combina tus estilos favoritos o añade artículos que combinen con la festividad actual para que los clientes no tengan que esperar más tiempo por su pedido.

-- MÁS CARACTERÍSTICAS--

- Cafetería práctica en el universo de Papa Louie
- Realiza múltiples tareas: prepara café, calienta leche, combina bebidas y crea cannoli
- Chefs y conductores personalizados
- 12 festividades diferentes para desbloquear, cada una con más ingredientes
- Consigue y domina 40 recetas especiales únicas
- 90 pegatinas de colores para ganar al completar tareas
- 135 clientes para atender con pedidos únicos
- Usa pegatinas para desbloquear nuevos atuendos para tus clientes
- 124 ingredientes para desbloquear",4.857143,2997.0,13.0
air.com.flipline.papaspancakeriahd,Papa's Pancakeria HD,Estrategia,https://play.google.com/store/apps/details?id=air.com.flipline.papaspancakeriahd&hl=es&gl=es,"¡Luce tu mejor versión con panqueques, waffles y mucho más de temporada en Papa's Pancakeria HD!

-- SOBRE EL JUEGO --

Después de buscar por todas partes a tu mascota perdida, recibes una llamada sorpresa: la encontraron en Papa's Pancakeria en Maple Mountain. Papa Louie tiene una agenda muy apretada, pero como a tu mascota le encanta el restaurante, ¡te ha dejado la Pancakeria para que te encargues de ella mientras él no está! ¡Estarás hasta las rodillas en masa mientras preparas esponjosos panqueques, waffles dorados y montañas de tostadas francesas calientes para tus clientes durante todas las estaciones del año!

Cada estación del restaurante es un proceso práctico, y tendrás que alternar entre ellas para estar al día con los pedidos. Vierte la masa en la plancha, añade ingredientes para mezclar y revisa constantemente para voltear las tortitas a la mitad. ¡Llena los platos con panqueques, jarabes y deliciosos ingredientes que cambian con cada festividad! Añade un vaso de jugo refrescante o una taza de café caliente para completar el desayuno y ¡sirve la comida a tus hambrientos clientes!

-- CARACTERÍSTICAS DEL JUEGO --

¡Celebra las estaciones con nuevos sabores navideños! Con el cambio de estaciones en Maple Mountain, tus clientes pedirán sus panqueques, waffles y tostadas francesas con nuevos ingredientes de temporada. Desbloquearás nuevos jarabes, múltiples ingredientes y bebidas para cada festividad del año, y a tus clientes les encantará probar nuevos sabores para un desayuno festivo.

Juega como Cooper buscando a su gata perdida, Cookie, o como Prudence con su adorable perro Pickle. ¡O crea tu propio personaje y mascota! También puedes mostrar tu espíritu navideño con una gran variedad de nuevos atuendos y ropa navideña, ahora disponibles para tabletas. ¡Elige combinaciones de colores únicas para cada prenda y crea tu propio estilo con millones de combinaciones!

Ocasionalmente, los clientes te traerán Recetas Especiales únicas, que puedes servir como Especial del Día en el restaurante. Cada Especial también tiene una bonificación que puedes obtener al servir un ejemplo perfecto de esa receta. Cuando sirvas suficientes Especiales para dominar esa receta, ¡ganarás un premio especial!

¿Echas de menos a tu cliente favorito? ¡Por qué no le envías cupones con la ayuda de tu amable cartero, Vincent! A los clientes les encantan las buenas ofertas y llegarán enseguida para pedir más comida. ¡Los cupones son geniales para completar misiones con pegatinas y para subir de nivel estratégicamente a los clientes!

¡Vuelve el vestíbulo personalizable con nuevos temas de muebles y decoraciones para cada festividad del año! Decora el restaurante con adornos navideños y a tus clientes no les importará esperar aún más por su comida.

Juega a los famosos minijuegos de Foodini para conseguir muebles nuevos para tu vestíbulo y ropa nueva para tus empleados. También puedes visitar la tienda después de cada jornada laboral para encontrar un amplio armario de ropa, un montón de muebles para tu vestíbulo y una variedad de útiles mejoras para el restaurante que puedes comprar con tus propinas ganadas con esfuerzo.

Vuelve la colección de pegatinas de Papa, que puedes conseguir completando una gran variedad de tareas y logros mientras juegas. Cada cliente tiene un conjunto de tres pegatinas favoritas: ¡Consíguelas y recibirás un atuendo nuevo para regalarle!

-- MÁS CARACTERÍSTICAS--

- Una tienda de panqueques práctica en el universo de Papa Louie
-- Actualizado y remasterizado para tabletas
-- Disfruta cocinando, creando y sirviendo bebidas
-- Consigue y domina 40 recetas especiales únicas
-- 90 pegatinas coloridas que obtienes al completar tareas
-- 12 festividades diferentes para desbloquear, cada una con más ingredientes
-- ¡Chefs, meseros y MASCOTAS personalizados!
-- Montones de muebles y ropa para decorar tu tienda y a tus trabajadores
-- Compra mejoras para la tienda con las propinas que ganes
-- 108 clientes para atender con pedidos únicos
-- Usa pegatinas para desbloquear nuevos atuendos para tus clientes
-- Más de 75 ingredientes para desbloquear
-- 7 emocionantes minijuegos para jugar después de cada jornada laboral",0.0,0.0,0.0
air.com.flipline.papaspancakeriatogo,Papa's Pancakeria To Go!,Estrategia,https://play.google.com/store/apps/details?id=air.com.flipline.papaspancakeriatogo&hl=es&gl=es,"-- SOBRE EL JUEGO --

Mientras buscas a tu mascota perdida, recibes una llamada de Papa Louie con buenas noticias: Tu mascota fue encontrada en la Panquequería de Papa en Maple Mountain, y como a tu mascota le encanta el restaurante, ¡Papa Louie decidió dejarte encargarte de la Panquequería mientras él no está!

Estarás ocupado haciendo varias cosas a la vez mientras tus clientes piden esponjosos panqueques, waffles dorados, tostadas francesas calientes y deliciosas bebidas en todas las estaciones del año. Vierte la masa en la plancha, añade ingredientes para mezclar y revisa constantemente para voltear las tortitas a la mitad. Llena sus platos con panqueques, jarabes y coberturas que cambian según cada festividad. Agrega una taza de café caliente o un refrescante vaso de jugo para completar el desayuno y sirve la comida a tus hambrientos clientes. Los clientes también pueden hacer pedidos por teléfono, ¡así que contrata a un conductor para que les lleve un desayuno caliente directamente a sus puertas!

 -- CARACTERÍSTICAS DEL JUEGO --

NUEVAS CARACTERÍSTICAS - ¡Todas tus funciones favoritas de otras versiones de los restaurantes de Papa's ahora están disponibles en este juego ""Para Llevar"", rediseñado y reimaginado para pantallas más pequeñas!

SABORES FESTIVOS - ¡Celebra las fiestas con nuevos sabores navideños! Con el cambio de estación en Maple Mountain, tus clientes pedirán sus panqueques, waffles y tostadas francesas con nuevos ingredientes de temporada. Desbloquearás nuevos jarabes, coberturas y bebidas para cada festividad del año, y a tus clientes les encantará probar nuevos sabores para un desayuno festivo.

SIRVE RECETAS ESPECIALES - ¡Obtén recetas especiales de tus clientes y sírvelas como el especial del día en la Pancakería! Cada especial tiene una bonificación que puedes obtener al servir un ejemplo perfecto de esa receta. ¡Domina cada especial para ganar un premio especial!

PERSONALIZA A TUS TRABAJADORES Y A TU MASCOTA - Juega como Cooper buscando a su gata perdida Cookie, o como Prudence con su adorable perro Pickle, ¡o crea tu propio personaje personalizado con tu mascota! También puedes presumir de tu espíritu navideño con una enorme variedad de atuendos y ropa para tus empleados. ¡Elige combinaciones de colores únicas para cada prenda y crea tu propio estilo con millones de combinaciones!

ENTREGA ESPECIAL: Cuando empieces a atender pedidos telefónicos, los clientes podrán llamar para pedir su desayuno y contratarás a un conductor para que te ayude a llevar y entregar los pedidos a sus casas.

COLECCIONA PEGATINAS: Completa diversas tareas y logros mientras juegas para ganar coloridas PEGATINAS para tu colección. Cada cliente tiene un conjunto de tres PEGATINAS favoritas: ¡Consíguelas y recibirás un atuendo nuevo para regalarle!

DECORA LA TIENDA: Personaliza el vestíbulo de Pancakeria con muebles y decoraciones temáticas para cada festividad del año. Combina tus estilos favoritos o añade artículos que combinen con la festividad actual para que a los clientes no les importe esperar más tiempo por su comida.

RECORTE DE CUPONES: ¿Echas de menos a tu cliente favorito? ¡Envíale un cupón con la ayuda de tu amable cartero, Vincent! A los clientes les encantan las buenas ofertas y llegarán enseguida a pedir otra comida. ¡Los cupones son geniales para completar misiones y conseguir pegatinas, y para subir de nivel estratégicamente a los clientes!

MINIJUEGOS DIARIOS: Juega a los famosos minijuegos de Foodini después de cada jornada laboral para conseguir muebles nuevos para tu vestíbulo y ropa nueva para tus empleados.

-- MÁS CARACTERÍSTICAS--

-- Una tienda de panqueques práctica en el universo de Papa Louie
-- Nuevos controles y funciones de juego diseñados para pantallas pequeñas
-- Multitarea: cocina, crea y sirve bebidas
-- ¡Chefs, conductores y mascotas personalizados! - 12 festividades distintas para desbloquear, cada una con más ingredientes
- Consigue y domina 40 recetas especiales únicas
- 90 stickers de colores para ganar al completar tareas
- 117 clientes para atender con pedidos únicos
- Usa stickers para desbloquear nuevos atuendos para tus clientes
- Más de 75 ingredientes para desbloquear

** NOTA PARA USUARIOS DE TABLETAS **

Papa's Pancakeria To Go está diseñado especialmente para pantallas pequeñas. ¡Busca Papa's Pancakeria HD para tabletas!",4.7272725,2045.0,6.0
air.com.flipline.papaspizzeriatogo,Papa's Pizzeria To Go!,Estrategia,https://play.google.com/store/apps/details?id=air.com.flipline.papaspizzeriatogo&hl=es&gl=es,"¡Cubre, hornea y sirve pizzas en Papa's Pizzeria To Go! Esta nueva versión del clásico simulador de restaurantes incluye una jugabilidad actualizada y controles totalmente nuevos, rediseñados para pantallas más pequeñas.

Tendrás que moverte entre cada área de la pizzería, con nuevos controles diseñados para que funcionen a la perfección. Dirígete a la Estación de Pedidos para ver a los clientes que esperan en el vestíbulo. Cambia a la Estación de Ingredientes para añadir una variedad de ingredientes a cada pizza. Muévete a la Estación de Horneado para cocinar las pizzas en el horno hasta que estén en su punto justo. Salta a la Estación de Corte para cortar la pizza en porciones perfectas. Cada estación es una experiencia práctica, donde tendrás que arrastrar, deslizar y tocar para avanzar en el proceso de creación de pizzas.

Mantén a tus clientes contentos para ganar más puntos y subir de nivel. A medida que subas de nivel, desbloquearás nuevos ingredientes en la tienda y nuevos clientes empezarán a visitar la pizzería. Una pizza bien hecha también te da propinas, que puedes gastar en mejoras y decoraciones para el vestíbulo.

** NUEVO EN PAPA'S PIZZERIA TO GO **

Papa's Pizzeria To Go ha sido rediseñado y reinventado para pantallas más pequeñas, ¡así que tus dedos no te molestarán en la acción!

CONTROLA CON LOS PULGARES: Cambiarás de estación usando los botones en las esquinas de la pantalla, ideales para tus pulgares. También puedes usar los botones en las esquinas superiores para cambiar rápidamente de ticket de pedido y verlos todos con zoom para facilitar su lectura.

ESTACIÓN DE INGREDIENTES: Hemos rediseñado completamente la estación de ingredientes para pantallas más pequeñas. Puedes desplazarte por las bandejas de ingredientes con el pulgar, lo que nos permite tener muchos más ingredientes que en el juego original. Toca una bandeja para seleccionar ese ingrediente y luego toca varias veces la pizza para añadir ingredientes directamente. No necesitas arrastrar ingredientes individuales sobre la pizza, ¡así que puedes agregarlos más rápido que nunca! Un rápido toque sobre la pizza la enviará a la Estación de Horneado.

ESTACIÓN DE HORNEADO: ¡El horno de carbón de Papa Louie se ha mejorado! Puedes comprar nuevas Alarmas de Horno en la Tienda para controlar las pizzas en el horno. Simplemente arrastra una alarma sobre uno de los temporizadores del horno y escucharás una alerta cuando la pizza esté en su punto. ¡Compra nuevos Potenciadores de Horno para cocinar tus pizzas aún más rápido!

ESTACIÓN DE CORTE: Cuando llegue el momento de cortar pizzas, simplemente toca y arrastra una línea a lo largo de la pizza para decidir dónde cortar. Si quieres aún más control para afinar tus porciones, ¡también puedes cortar con la función multitáctil! Usa dos dedos o pulgares para mover cada extremo de la línea al mismo tiempo y suéltalos para cortar la pizza. Si tienes problemas para cortar pizzas en el ángulo correcto, compra diversas Guías de Corte en la Tienda para cortar la porción perfecta.

 NUEVOS INGREDIENTES: Hemos añadido un montón de ingredientes nuevos que no se encuentran en la Pizzería Papa's original. ¡A medida que juegas, desbloquearás 26 ingredientes únicos para servir a tus clientes!

PERSONALIZA TU VESTÍBULO: Puedes gastar tus propinas ganadas con esfuerzo en la Tienda, donde encontrarás una variedad de pósteres, mesas, decoraciones y estilos de papel tapiz para tu vestíbulo. Usa la nueva herramienta del Vestíbulo para añadir artículos a tu restaurante y moverlos y organizarlos como quieras. Elige entre más de 140 artículos de personalización, y cada artículo que añadas al vestíbulo mejorará tu puntuación de espera para tus clientes.

CARACTERÍSTICAS ACTUALIZADAS: Atiende a los clientes más exigentes al final del día, gana dinero mientras juegas e intenta complacer al crítico gastronómico más exigente para ganar un Listón Azul.

 **CARACTERÍSTICAS DEL JUEGO**

- Una pizzería práctica en el universo de Papa Louie
- Nuevos controles y jugabilidad diseñados para pantallas pequeñas
- Multitarea: prepara ingredientes, hornea y corta
- Compra mejoras, muebles y pósteres con tus consejos del juego
- Nuevo editor de vestíbulo para personalizar y decorar tu pizzería
- 90 clientes para desbloquear con pedidos únicos
- Cierres desafiantes y crítico gastronómico
- 75 logros del juego para conseguir",4.375,7760.0,19.0
air.com.flipline.papassushiriatogo,Papa's Sushiria To Go!,Estrategia,https://play.google.com/store/apps/details?id=air.com.flipline.papassushiriatogo&hl=es&gl=es,"¡Corta y sirve delicioso sushi en Papa's Sushiria To Go!

-- SOBRE EL JUEGO --

Tu visita al nuevo restaurante de Papa Louie se complica cuando rompes la estatua del gato de la suerte que está afuera. ¿Será esto la causa del decepcionante día de apertura del restaurante? Cuando Papa Louie se embarca en una misión para encontrar una nueva estatua, te quedas a cargo de Papa's Sushiria, ¡donde deberás dominar el arte de preparar sushi!

Deberás cocinar, sazonar y extender el arroz sobre papel nori y papel de soja usando la olla todo en uno ""Sushi Square"". Agrega rellenos al sushi y enróllalo antes de colocar los ingredientes y rociar las salsas por encima. Corta el sushi en bocados y prepara un delicioso té de burbujas para acompañar el pedido antes de servirlo a tus hambrientos clientes. Sakura Bay celebra diferentes festividades a lo largo del año, y desbloquearás nuevos ingredientes de temporada a medida que preparas sushi y tés festivos.

 -- CARACTERÍSTICAS DEL JUEGO --

NUEVAS CARACTERÍSTICAS - ¡Todas tus características favoritas de otras versiones de los restaurantes de Papa's ahora están disponibles en este juego ""Para Llevar"", rediseñado y reimaginado para pantallas más pequeñas!

SABORES FESTIVOS - ¡Celebra las fiestas en Sakura Bay con deliciosos sabores navideños! Tus clientes pedirán sushi delicioso elaborado con ingredientes de temporada. Desbloquearás nuevos rellenos, papel de soya, salsas, coberturas y sabores de té para cada festividad del año, y a tus clientes les encantará probar estos sabores festivos en sus rollos de sushi.

SIRVE RECETAS ESPECIALES - ¡Obtén recetas especiales de tus clientes y sírvelas como el especial del día en la Sushiria! Cada especial tiene una bonificación que puedes obtener al servir un ejemplo perfecto de esa receta. ¡Domina cada especial para ganar un premio especial!

PERSONALIZA A TUS TRABAJADORES - ¡Juega como Matt o Clover, o crea tu propio personaje personalizado para trabajar en el restaurante de sushi! También puedes mostrar tu espíritu navideño con una gran variedad de atuendos y ropa para tus trabajadores. Elige combinaciones de colores únicas para cada prenda y crea tu propio estilo con millones de combinaciones.

ENTREGA ESPECIAL: Algunos clientes no quieren viajar hasta Sakura Bay para conseguir sushi fresco. Cuando empieces a recibir pedidos por teléfono, podrán llamar para hacer su pedido y contratarás a un conductor para que les lleve y entregue los pedidos a domicilio.

COLECCIONA PEGATINAS: Completa diversas tareas y logros mientras juegas para ganar PEGATINAS coloridas para tu colección. Cada cliente tiene un conjunto de tres PEGATINAS favoritas: ¡Consíguelas y recibirás un atuendo nuevo para regalarle!

DECORA LA TIENDA: Personaliza el vestíbulo de Sushiria con muebles y decoraciones temáticas para cada festividad del año. Combina tus estilos favoritos o añade artículos que combinen con la festividad actual para que a los clientes no les importe esperar más tiempo por su comida.

RECORTE DE CUPONES: ¿Echas de menos a tu cliente favorito? ¡Envíale un cupón con la ayuda de tu amable cartero, Vincent! A los clientes les encantan las buenas ofertas y llegarán enseguida para pedir otra comida. ¡Los cupones son geniales para completar misiones y conseguir pegatinas, y para subir de nivel estratégicamente a los clientes!

MINIJUEGOS DIARIOS: Juega a los famosos minijuegos de Foodini después de cada jornada laboral para conseguir muebles nuevos para tu vestíbulo y ropa nueva para tus empleados.

-- MÁS CARACTERÍSTICAS--

- Una tienda de sushi práctica en el universo de Papa Louie
- Nuevos controles y funciones de juego diseñados para pantallas táctiles
- Multitarea: cocina arroz, prepara y corta sushi, y prepara té de burbujas
- Chefs y conductores personalizados
- 12 festividades diferentes para desbloquear, cada una con más ingredientes
- Consigue y domina 40 recetas especiales únicas
- 90 pegatinas de colores para ganar al completar tareas
- 128 clientes para atender con pedidos únicos
- Usa pegatinas para desbloquear nuevos atuendos para tus clientes
- 146 ingredientes para desbloquear",4.923077,2113.0,4.0
air.com.flipline.papaswingeriatogo,Papa's Wingeria To Go!,Estrategia,https://play.google.com/store/apps/details?id=air.com.flipline.papaswingeriatogo&hl=es&gl=es,"¡Fríe y cocina un montón de alitas y demás en Papa's Wingeria To Go!

-- SOBRE EL JUEGO --

¡Es tu día de suerte! Tras ganar un viaje a la deslumbrante y glamurosa Starlight City, participa en el juego Mega Prize y gana el premio gordo: ¡Una nueva carrera en Papa's Wingeria!

Tendrás que manejar las freidoras y cocinar alitas de pollo en una variedad de deliciosas salsas. El restaurante es conocido por sus famosas alitas, pero también añadirás otras carnes al menú, además de una amplia variedad de deliciosas salsas y un montón de guarniciones y aderezos. Starlight City celebra diferentes festividades durante todo el año, así que prepárate para desbloquear nuevas salsas, guarniciones y aderezos festivos mientras juegas durante las fiestas.

Tus clientes esperan una presentación impecable, así que prepara las frituras con guarniciones y aderezos de forma que sean agradables a la vista... ¡y a sus estómagos! Vuelve la mecánica de juego de la serie, pero esta vez tendrás que centrarte especialmente en la presentación y en cómo colocar el plato con toda la comida. ¡Aprende diferentes patrones para colocar la comida y conseguir las mejores puntuaciones de tus clientes, además de grandes propinas para gastar en la Tienda!

-- CARACTERÍSTICAS DEL JUEGO --

NUEVAS CARACTERÍSTICAS - ¡Todas tus características favoritas de otras versiones de los restaurantes de Papa's ahora están disponibles en este juego ""Para Llevar"", rediseñado y reinventado para pantallas más pequeñas!

SABORES FESTIVOS - ¡Celebra las fiestas en Starlight City con nuevos sabores navideños! Tus clientes pedirán bandejas de alitas y otros productos con nuevos ingredientes de temporada. Desbloquearás nuevas salsas, guarniciones y aderezos para cada festividad del año, y a tus clientes les encantará probar nuevos y deliciosos sabores.

SIRVE RECETAS ESPECIALES - ¡Obtén recetas especiales de tus clientes y sírvelas como el Especial del Día en la Wingeria! Cada especial tiene una bonificación que puedes obtener al servir un ejemplo perfecto de esa receta. ¡Domina cada especial para ganar un premio especial!

PERSONALIZA A TUS TRABAJADORES: ¡Juega como Chuck o Mandi, o crea tu propio personaje para trabajar en Wingeria! También puedes mostrar tu espíritu navideño con una gran variedad de atuendos y ropa para tus trabajadores. ¡Elige combinaciones de colores únicas para cada prenda y crea tu propio estilo con millones de combinaciones!

ENTREGA ESPECIAL: Cuando empieces a atender pedidos telefónicos, los clientes podrán llamar para hacer su pedido de alitas y contratarás a un conductor para que les ayude a llevar y entregar los pedidos a domicilio.

COLECCIONA PEGATINAS: Completa diversas tareas y logros mientras juegas para ganar coloridas pegatinas para tu colección. Cada cliente tiene un conjunto de tres pegatinas favoritas: ¡Consíguelas y recibirás un atuendo nuevo para regalarle!

DECORA LA TIENDA: ¡Personaliza el vestíbulo de Wingeria con muebles y decoraciones temáticas para cada festividad del año! Combina tus estilos favoritos o añade artículos que combinen con la festividad actual para que a los clientes no les importe esperar más por su comida.

 RECORTAR CUPONES - ¿Echas de menos a tu cliente favorito? ¡Envíale un cupón con la ayuda de tu amable cartero, Vincent! A los clientes les encantan las buenas ofertas y llegarán enseguida para pedir otra comida. ¡Los cupones son geniales para completar misiones con pegatinas y para subir de nivel estratégicamente a los clientes!

MINIJUEGOS DIARIOS - Juega a los famosos minijuegos de Foodini después de cada jornada laboral para conseguir muebles nuevos para tu vestíbulo y ropa nueva para tus empleados.

 -- MÁS CARACTERÍSTICAS --

Restaurante de alitas práctico en el universo de Papa Louie
Nuevos controles y funciones de juego diseñados para pantallas pequeñas
Multitarea: freír, preparar salsas y construir
Chefs y conductores personalizados
12 festividades diferentes para desbloquear, cada una con más ingredientes
Consigue y domina 40 recetas especiales únicas
90 pegatinas de colores para ganar al completar tareas
119 clientes para atender con pedidos únicos
Usa pegatinas para desbloquear nuevos atuendos para tus clientes
95 ingredientes para desbloquear

** NOTA PARA USUARIOS DE TABLETAS **

Papa's Wingeria To Go está diseñado especialmente para pantallas pequeñas. ¡Busca Papa's Wingeria HD para tabletas!",4.9411764,1468.0,6.0
air.com.goodgamestudios.empirefourkingdoms,Empire: Four Kingdoms,Estrategia,https://play.google.com/store/apps/details?id=air.com.goodgamestudios.empirefourkingdoms&hl=es&gl=es,"¡Forja un poderoso imperio y lucha en batallas épicas contra millones de jugadores!
Como Lord y monarca, deberás construir una fortaleza poderosa y controlar el destino de tu reino en este galardonado juego medieval de estrategia MMO (multijugador masivo en línea).

¡Sírvete de tu estrategia para vencer a los enemigos!
Desbloquea a poderosos generales y usas sus aptitudes en tu beneficio. El tamaño del ejército no es lo es todo; a veces es más importante planificar bien cada movimiento de la forma más astuta. Cada general tiene talentos especiales que te darán ventaja y te permitirán derrotar a tus rivales, aunque solo cuando los uses bien. Planifica bien tu estrategia y descubre si puedes vencer a tus enemigos con astucia.

Conquista nuevas tierras en cuatro reinos emocionantes
Reúne a un ejército de valientes caballeros, equipa a tus despiadadas tropas con armas letales, mejora su calidad y envíalas a la batalla para que luchen bajo tu estandarte. Como es evidente, un gran imperio también necesita una férrea defensa, así que elige la estrategia adecuada para que el ejército enemigo huya despavorido.

Honor, gloria y riquezas
Gana recompensas obteniendo honor y gloria en combate, y gestiona el reino con inteligencia para acumular riquezas. Construye tu fortaleza desde los mismísimos cimientos y conviértela en la más poderosa de todo el territorio. Produce recursos y comercia con otros jugadores para expandir tu imperio a varios reinos. Cuantas más tierras, más súbditos ¡y más oro para ti!

Forja poderosas alianzas diplomáticas
Une fuerzas con tus amigos y otros Lords contra los enemigos y conquistad nuevas tierras juntos. Apoyaos los unos a los otros enviándoos recursos o tropas y echaos una mano para reconstruir el castillo tras un ataque. ¡Juntos podemos resistir!

Este MMO de estrategia medieval realista te transportará a una época en la que el poder lo era todo y solo los más fuertes sobrevivían. ¡Demuestra tu valía y conviértete en el Lord más poderoso y honorable de todo el territorio!

* Crea una civilización y conviértete en monarca en este juego de estrategia medieval.
* Lucha guerras épicas contra incontables jugadores en un mapa del mundo interactivo.
* Construye un castillo majestuoso capaz de resistir hasta a los rivales más fuertes.
* Forma un ejército de caballeros, arqueros, espadachines y más unidades.
* Forja una alianza imbatible con tus amigos y otros jugadores poderosos.
* Produce recursos y comercia con ellos para construir más de 60 edificios diferentes.
* Explora Empire: Four Kingdoms ¡y conviértete en toda una leyenda heroica!
* Actualizaciones con contenido y desafíos nuevos regulares.

Facebook: https://www.facebook.com/EmpireFourKingdoms
Política de privacidad, condiciones de uso y aviso legal: https://www.goodgamestudios.com/terms_es/
* Esta aplicación es completamente gratuita, aunque se necesita conexión a Internet para jugar y ofrece compras integradas opcionales.",3.933472,1300825.0,11085.0
air.com.hypah.io.slither,slither.io,Acción,https://play.google.com/store/apps/details?id=air.com.hypah.io.slither&hl=es&gl=es,"¡Juega contra otros jugadores en línea! ¿Podrás convertirte en el slither más largo?

Si tu cabeza toca a otro jugador, explotarás y se acabó la partida. Pero si otros chocan contigo, ¡ellos explotarán y podrás comerte sus restos!

En slither.io, tienes la oportunidad de ganar incluso siendo pequeño. Puedes esquivar a un jugador mucho más grande para derrotarlo, ¡sin importar lo grande que seas!

¡Descárgalo ahora y empieza a deslizarte! ¡Mucha suerte!",3.9783726,6571252.0,36798.0
air.com.littlebigsnake.littlebigsnake,Little Big Snake .io game,Casuales,https://play.google.com/store/apps/details?id=air.com.littlebigsnake.littlebigsnake&hl=es&gl=es,"Little Big Snake .io es un juego casual. ¡Este juego te permite conquistar el mundo de las serpientes! Haz crecer tu gusano para dominar a la competencia.
El juego Little Big Snake evoluciona la fórmula clásica de juegos de serpientes con mejoras permanentes y un rico sistema de progresión. Come. Crece. Conquista. Caza a tus rivales. Enfréntate a los mejores y asciende a la cima en este juego de estrategia.

Haz Crecer Tu Serpiente 
Comienza pequeño y crece devorando néctar, insectos, oponentes caídos y deliciosos bocaditos. Cuanto más comas, más grande y fuerte te vuelves. En este campo de batalla dinámico y en tiempo real, atrapa otras serpientes y supera a los rivales. Participa en batallas intensas y cacerías estratégicas. La dinámica de los gusanos en cada zona agrega desafíos adicionales, haciendo que cada movimiento sea crucial en los enfrentamientos de serpiente vs gusano, como en juegos como wormate, worms o slither.

Evoluciona y Progride 
Sube de nivel tu serpiente: desbloquea mejoras que aumentan la recuperación de energía, la velocidad de crecimiento y la eficiencia del néctar. A medida que avanzas por las zonas, te vuelves más fuerte, convirtiéndote en un formidable rival gusano en las batallas de serpientes. Ataca a los rivales con nuevas habilidades y supéralos en la batalla por la supremacía.

Reencarnación y Sigue Jugando 
La muerte no significa el final del juego. Cuando eres derrotado, regresas como un Juja bug — una criatura voladora con un movimiento único. Ayuda a tus compañeros, explora la worm zone y sigue contribuyendo al éxito de tu equipo. Esta mecánica única hace que la experiencia sea aún más envolvente.

Juega Solo o con Amigos 
Juega solo o con amigos. Coordina ataques, comparte espacio en el campo de batalla y domina la worm zone juntos. Disfruta de la emoción de batallar en diferentes zonas de serpientes y gusanos donde la estrategia y habilidad son clave.

Completa Misiones y Gana Recompensas 
Las misiones diarias y logros desbloqueables mantienen el juego fresco. Completa objetivos para ganar oro, abrir cofres del tesoro y acceder a contenido exclusivo.

Colecciona y Mejora Mascotas 
Desbloquea compañeros voladores que siguen a tu serpiente en la batalla. Las mascotas ofrecen beneficios únicos en las worm zones y se hacen más fuertes a medida que progresas, ayudándote en tus ataques y cacerías.

Personaliza Tu Estilo 
Elige skins, estelas y accesorios para hacer que tu serpiente destaque en la worm zone. Tu estilo es tu identidad. Mezcla y combina mientras navegas por las zonas y te preparas para enfrentamientos épicos.

Sube al Ranking Global 
Cada partida es una oportunidad para demostrar tu habilidad. Sigue tu progreso, compara estadísticas y asciende en el ranking global. Ya sea en la snake zone o batallando en la worm zone, siempre hay un nuevo desafío por conquistar. ¡Ataca y derrota a otros jugadores para escalar posiciones!

Domina las Dinámicas 
Emocionantes de Serpiente vs Gusano Domina las batallas de serpiente vs gusano en los encuentros de la worm zone. Deslízate por el terreno y supera a tus oponentes con estrategias inteligentes.

Desbloquea Niveles y Artículos Ocultos 
Colecciona llaves, artefactos y artículos especiales para desbloquear niveles secretos, misiones y mejoras. Estos te darán ventaja para dominar las zonas de serpientes y gusanos.

Conquista el Reino de las Serpientes Venenosas 
Enfréntate a serpientes venenosas en batallas de alto riesgo, usando habilidades mejoradas para derrotar a los rivales en las worm zones. Vence a enemigos peligrosos, ataca con precisión y reclama tu lugar como la serpiente más grande y temida.

¿Listo para unirte a la aventura de las serpientes definitiva? Little Big Snake es un juego muy adictivo. Evoluciona más allá de tus rivales. Caza, enfrenta y domina la arena. Conquista cada zona y domina las dinámicas de los gusanos y las serpientes.",4.423077,301065.0,390.0
air.com.noxgames.PuppetSoccer2014,Fútbol de títeres - Fútbol,Deportes,https://play.google.com/store/apps/details?id=air.com.noxgames.PuppetSoccer2014&hl=es&gl=es,"¡Aplasta el fútbol y marca goles en este adictivo juegos de futbol de títeres de bolsillo! Elige tu equipo favorito del gran equipo de la copa mundial y juega como un famoso futbolista. ¡Juega tácticamente ofensiva y defensiva a medida que asciendes en la Copa del Mundo 2019!
 
¡Con más de 32 países y más de 90 jugadores individuales, este juego de fútbol de la copa del mundo desafiará al mejor gerente principal! ¿Tienes lo que se necesita?

Características del Pocket Puppet Soccer:
⚽ 32 países
⚽ 90+ jugadores estrella de marionetas de dibujos animados
⚽ 10 juegos de bonificación especial: goma de mascar, hielo, limo de calcetín, yeso, súper / mini potencia y salto de primavera
⚽ Actualizaciones: kick, jump, speed.
⚽ Multip Multijugador de pantalla dividida para dos jugadores en un solo dispositivo móvil
⚽ Logros, puntuación más alta, gran jefe gerente
⚽ Copa del mundo de marionetas 2014 de noxgames en Brasil
⚽ La mejor física para balones y goles locos.

Elige tu gran equipo de cabeza y marca muchos goles. Puedes destruir a tus enemigos con patadas en el modo de un solo jugador o en el modo de 2 jugadores; juega con el juego divertido de un amigo. Practica patadas en perfecta simulación física y meta. Puedes saltar, pasar o foul. Comience olas mexicanas y vea a su jugador en la parte superior de las listas.

El juego es absolutamente personalizable: 4 opciones de control diferentes para garantizar que la experiencia del usuario sea la mejor. ¿Quién estará en tu equipo de fútbol? Es solo tu elección. Estadísticas altas significa nueva arena y nuevos jugadores.

Prueba la estrategia de defensa o el juego ofensivo o incluso el ala ancha y todo al mismo tiempo. En el tiempo extra, las puertas aumentarán su tamaño para acelerar el partido. Por lo tanto, cree un equipo de títeres de bolsillo y disfrute del juego con bonos especiales: use hielo, goma de mascar o limo de calcetín para hacerlos más difíciles de jugar.

Visita nuestro sitio web NOXGAMES o Facebook para obtener más información sobre el juego Pocket Puppet Soccer.

Creado por NOXGAMES 2014 - 2025",3.8161435,468846.0,2087.0
air.com.pixelfederation.diggy,Diggy's Adventure: Puzles,Aventura,https://play.google.com/store/apps/details?id=air.com.pixelfederation.diggy&hl=es&gl=es,"¡Únete al viaje de Diggy, el profesor, Linda y Rusty! Explora un mundo lleno de minas, aprende sobre una antigua civilización y resuelve rompecabezas increíbles. Escapa de laberintos y descubre grandes misterios de la historia en el juego online Diggy's Adventure.

Ningún secreto puede permanecer oculto en este laberinto 2D. Encuentra tu camino en este laberinto sin explorar mientras conoces nuevos personajes de esta historia o incluso una antigua civilización. ¿Podrás escapar de este laberinto de minas?

¿Te gustan los juegos cognitivos que te llevan al límite? Busca el tesoro escondido rodeado de minas y pon a prueba tu inteligencia. Otros juegos mentales son simples pasatiempos, mientras que con este podrás explorar un laberinto oculto, lleno de misterios, hasta que encuentres el camino correcto. Un auténtico minero no olvida que debe buscar oro, así que quita esas rocas y explora las estancias mientras disfrutas de la experiencia.

Caracteristicas de Diggy's Adventure:
▶ ¿Te gustan los rompecabezas? Hay más de 1000 enigmas para resolver de diferentes civilizaciones.
▶ Más de 500 laberintos de los que escapar, con diferentes niveles de dificultad. ¡No te quedes atrapado en una profunda mazmorra!
▶ Más de 500 divertidos personajes con los que interactuar. ¡Pulsa tu avatar de minero y comprueba el botín!
▶ 4 lugares mitológicos con muchos tesoros olvidados. ¡Ábrete paso por el laberinto de minas!
▶ ¿Te has atascado con un rompecabezas? Nuestro equipo de atención al cliente online te responde en 24 horas.
▶ Nuevo contenido gratuito cada semana, como, por ejemplo, un rompecabezas o un templo. ¡No olvides consultar las actualizaciones de este juego de laberintos!
▶ Cava y busca tesoros ocultos, cumple misiones y resuelve enigmas.
▶ Ponte en la piel de un auténtico arqueólogo y descubre secretos de épocas pasadas.
▶ Utiliza tus pistas para abrir cofres y explora como lo haría un minero.
▶ Cava como un minero y descubre nuevos botines e incluso tesoros.

Al cavar en las minas de rompecabezas 2D, conseguirás varios elementos que te ayudarán a resolver los rompecabezas, reponer fuerzas cuando estés desconectado o crear nuevos elementos en el campamento. También puedes añadir a tus campamentos objetos decorativos y otro tipo de contenidos. Crea objetos nuevos o cocina ingredientes que te darán fuerza para cavar en una mazmorra o un laberinto. Y conviértete en el mayor aventurero del mundo. Este juego no consiste en la clásica búsqueda del tesoro. Quita todos los ladrillos y consigue suficiente oro para seguir buscando aventuras.

Resuelve enigmas 2D y escapa del laberinto de rompecabezas para obtener recompensas y puntos de experiencia que te ayudarán a reponer la máxima energía con rapidez. Continúa cavando entre minas y cumpliendo las misiones del juego asignadas por los dioses, sigue el camino correcto para descubrir una nueva habitación y olvídate de otros juegos de aventura. También puedes disfrutar de ofertas y de experiencias especiales en laberintos y mazmorras, transformar los campamentos o enviar regalos a otros jugadores. ¡Resuelve el misterio y el rompecabezas! Conoce una nueva civilización mientras escapas de un laberinto sin fin y cavas en la mina. Disfruta de esta aventura 2D minera, llena de rompecabezas.

NOTA: Diggy's Adventure es un juego online gratuito que requiere una conexión de red. Algunos elementos del juego también se pueden comprar con dinero real. Si no quieres utilizar esta funcionalidad, desactiva las compras dentro de la aplicación en la configuración de tu dispositivo.

¿Tienes alguna sugerencia o problema que resolver? A los gestores de nuestra comunidad les encantará ayudarte. Visita: https://care.pxfd.co/diggysadventure

Condiciones de uso: http://pxfd.co/eula
Política de privacidad: http://pxfd.co/privacy

¿Te gusta nuestro juego de rompecabezas inactivo? Sigue @DiggysAdventure en las redes sociales para conocer las últimas novedades y actualizaciones.",4.3148513,536993.0,4839.0
air.com.playtika.cvs,Vegas Words & Slots Games,Casino,https://play.google.com/store/apps/details?id=air.com.playtika.cvs&hl=es&gl=es,"<b>Noticias diarias de Vegas Downtown Slots</b> 
¡Extra, extra, no dejes de leer! Playtika, los creadores de Slotomania Slots y Caesars Casino, las tragamonedas 777 y máquinas de casino más importantes del MUNDO ENTERO, nos traen una experiencia completamente innovadora para el mundo de las tragamonedas de Las Vegas y los juegos de palabras. ¡Vegas Downtown Slots Casino combina tragamonedas vertiginosas y espectaculares con el caos que solo los juegos de palabras pueden brindar! La gente se está volviendo loca con los premios de casino deslumbrantes de la Franja de Las Vegas. Sigue leyendo para enterarte de todo…


¡Nunca se vio algo así en la Franja de Las Vegas! Gira los rodillos y retrocede en el tiempo para disfrutar de tragamonedas clásicas en Vegas Downtown Slots GRATUITAMENTE. Aprovecha tu bonificación de tragamonedas diaria y sumérgete en nuevos juegos de casino directamente desde el corazón de Las Vegas, entre los que se incluyen Bally, Harrah’s Casino, Flamingo y muchos más. Juega a torneos de tragamonedas 777 y tragamonedas gratuitas, disfruta de la combinación de las tragamonedas vertiginosas de Las Vegas GRATUITAMENTE, junta fichas de palabras y resuelve juegos de palabras para ganar premios ENORMES. ¡VIVA LAS VEGAS!

<b>Lobo despreciable detectado en La Franja</b>
¡Ten cuidado! A los personajes de nuestras tragamonedas de Las Vegas los han visto dando vueltas por los casinos regalando premios enormes. Visita Bally’s Las Vegas, Rio, Horseshoe, Planet Hollywood, Flamingo Casino y Harrah’s Casino para recibir muchísimas monedas.
•	Disfruta de tragamonedas 777 clásicas, como el juego de casino Fantastic Fives
•	Disfruta de premios fantásticos en tragamonedas Triple Sweets GRATUITAMENTE, directos desde los casinos de Las Vegas
•	Ten cuidado con el lobo despreciable en esta tragamonedas favorita de Las Vegas

<b>Los juegos de palabras siembran el caos en Las Vegas </b>
¡La gente de la Franja de Las Vegas se está volviendo loca con los juegos de palabras! Conforme gires los juegos de nuestra aplicación de tragamonedas de Las Vegas, conseguirás fichas de palabras para un juego similar al Scrabble con un giro de tuerca del estilo Viva Las Vegas. Resuelve juegos de palabras y crea palabras clásicas con tus fichas para ganar recompensas increíbles como monedas y tiradas gratuitas para cualquier máquina tragamonedas 777. 

✔ Descubre tus tragamonedas clásicas preferidas de Las Vegas
✔ Torneos de tragamonedas vertiginosos de forma ininterrumpida
✔ Tragamonedas clásicas y en formato videojuego fascinantes, ¡como las de la Franja de Las Vegas!
✔ Vegas Downtown Slots & Words es parte de las recompensas de Playtika para los miembros vip

VDS está destinado a personas mayores de 21 años de edad solo con fines de diversión y no ofrece apuestas con ""dinero real"", ni la oportunidad de ganar dinero real o premios reales basados en el juego. Jugar o tener éxito en este juego no implica el éxito futuro en las apuestas con ""dinero real"".

VDS no requiere pagos para descargar y reproducir, pero también le permite comprar artículos virtuales con dinero real dentro del juego, incluidos artículos aleatorios. Puede deshabilitar las compras dentro de la aplicación en la configuración de su dispositivo. [NOMBRE DEL JUEGO] también puede contener publicidad. Es posible que necesite una conexión a Internet para jugar a VDS y acceder a sus funciones sociales. También puede encontrar más información sobre la funcionalidad, la compatibilidad y la interoperabilidad de VDS  en la descripción anterior e información adicional de la tienda de aplicaciones.

Al descargar este juego, acepta futuras actualizaciones del juego tal como se publiquen en su tienda de aplicaciones o red social. Puede optar por actualizar este juego, pero si no lo hace, su experiencia de juego y funcionalidades pueden verse reducidas.
Términos del servicio: https://www.playtika.com/terms-service/
Aviso de privacidad: https://www.playtika.com/privacy-notice/",4.59,101597.0,74.0
air.com.playtika.slotomania,Slotomania™ Slots Tragamonedas,Casino,https://play.google.com/store/apps/details?id=air.com.playtika.slotomania&hl=es&gl=es,"¡Te damos la bienvenida a Slotomania, un paraíso para amantes de las tragaperras! 
¡Aquí, la emoción ininterrumpida de Las Vegas, los botes masivos y los juegos emocionantes de casino se combinan para crear el mejor juego gratuito de tragaperras del mundo! 
Así es: tragaperras, botes y diversión al alcance de tu mano.
 
Únete a más de 100 millones de jugadores que juegan a más de 200 tragaperras premium, con nuevos juegos de tragaperras disponibles cada mes. Desde minijuegos cautivadores hasta diseños asombrosos, Slotomania ofrece los mayores botes que solo un casino de tragaperras de primera podría poner a tu disposición. Vive una experiencia al más puro estilo de un casino de Las Vegas desde tu dispositivo móvil u ordenador de sobremesa.
 
Antes de girar la primera máquina tragaperras, obtén tu bono de bienvenida de 15 000 000 de monedas para iniciar tu aventura en las tragaperras. Cada máquina tragaperras de Slotomania está diseñada para evocar auténticas emociones de casino, desde las clásicas tragaperras de Las Vegas hasta juegos temáticos nuevos de tragaperras. ¡Gira para divertirte, para obtener botes masivos y para vivir la emoción al máximo en las tragaperras!
 
Y la diversión no termina aquí. Disfruta de minijuegos semanales, reúne Slotocards para completar tu Sloto-Album y desbloquea recompensas fabulosas hasta llegar al gran bote. ¿Te apetece socializar? Únete a un clan de casino, forma equipo y compite en juegos de tragaperras para desbloquear premios exclusivos.
  
Slotomania es un juego de Playtika, la empresa creadora de los mejores juegos gratuitos. Al jugar a Slotomania, también ganarás Playtika Rewards para disfrutar en otros juegos de casino como Bingo Blitz, House of Fun y Caesars Slots. Eso significa que tu viaje por las tragaperras no termina en un solo juego: ¡puedes ampliar tu diversión de casino mediante múltiples juegos de tragaperras!
¡Socializa! Chatea con otros jugadores, gana premios adicionales y únete a una comunidad de 14 millones de fans de las tragaperras en Facebook y más de 50 000 en Instagram. ¡Gira las máquinas tragaperras más populares, disfruta de juegos de tragaperras nuevos y descubre por qué Slotomania está en boca de todos! Desde minijuegos hasta botes masivos, cada tragaperras rebosa diversión, emoción y recompensas.
 
No esperes: ¡comienza a girar las mejores tragaperras, gana botes masivos y disfruta de una experiencia que te llevará al mejor casino de tragaperras! Con infinitas máquinas tragaperras, juegos de casino de lo más emocionantes y las mejores tragaperras gratuitas, no hay mejor momento para jugar.
 
Slotomania está dirigida a una audiencia adulta (mayores de 21 años) con fines exclusivamente recreativos. No ofrece juegos de azar con «dinero real» ni la oportunidad de ganar dinero real o premios reales en partidas de ningún juego. Jugar o tener éxito en este juego no implica tener éxito en el futuro en el juego con «dinero real».
 
Slotomania no requiere pago para descargar y jugar, pero también te permite comprar objetos virtuales con dinero real dentro del juego. Puedes desactivar las compras dentro de la aplicación en los ajustes de tu dispositivo. Slotomania también puede contener publicidad. Puede que necesites una conexión a Internet para jugar a Slotomania y acceder a sus funciones sociales. También puedes encontrar más información sobre la funcionalidad, compatibilidad e interoperabilidad de Slotomania en la descripción anterior y en la información adicional de la tienda de aplicaciones.
 
Al descargar el juego, aceptas las futuras actualizaciones del juego que se publiquen en tu tienda de aplicaciones o red social. No es obligatorio actualizar el juego, pero, si dejas de hacerlo, tu experiencia de juego y sus funciones podrían verse reducidas.
 
Términos de servicio: https://www.playtika.com/terms-service/
Aviso de privacidad: https://www.playtika.com/privacy-notice/",4.299511,2177934.0,3750.0
air.com.qublix.forestrescue,Forest Rescue - Match 3 Game,Puzles,https://play.google.com/store/apps/details?id=air.com.qublix.forestrescue&hl=es&gl=es,"Los animales felices Forestales encanta pasar sus días de relax en su hermosa arboleda. Árboles altos albergan sus nidos y mantener el aire fresco y limpio. Pero el mal castores tienen otros planes para el Bosque.

Únete a los animales del bosque en su lucha para acabar con el jefe del castor y sus secuaces. Ellos le ayudarán a que se abre camino a través de los obstáculos a los castores han creado para ti.

Juega Bosque Rescate hoy y crea los castores pagan!

Match 3 Features:
◆ Emocionante juego jugar con cientos de niveles únicos
◆ increíbles power-ups y combos
◆ Restaurar el bosque y las casas de los animales
◆ Fácil juego para aprender, pero difícil de dominar

Características adicionales:
◆ Conexión Facebook para que puedas jugar con tus amigos!
Recompensas ◆ cool!
◆ Jugar fuera de línea!
◆ Soporte en múltiples dispositivos y plataformas!",4.5319147,156586.0,1010.0
air.com.sgn.cookiejam.gp,Cookie Jam™ juego de combinar,Puzles,https://play.google.com/store/apps/details?id=air.com.sgn.cookiejam.gp&hl=es&gl=es,"<b>¡Más de 100 millones de personas están jugando a nuestros juegos de Combina 3!</b>Cookie Jam cuenta con miles de puzles de dulces desafiantes y divertidos. Combina 3 galletas y caramelos para despejar el tablero y superar el puzle de galletas. Los juegos de combinación gratuitos de Cookie Jam son superdivertidos. ¡Juega ya!

<u><b>¡Hemos reinventado la combinación de dulces en este azucarado juego de Conecta 3!</b></u>

Te damos la bienvenida a una franquicia de Conecta 3 de sabrosos puzles de dulces y juegos gelatinosos. Ábrete paso a base de explosiones por las islas con temática desértica y ayuda al chef Panda a aplastar galletas antes de que se desmigajen en Cookie Jam! Juega a miles de juegos de puzles de dulces gratis, con nuevos puzles cada semana para que nunca te quedes sin juegos de Combina 3 desafiantes.

Mueve los dulces y aplasta las deliciosas galletas y tartas. Podrás disfrutar de miles de juegos de Combina 3 y puzles de caramelos. Cada puzle de galletas está lleno de combinaciones de dulces y gelatinas emocionantes.

El chef Panda tiene que cumplir una orden y tú puedes ayudarle. Combina 3 piezas o más para cumplir las órdenes y superar niveles en este relajante juego de Combina 3. Combina 5 dulces para despejar el tablero con un poderoso potenciador que aplasta tartas. Descubre incontables niveles nuevos y recoge increíbles potenciadores en el juego de Combina 3 definitivo.

INGREDIENTES DEL JUEGO DE GALLETAS:

🍪 ¡Diversión gratuita combinando galletas para todos los públicos!
 🍪 Diversión interminable con miles de niveles únicos a los que se añadirán otros nuevos cada semana.
 🍪 Suministros de combos y mejoras para aplastar dulces.
 🍪 Ábrete paso intercambiando, aplastando y empujando por estas fantásticas islas con temática pastelera.
 🍪 Gana recompensas y dulces premios con eventos de tiempo limitado.
 🍪 ¡Conéctate a Facebook para una sincronización sin interrupciones en múltiples dispositivos y desafía a amigos!

DALE A ME GUSTA: https://www.facebook.com/PlayCookieJam
 SIGUE A: @playcookiejam
 INFORMACIÓN DE LA DESARROLLADORA: ¡Jam Cityes la desarrolladora líder en los juegos sociales multiplataforma! ¡Échales un ojo a nuestros otros juegos de Combina 3 y juegos de puzles gratuitos! Te encantará intercambiar, combinar y aplastar en eventos en continua expansión. ¡Vuelve a menudo para ver todos los dulces y las tartas nuevos que hemos añadido! Te encantará aplastar en cada puzle dulce. Empieza hoy tu aventura pastelera en este juego gratuito de Combina 3.",4.2575107,1199426.0,3892.0
air.com.sgn.cookiejamblast.gp,Cookie Jam Blast™ Match 3,Puzles,https://play.google.com/store/apps/details?id=air.com.sgn.cookiejamblast.gp&hl=es&gl=es,"<b>Juega a Cookie Jam Blast, el juego de Combina 3 más reciente de la franquicia Cookie Jam! Mueve los dulces para abrirte paso a base de explosiones por los niveles de Combina 3. Intercambia galletas y combina 3 piezas o más en este dulce juego de Combina 3. Incluye gráficos mejorados, nuevos modos de juego de galletas divertidos y nuevos amigos adorables que te ayudarán a aplastar dulces y superar niveles de Conecta 3. ¡Pura diversión!</b>

<u>¡Intercambia, combina y explota</u> las piezas de los puzles de galletas y mueve los dulces para desbloquear recompensas en una nueva aventura de puzles de Combina 3. Combina 3 piezas o más y usa potenciadores para desencadenar cascadas explosivas de arcoíris. Aplasta el chocolate y recoge ingredientes para crear sabrosas recetas de dulces y galletas para tu pastelería.

Relájate y satisface tus antojos de dulces con los irresistibles juegos gratuitos de combinaciones. ¡Encontrarás tus dulces favoritos: galletas, caramelos, gelatina, mermelada, chocolate, gofres, helados y muchos más! Instala nuestros juegos gratuitos de combinaciones para vivir la intensa experiencia de los juegos de Conecta 3 de galletas.

CARACTERÍSTICAS DEL DELICIOSO JUEGO DE GALLETAS:

🍪Miles de niveles de Combina 3 divertidos en los que podrás abrirte paso a base de explosiones.
 🍪Intercambia galletas y aplasta piezas de puzles de caramelos para descubrir los dulces ocultos.
 🍪Vuelve a diario para hacer girar la ruleta de premios, aplastar los puzles de galletas y recibir sabrosas recompensas.
 🍪Juega a desafíos de tiempo limitado para ganar potenciadores que te ayuden a subir de nivel.
 🍪 Combina piezas de puzles de galletas de Combina 4 para crear poderosas abejas de gelatina que te ayudarán a superar niveles.
 🍪Usa mejoras explosivas para hacer explotar las piezas de los puzles de caramelos y aplastar las galletas.
 🍪Resuelve deliciosos puzles de caramelos y recoge nuevos ingredientes sabrosos.
 🍪Usa ingredientes para crear nuevos dulces sabrosos con el chef Panda en tu pastelería.
 🍪Socializa y envía abejas amistosas a amigos para ayudarles a superar niveles difíciles.
 🍪Consigue dirigibles de edición limitada en eventos especiales.

Si te gusta jugar a juegos de Combina 3, te divertirás con el juego definitivo de la franquicia de combinaciones de galletas. Ábrete paso a base de explosiones por los sabrosos puzles de caramelos en este delicioso juego de puzles de Combina 3. ¡Descarga Cookie Jam Blast hoy y satisface tus antojos de galletas y caramelos!

¿Te gusta Cookie Jam Blast? No dejes de echarles un ojo a otros juegos de Jam City como Disney Emoji Blitz, Cookie Jam, Panda Pop, Harry Potter: Hogwarts Mystery, Genies & Gems y Bingo Pop entre otros.",4.1857924,286643.0,1168.0
air.com.sgn.juicejam.gp,Juice Jam,Puzles,https://play.google.com/store/apps/details?id=air.com.sgn.juicejam.gp&hl=es&gl=es,"COMBINAR. EXPRIMIR. SERVIR. ¡REPETIR!

¡Presentando Juice Jam!


Características:
¡Un montón de jugosos niveles!
¡Nuevos potenciadores y modos de juego!
¡Prepárase para las vacaciones - eventos festivos !
¡Atraviesa mundos extravagantes!
¡Derrota a jefes y atiende los pedidos!

¡Únete a nosotros en Zumotopía, donde Kiwi y Mango atraviesan mundos extravagantes mientras sirven zumo a clientes sedientos! ¡Con un elenco de peculiares personajes, un mundo repleto de detalles y una adictiva mecánica de juego de combinar tres piezas, Juice Jam lo tiene todo para pasar un buen rato!

DALE A ME GUSTA: https://www.facebook.com/JuiceJamGame
SÍGUENOS: https://twitter.com/juicejamgame
APRENDE: www.juicejam.com

INFORMACIÓN DEL DESARROLLADOR: SGN es un desarrollador líder en videojuegos sociales auténticamente multiplataforma.",4.4944444,363832.0,885.0
air.com.sticksports.sticktennis,Stick Tennis,Deportes,https://play.google.com/store/apps/details?id=air.com.sticksports.sticktennis&hl=es&gl=es,"◆ WIRED - Un juego esencial ◆ The Telegraph - No te arrepentirás ◆
 
Fácil de jugar, difícil de dominar, Stick Tennis ofrece una jugabilidad rápida y fluida y un enorme rango de jugadores, con su estilo y características propias, para desbloquear y jugar.
 
Con simplemente deslizar un dedo podrás realizar cruzados ganadores. Además Stick Tennis posee un sofisticado motor de físicos que beneficia el juego táctico.
 
* Enfréntate a los más grandes en el modo DOMINIO MUNDIAL.
* Controla a tu jugador favorito para hacerte con los SLAMS
* Gana trofeos en el DESAFÍO DIARIO
* Mejora tu juego en los ENTRENAMIENTOS DEL CLUB.
* Desbloquea DIEZ pistas realistas alrededor del mundo
* Desbloquea más de SETENTA jugadores
 
¡Bolas nuevas!

Nota importante: Este juego incluye compras dentro de la app

***
New York Times
""Si te gusta el tenis aunque sea un poquito, vas a adorar Stick Tennis. Un sorprendente juego con grandes gráficos.""
 
The Sun
""Increíblemente adictivo. Te engancharás sin darte cuenta.""
 
Pocketgamer ‘Top Ten’
""A menudo un juego de deportes es mejor cuanto más frenético sea. Stick Tennis requiere buenos reflejos. Consíguelo.""
 
***
 
Síguenos en Twitter: @StickSports",4.03,180805.0,2426.0
air.origami.diagram,Diagrama Arte Papel Origami,Arte y diseño,https://play.google.com/store/apps/details?id=air.origami.diagram&hl=es&gl=es,"<h1>¡Descubre la Alegría de Doblar Papel con Nuestra App de Origami!</h1>
<h2>Transforma el Papel en Arte</h2>
Libera tu creatividad y sumérgete en el fascinante mundo del <b>arte en papel origami</b> con nuestra app visualmente instructiva. Ya seas principiante o un experto en el doblado, nuestra app te guía para crear increíbles animales, objetos y juguetes a partir de simples hojas de papel. 📄✨
<h2>Más de 250 Modelos para Elegir</h2>
¡Explora una gran colección con más de 250 modelos de origami! Desde elegantes grullas hasta ranas divertidas y aviones de papel complejos — hay algo para todos. Nuestras instrucciones visuales paso a paso hacen que sea fácil seguirlas y dar vida a tus creaciones. 🐸✈️🦢
<h2>Mejora tus Habilidades en Origami</h2>
Si bien se recomienda tener un conocimiento básico del origami, nuestra app está diseñada para ayudarte a mejorar tus habilidades y dominar el arte de doblar papel. Ideal para quienes desean perfeccionar sus técnicas de <b>arte en papel origami</b> o probar nuevos diseños de <b>aviones de papel origami</b>. 🎨✈️
<h2>Diversión Manual</h2>
Esto no es un juego — es una actividad práctica que fomenta la creatividad y la atención plena. ¡Toma una hoja de papel y empieza a doblar! Perfecto para actividades familiares, proyectos escolares o sesiones creativas en solitario. ✋📐
<h2>¡Comienza Hoy!</h2>
Descarga ahora y comienza tu viaje en el maravilloso mundo del origami. Transforma papel ordinario en extraordinarias obras de arte con facilidad.
📲 <b>¡Descarga la App de Origami Ahora y Crea Tus Obras Maestras!</b> 📲",4.2058825,6651.0,9.0
aliens.zombies.invasion,Aliens vs Zombies: Invasion,Estrategia,https://play.google.com/store/apps/details?id=aliens.zombies.invasion&hl=es&gl=es,"La invasión alien ha comenzado. Los zombies atacan tu base.
Prepárate para un intenso juego de tower defense, donde solo la estrategia puede salvarte.

Este juego de aliens combina las clásicas mecánicas de zombie tower defense con un gameplay de invasión rápido y emocionante. Construye poderosas torres de defensa, detén los ataques enemigos y protege tu base de olas interminables de zombies y fuerzas alienígenas.

👾 Juego de estrategia con invasión alien

En este invasion game, los aliens han desatado un brote global. Los zombies devoran todo a su paso. Tu misión es clara:
derrota a los zombies, detén la invasión y protege tu base.

No es solo acción: cada decisión importa, desde la colocación de torres hasta la gestión de recursos. Este es un verdadero juego de estrategia.

🧠 Gameplay Tower Defense

Domina las mecánicas TD:

Construye y mejora diferentes tipos de torres de defensa

Controla los caminos enemigos durante las olas de ataque

Adapta tu estrategia tower defense a nuevas amenazas

Planifica cuidadosamente para sobrevivir más tiempo

Cada nivel hace que los enemigos sean más rápidos, fuertes y peligrosos.

🧟 Defensa de zombies & protección de la base

Este juego de defensa zombie pondrá a prueba tus habilidades tácticas. Cada ataque zombie requiere estrategia y reflejos rápidos. Solo los mejores comandantes podrán mantener la línea.

🚀 Características principales

Tower defense game adictivo con profunda estrategia

Combinación única de aliens, zombies y gameplay de invasión

Varias torres y caminos de mejora

Olas intensas y desafíos crecientes

Jugable offline — defiende tu base en cualquier momento

Perfecto para fans de estrategia, TD y juegos de defensa

🎯 Para fans de estrategia y TD

Si te gustan los tower defense, los juegos de estrategia y los desafíos de defensa de base, este es tu juego. Construye tus torres, detén la invasión y sobrevive a los aliens y zombies.

La invasión no se detendrá.
Los zombies no se rinden.
Tu base es la última línea de defensa.

¡Descárgalo ahora y demuestra que tu estrategia puede sobrevivir a la invasión alien y zombie!

Política de privacidad: https://www.gamegears.online/privacy-policy
Condiciones de uso: https://www.gamegears.online/term-of-use",4.6237626,37110.0,81.0
and.brainworks.holeemall,Hole Em All: Black hole game,Puzles,https://play.google.com/store/apps/details?id=and.brainworks.holeemall&hl=es&gl=es,"<b>Hole Em All: Collect Master – ¡Traga y relájate!</b>

Prepárate para una experiencia de rompecabezas de agujero negro divertida y relajante en Hole Em All: Collect Master. Toma el control de un agujero negro para tragar todo lo que veas, resuelve desafíos de rompecabezas épicos y relájate con infinitas horas de diversión en satisfactorios juegos de comer agujeros negros.

Haz equipo con amigos, chatea, comparte corazones y monedas y colabora para resolver rompecabezas épicos juntos. Reúne baterías, potenciadores de tiempo y recompensas increíbles para continuar con este satisfactorio viaje. ¡Si los juegos satisfactorios no son tu estilo, participa en el Torneo Black Hole! ¡Enfrenta desafíos emocionantes y compite contra jugadores de todo el mundo para convertirte en el campeón definitivo del agujero negro!

🕳️ Por qué te encantará Hole Em All ✔ Simple pero adictivo: ¡simplemente arrastra un agujero negro, traga los elementos necesarios y supera los niveles!
✔ Jugabilidad satisfactoria: observa cómo todo se desvanece en un agujero negro a medida que crece. ¡Es pura diversión de resolución de acertijos!
✔ Diversión que estimula el cerebro: desafíate a ti mismo con niveles difíciles con movimientos estratégicos y pensamiento inteligente
✔ Relajante y atractivo: perfecto para descansos rápidos o sesiones de juego profundas, ¡puedes disfrutarlo en cualquier momento, en cualquier lugar, incluso sin conexión!

✨<b>Características principales</b> ✨ 
🕳️ Controla un agujero negro, devora objetos y resuelve acertijos en niveles creativos 
🏆 Compite en torneos, gana recompensas épicas y conviértete en el maestro definitivo de los agujeros negros 
🎉 Desbloquea objetos únicos y temas emocionantes a medida que avanzas en los niveles
🤝 Forma equipo con amigos, chatea, comparte recompensas y sube en la clasificación juntos
🏅 Acepta emocionantes desafíos en solitario y en equipo, además de eventos especiales llenos de sorpresas 
🔅 Juega sin conexión en cualquier momento y en cualquier lugar: no necesitas Internet para un juego de comer satisfactorio 
🎮 Cómo jugar 
・ Arrastra el agujero negro para succionarlo todo 
・ Traga objetos para crecer más y absorber aún más cosas 
・ Resuelve acertijos desafiantes recolectando elementos en el orden correcto.
・ ¡Desbloquea nuevos niveles, potenciadores y recompensas a medida que dominas el juego del agujero negro!
Si te gustan los juegos de comer agujeros negros, prepárate para una aventura de rompecabezas relajante y satisfactoria. ¡Sumérgete y comienza tu viaje de deglución hoy mismo!",4.673367,169925.0,146.0
and.lihuhu.tilesinhole,Tiles in Hole: Black Hole,Casuales,https://play.google.com/store/apps/details?id=and.lihuhu.tilesinhole&hl=es&gl=es,"<h1>🕳️ Tiles in Hole - Uno de los juegos de agujero negro más adictivos</h1>
Entra en Tiles in Hole, un juego de agujero negro divertido y relajante.
Mueve tu agujero negro, traga fichas de colores y observa cómo tu hoyo crece sin parar.

<h3>✨ Por qué te encantará este juego de agujero negro</h3>
- Desliza para comer fichas y hacer que tu agujero negro crezca más rápido.

- Colecciona fichas preciosas y desbloquea skins únicas para personalizar tu hoyo.

- Participa en eventos semanales con recompensas exclusivas de juegos de agujeros.

- Personaliza tu experiencia con diseños de agujero increíbles y disfruta de una de las sensaciones más satisfactorias.

- Juega sin conexión, ideal para los fans de los juegos de agujero negro y de fichas.

- Relajante, adictivo y muy satisfactorio: perfecto para quienes disfrutan de la diversión de los agujeros negros.

<h3>🎮 Cómo jugar a Tiles in Hole</h3>
- Arrastra tu agujero negro para comer fichas y limpiar cada nivel.

- Evita obstáculos mientras tu hoyo crece con cada ficha.

- Desbloquea nuevos niveles y skins en este adictivo juego de agujero negro.

<b>🌟 La experiencia definitiva de agujero negro</b>

Tiles in Hole combina controles suaves, fichas coloridas y una jugabilidad relajante. Mira cómo crece tu agujero negro, disfruta de la sensación de absorber fichas y presume de tus skins favoritas. Sumérgete en una de las experiencias más satisfactorias de agujeros negros disponibles.

📬 Si necesitas ayuda o tienes alguna duda, contáctanos en support@lihuhugames.com

<h1>🕳️ Tiles in Hole – One of the Most Addictive Black Hole Games</h1>
Step into Tiles in Hole, a relaxing and fun black hole game! Move your black hole, eat colorful tiles, and watch your hole grow.

<h3>✨ Why You’ll Love This Black Hole Game</h3>
- Swipe to eat tiles in hole and grow your black hole bigger and faster.

- Collect beautiful tiles and unlock stunning hole skins to personalize your style.

- Join weekly events for exclusive rewards in hole games.

- Customize your gameplay with unique hole skins and enjoy one of the most satisfying in hole experiences.

- Play offline anytime - perfect for fans of black hole and tile games.

- Addictive, satisfying, and relaxing for everyone who loves in hole fun.

<h3>🎮 How to Play Tiles in Hole</h3>
- Drag your black hole to eat tiles and clear each stage.

- Avoid obstacles while your hole grows with every tile.

- Unlock new hole skins and endless levels in this ultimate black hole game.

<b>🌟 The Ultimate Black Hole Experience</b>

Tiles in Hole combines smooth controls, colorful tiles, and relaxing gameplay. Watch your black hole expand, enjoy tile-eating satisfaction, and show off your favorite hole skins.
Dive into one of the most relaxing in hole adventures available!

📬 If you have any questions or need assistance, feel free to contact us at support@lihuhugames.com.",4.88,81222.0,51.0
app.alo.yoga.aloyoga.shoppings,Alo Yoga App,Estilo de vida,https://play.google.com/store/apps/details?id=app.alo.yoga.aloyoga.shoppings&hl=es&gl=es,"Descubre una marca increíble: Alo Yoga

Alo Yoga es una reconocida marca de ropa deportiva que combina moda y funcionalidad. Con un enfoque en prendas inspiradas en el yoga, Alo Yoga busca optimizar tu práctica y mejorar tu estilo de vida activo. Sus colecciones, elegantes y de alto rendimiento, incorporan tejidos de vanguardia y diseños innovadores que priorizan la comodidad, la transpirabilidad y la flexibilidad.",,,
app.gotall.play,GoTall,Salud y bienestar,https://play.google.com/store/apps/details?id=app.gotall.play&hl=es&gl=es,"CÓMO USAR GOTALL:

Responde algunas preguntas rápidas sobre tu estilo de vida para que podamos adaptar tu estrategia de crecimiento.

Consulta una proyección de tu estatura potencial adulta.

¿Intentas superar tu límite de estatura? GoTall te ayuda a comprender y maximizar tu potencial de crecimiento con información y planificación personalizadas.

Nosotros te proporcionamos las herramientas con respaldo científico; tú pones el compromiso. Sigue el plan y te guiaremos en cada paso del camino.

También ofrecemos funciones premium con suscripciones o compras, como un plan personalizado diseñado para estimular la producción natural de HGH y un crecimiento óptimo, o actualizaciones mensuales que ajustan tu plan según tus hábitos y progreso, para que puedas mantenerte en el buen camino.

Aviso legal: GoTall no ofrece asesoramiento médico. Nuestras recomendaciones se basan en prácticas ampliamente conocidas relacionadas con el crecimiento en altura. Consulta siempre con un profesional de la salud para obtener orientación individualizada.

Algunas funciones, como el análisis completo y las herramientas avanzadas, requieren una suscripción o compra premium.",4.71875,7835.0,0.0
app.jumpjumpvpn.jumpjumpvpn,JumpJumpVPN: Rápido y Seguro,Herramientas,https://play.google.com/store/apps/details?id=app.jumpjumpvpn.jumpjumpvpn&hl=es&gl=es,"JumpJumpVPN - Proxy VPN Rápido y Estable
 JumpJumpVPN te ayuda a disfrutar de una conexión a Internet fluida y confiable en cualquier lugar.
 Con un diseño limpio y una operación sencilla, solo toca “Conectar” para acceder a nuestra red global de servidores con un rendimiento rápido y estable.
¿Por qué elegir JumpJumpVPN?
 JumpJumpVPN ofrece una experiencia simple y fácil de usar, con una calidad de conexión constante y opciones flexibles de servidores.
Características principales:
 • Gratis para usar: Conéctate a servidores globales gratuitos sin límites de datos.
 • Red de alta velocidad: Enrutamiento optimizado para una conexión rápida y estable.
 • Rendimiento confiable: Mantén tu conexión fluida en todo momento.
 • Fácil de usar: Conexión con un solo toque, sin configuraciones complicadas.
Detalles de renovación automática:
 • El pago se cargará a tu cuenta de Google al confirmar la compra.
 • La suscripción se renovará automáticamente a menos que se cancele al menos 24 horas antes del final del período de facturación.
 • Puedes administrar o cancelar en cualquier momento desde la configuración de tu cuenta de Google Play.
 • Cualquier parte no utilizada de un período de prueba gratuito se perderá al realizar la compra.
Legal:
 • Términos de servicio: https://jumpjump.io/#/termsofservice/index
 • Política de privacidad: https://jumpjump.io/#/privacyterms/index
Contáctanos:
 support@jumpjump.io",4.59,709032.0,51.0
app.loopad.loopad,Padmaster: Music & Beat Maker,Música y audio,https://play.google.com/store/apps/details?id=app.loopad.loopad&hl=es&gl=es,"🎹 Padmaster es un emocionante creador de música y ritmos, con varias funciones que pueden ayudarte a crear tu propia música y generar ritmos. ¡Estudio de pad de música personalizado con muchos paquetes de sonido para todos los gustos! Mezclador de música único: ¡graba tu sesión! <b>¡Crea increíbles ritmos</b> con el extraordinario creador de melodías!

¿Por qué deberías usar nuestro creador de ritmos y música? <b>¡Nuestros loops de música duran hasta 45 segundos</b>, creados por productores profesionales! Y esa es solo una de las características que nos diferencia de apps similares. Cumple tu sueño - ¡Conviértete en DJ!

Padmaster es una aplicación para todos los creadores de música. Es conveniente de usar. Crea ritmos increíbles con solo tocar un botón y cambia de música con facilidad. La música que hagas se visualizará para que la disfrutes. También puedes compartir tu creación para mostrar lo increíbles que son tus habilidades como DJ.

⏩<b>Características principales de Padmaster: Music & Beat Maker – Music Pad Studio:</b>⏪
⭐ <b>Bucles de música profesional</b>: nuestros bucles son de hasta 45 segundos, con música compleja creada por productores profesionales.
⭐ <b>Variedad de capas</b>: selecciona varios tipos de capas, como ritmo, bajo y otras, ¡y personaliza la pista como quieras!
⭐ <b>Pad de música personalizado</b>: personaliza tu pad de música con diferentes visualizadores de audio o con un lanzador de confeti, ¡y muchas otras opciones!
⭐ <b>Ritmos de música prediseñados</b>: ¡guarde varios botones prediseñados y reproduzca varios botones con un solo toque!
⭐ <b>Botones prefabricados</b>: esto te ayudará a cambiar instantáneamente a diferentes partes de la pista en un pad de música.
⭐ <b>Post audio FX</b>: agregue post audio FX como filtro, puerta, ruido, eco, flanger, phaser, vibrato, tremolo, roll a su pista. Algunos de estos FX tienen modos que cambian completamente los FX, como la potencia, la amplitud y la frecuencia del FX.
⭐ <b>Elija capas</b>: seleccione fácilmente la capa que desea que aplique el FX activando o desactivando el FX para la capa deseada.
⭐ <b>Mezclador de música</b>: mezcla varios sonidos para crear tu propia música y generar ritmos. Grabe su mezcla en vivo durante la sesión de pad y compártala con otras personas. ¡Crea surcos fácilmente!
⭐ <b>Biblioteca</b>: una extensa biblioteca con muchos paquetes de sonido de diferentes géneros. Aquí también puedes encontrar tus grabaciones.
⭐ <b>Compártelo</b>: ¡comparte la música y los ritmos que creaste con otras personas!

¡Hay muchos paquetes disponibles para ti, incluidos: EDM, Bigroom, Hip-hop, House, Deep House y muchos más!

Ritmos y secuencias de calidad que te permiten crear ritmos fácilmente, sin importar si eres un profesional o un aficionado.

➡️➡️➡️ Descargue nuestra aplicación de creación de ritmos y música: ¡haga su propia música y genere ritmos! Un creador de melodías y mezclador de música que te sorprenderá con sus funciones y lo fácil que es crear ritmos. Disfruta en el exclusivo estudio de música pad - ¡Conviértete en DJ!",4.347826,3866.0,15.0
app.otbo5ly,2otbo5ly,Comer y beber,https://play.google.com/store/apps/details?id=app.otbo5ly&hl=es&gl=es,"¿Se te antoja ese plato que viste en TikTok o Reels? 2otbo5ly convierte el contenido viral de comida en platos reales entregados a domicilio.

Te conectamos con talentosos cocineros caseros de tu barrio que preparan la comida que realmente deseas, no comida industrial ni cadenas de restaurantes. Auténtica comida casera, recién hecha.

CÓMO FUNCIONA
• Explora los platos preparados por cocineros cerca de ti
• Haz tu pedido en segundos
• Recibe comida casera fresca a domicilio

PARA COCINEROS
¿Quieres convertir tu pasión por la cocina en un ingreso? Regístrate como chef, publica tus platos y empieza a ganar dinero haciendo lo que te gusta. No necesitas un restaurante.

POR QUÉ 2OTBO5LY
• Auténtica comida casera, no comida rápida
• Apoya a los cocineros caseros locales de tu zona
• Ingredientes frescos, cocinados al momento
• Pedidos sencillos, entrega rápida

Tanto si comes como si cocinas, 2otbo5ly es tu mesa.",,,
app.protectsmartly.bb2fe610e54446cebdf627db55227d7d,SOS Emergency & Safety Alerts,Estilo de vida,https://play.google.com/store/apps/details?id=app.protectsmartly.bb2fe610e54446cebdf627db55227d7d&hl=es&gl=es,"Tu compañero de seguridad personal: en cualquier momento y en cualquier lugar.

Mantente protegido en emergencias con una potente app de SOS y seguridad personal diseñada para mujeres, estudiantes, personas mayores, viajeros solitarios, universitarios y familias. Ya sea que camines solo, llegues tarde al trabajo o viajes a una nueva zona, esta app te ayuda a obtener ayuda rápidamente y a mantenerte informado.

Con un solo toque, alerta al instante a tus contactos de confianza, comparte tu ubicación GPS en tiempo real por SMS y activa alertas de seguridad cuando más lo necesitas.

🆘 Alertas SOS instantáneas que ahorran tiempo

En situaciones críticas, cada segundo cuenta.

• Envía notificaciones SOS ilimitadas al mes
• Comparte la ubicación GPS en vivo por SMS
• Notifica a hasta 10 contactos de emergencia al instante
• Alertas rápidas y fiables incluso en situaciones urgentes

📍 Ubicación inteligente y seguridad al registrarte

Mantente conectado y avisa a los demás de que estás a salvo.

• Historial de ubicaciones ilimitado
• Alertas de llegada ilimitadas al mes
• Seguimiento ilimitado del historial de llegada
• Perfecto para viajes en solitario, desplazamientos nocturnos o rutinas diarias

👤 Mi información de emergencia (GRATIS)

Prepara a otros para ayudarte mejor en caso de emergencia.

• Guarda información personal como información médica, alergias, grupo sanguíneo o notas.
• El personal de emergencias o los asistentes pueden comprender rápidamente tus necesidades.
• Completamente gratis y fácil de actualizar en cualquier momento.

🚓 Información sobre delincuencia y seguridad en la zona

Toma decisiones informadas antes de partir.

• Consulta el historial de delincuencia de la zona
• Consulta las calificaciones de delincuencia y las puntuaciones de seguridad
• Información de seguridad para hombres y mujeres
• Ideal para planificar viajes, conocer nuevos barrios o desplazamientos diarios.

🌦️ Información de seguridad en tiempo real

Anticípate a los posibles riesgos.

• Actualizaciones meteorológicas de la ubicación actual
• Alertas de emergencia históricas
• Información de seguridad en tiempo real para ayudarte a planificar de forma más inteligente

🎫 Tokens mensuales de seguridad y emergencia

Diseñada para una protección confiable sin límites.

• Tokens de alerta de seguridad: 30 al mes
• Tokens de ayuda de emergencia: 30 al mes
• Notificaciones por SMS: 60 al mes
• Diseñada para viajeros frecuentes y necesidades de seguridad diarias

💙 ¿Para quién es esta app?

✔ Mujeres y niñas
✔ Estudiantes y viajeros universitarios
✔ Personas mayores y seguridad familiar
✔ Viajeros solitarios y quienes viajan de noche
✔ Cualquier persona que valore la seguridad personal

🔐 Prepárate. Mantente alerta. Mantente seguro.

Esta app todo en uno de alertas SOS, contacto de emergencia, intercambio de ubicación y alerta contra el delito te brinda confianza dondequiera que la vida te lleve.",,,
ata.squid.kaw,Kingdoms at War,Estrategia,https://play.google.com/store/apps/details?id=ata.squid.kaw&hl=es&gl=es,"¡Dirige el ejército más poderoso del reino! Enfréntate a millones de jugadores, conquista nuevas tierras, lucha con monstruos ancestrales y hazte con valiosos objetos.

¡El poder está al alcance de tu mano! Forma un clan, consigue aliados y saquea en Kingdoms at War, el nuevo juego de estrategia y fantasía. Forma equipos para derrotar a monstruos ancestrales en Combates épicos o lucha contra otros jugadores en las nuevas Pruebas de Estoc.

Dirige tu ejército y demuestra tu valor en el campo de batalla: ¡CONSIGUE TU REINO!

=CARACTERÍSTICAS=
★ ¡Frecuentes actualizaciones gratuitas!
★ ¡Une tus fuerzas para formar clanes poderosos y acabar con tus enemigos!
★ Explora, asesina y roba en los reinos rivales.
★ Construye tu reino con catapultas, atalayas y dragones.
★ Elige tu estandarte: conquistador, monarca o defensor.
★ Usa elixires mágicos y poderosos hechizos contra tus enemigos.
★ Visita al mago para encantar tus armas e incrementar su poder.
★ Dirige combates épicos contra monstruos ancestrales.
★ Enfréntate a otros jugadores en tiempo real.
¡Y mucho más!",4.125,34131.0,122.0
ata.strike.puzzle.diamond.paint.jam,Gem Jam Painting,Puzles,https://play.google.com/store/apps/details?id=ata.strike.puzzle.diamond.paint.jam&hl=es&gl=es,"Gem Jam Painting: Una divertida y desafiante aventura de puzles ASMR

Prepárate para crear hermosas pinturas de diamantes completando emocionantes desafíos de puzles con bloques. Pon a prueba tu creatividad y lógica creando obras de arte pixeladas pintadas a mano mientras desbloqueas nuevos niveles e imágenes. En Gem Jam Painting, tu objetivo es desbloquear diamantes enviando bloques de colores a sus respectivas puertas y ver cómo se convierten en diamantes para pintar. Con una jugabilidad sencilla pero cautivadora, el desafío aumenta junto con la obra a medida que avanzas por niveles complejos y llenas tu galería.

Características del juego:

Fácil de jugar, difícil de dominar: Desliza los bloques fácilmente, ¡pero ten cuidado con los obstáculos y obstáculos mientras los llevas hacia sus puertas!

Satisfactoria pintura de diamantes: Usa los bloques despejados para pintar y descubre divertidas obras de arte con diamantes hechos a mano.

Mecánica de puzles única: Habilidades lógicas y estrategia para terminar las pinturas y llenar tu galería.

Controles fluidos: La intuitiva mecánica de deslizamiento garantiza una experiencia divertida y fluida.

 Gráficos vibrantes: ¡Disfruta de un juego colorido y emocionante, con bloques volando y emocionantes revelaciones de pinturas de diamantes!

Cómo jugar:

Desliza los bloques para que coincidan con las puertas de colores.

El objetivo es simple: ¡mueve los bloques a través de las puertas para desbloquear diamantes para tus pinturas!

¡Piensa con anticipación! Encontrarás nuevos desafíos a medida que avanzas: planifica tus movimientos antes de que se acabe el tiempo.

Ya sea que busques relajarte después de un largo día o desafiar tu mente con emocionantes rompecabezas, Gem Jam Painting te mantendrá entretenido durante horas. ¡Descárgalo AHORA y crea un montón de pinturas maravillosas mientras ejercitas tu cerebro!",,,
azurgames.idle.war,Kingdom Clash: Sim de batallas,Estrategia,https://play.google.com/store/apps/details?id=azurgames.idle.war&hl=es&gl=es,"¿Estás listo para unirte a las batallas épicas para luchar por la libertad de tu reino? ¡Embárcate en un viaje a un reino medieval sumido en crueles guerras entre reinos! ¡Juega al épico juego de estrategia de guerra Kingdom Clash y gana todas las batallas!

TÁCTICAS MAESTRAS DE BATALLA

En esta estrategia de simulador de batalla del ejército, debes desplegar tus unidades de soldados en el campo de batalla para luchar contra el ejército enemigo de guerreros medievales y criaturas no muertas. Necesitas fusionar, mejorar y colocar a tus guerreros en la arena. Mejora tu táctica de guerra, toma decisiones estratégicas acertadas basadas en la capacidad de tus legiones de batalla, las fuerzas militares de los enemigos y las condiciones del mapa. ¡El arte de la guerra es mucho más difícil de lo que piensas!

LUCHA CONTRA JEFES ÉPICOS

¡El antiguo mal ha despertado! ¡Solo tú puedes derrotar a las poderosas criaturas y liberar tus tierras! ¡Lleva a tu ejército a guaridas peligrosas y no dejes que tu ejército falle en el juego de simulador de guerra de batalla!

ACTUALIZAR A LOS GUERREROS VALIENTES

Reúne, fusiona y mejora a los héroes de guerra de tu legión para ganar todas las batallas medievales. ¡Lanceros, bombarderos, paladines, arqueros y docenas de otras tropas están listas para luchar por usted, comandante! ¡Desbloquea y sube de nivel a todos los guerreros para construir el ejército más fuerte del mundo de ""Kingdom Clash""!

CONVOCA HÉROES PODEROSOS

¡Reúne héroes legendarios en tu poderoso escuadrón para combatir a los enemigos más rápido! ¡Cada personaje tiene sus propias habilidades y destrezas únicas que pueden llevar a tu legión a la victoria!

ENFRENTARSE A VARIOS ENEMIGOS

¡Lucha contra oponentes peligrosos que van desde guerreros armados hasta criaturas no-muertas sedientas de sangre! ¡Perfecciona tu estrategia de batalla única para derrotar a cada uno de ellos! ¡Conviértete en el guardián invencible de tu reino!

CONQUISTA TIERRAS LEJANAS

Instala la estrategia del simulador de batalla de legiones y lucha contra ejércitos enemigos en campos de batalla en 3D. Desiertos secos, tierras heladas, bosques verdes y otros campos de batalla bien diseñados esperan que comiencen las batallas épicas. ¡Pronto habrá más ubicaciones!

ELIGE TUS TÁCTICAS DE BATALLA

¡Prepárate tanto para el asedio como para la defensa de la fortaleza! ¡Piensa y aplica diferentes tácticas de batalla dependiendo de las condiciones del campo de batalla medieval!

¡Definitivamente te encantará la estrategia de guerra del simulador de batalla táctico ""Kingdom Clash"" si eres fanático de los juegos de batalla y los mejores juegos de estrategia de simulador de guerra!

¿Estás listo para convertirte en un comandante estratégico del ejército de guerra del reino? ¡Defiende tus tierras y conviértete en un verdadero campeón del reino en este gran juego de estrategia de simulador de batalla antiguo! ¡Juega gratis a la estrategia de simulación de batalla Kingdom Clash ahora mismo!

======================
<strong>COMUNIDAD DE JUEGO:</strong>
======================
Facebook: https://www.facebook.com/KingdomClashAzurGames
Instagram: https://www.instagram.com/kingdom_clash_game
Discordia: https://discord.gg/9dK2yT2cFb",4.417047,393420.0,455.0
ball.sort.puzzle.color.sorting.bubble.games,Clasificación de Bolas,Puzles,https://play.google.com/store/apps/details?id=ball.sort.puzzle.color.sorting.bubble.games&hl=es&gl=es,"<b>Como el juego de clasificación de colores más relajante y adictivo, este rompecabezas de bolas está diseñado para entretener y agudizar tu mente al mismo tiempo.</b> Mientras clasificas las bolas de colores para llenar cada botella con el mismo color, la relajación es trae aliviará el estrés y lo distraerá de sus preocupaciones diarias.

Este clásico juego de clasificación de colores es bastante simple de jugar, pero difícil de dominar. Simplemente toque para tomar una bola de color de una botella y apilarla en otra botella, hasta que todas las bolas del mismo color estén en la misma botella. Sin embargo, hay miles de acertijos de diferente dificultad. Cuanto más desafiantes sean los rompecabezas que juegas, más cuidadoso debes ser con cada movimiento. ¡Cada movimiento no puede tomarse a la ligera, o puede quedarse atascado! Este juego Ball Sort es definitivamente el mejor juego de rompecabezas para que ejercites tu cerebro y entrenes tu pensamiento lógico.

<b>⭐ CARACTERÍSTICAS PRINCIPALES ⭐</b>
🆓 Juego de clasificación de colores absolutamente GRATIS
🤩 Control con un dedo, solo toque para ordenar la pelota
🥳 Miles de niveles para desafiar, dificultad variable y alegría infinita
⏳ SIN TEMPORIZADOR, disfruta de la Bola Clasificando acertijos a tu propio ritmo
▶️ SIN penalizaciones, puede reiniciar su nivel actual en cualquier momento
💡 Use ""Deshacer"" para volver a los pasos anteriores, o haga clic en ""Agregar"" para agregar una botella adicional
🧠 Entrena tu cerebro en juegos relajantes
🎮 Juego simple pero adictivo
📶 Juego SIN CONEXIÓN, sin necesidad de conexión a la red
☕ Juego familiar, apto para todas las edades.

<b>⭐ CÓMO JUGAR ⭐</b>
🟡 Toca cualquier botella para recoger la bola superior, luego toca otra botella para mover la bola hacia ella.
🟢 Solo puedes apilar la bola en una botella con la bola del mismo color encima y suficiente espacio.
🔴 Cuando las bolas del mismo color se clasifican en una sola botella, ¡tú ganas!
🟣 Cada botella solo se puede colocar con 4 bolas.
⚫ Use ""Deshacer"" para volver a los pasos anteriores.
🟤 Agrega una botella extra si te quedas atascado.
🔵 Puede reiniciar el nivel actual en cualquier momento.

Este desafiante pero relajante juego de Clasificación de Bolas nunca te aburrirá cuando juegues los rompecabezas de clasificación de colores. Comparta nuestro juego de entrenamiento mental con su familia y disfrute de un día completo de tiempo familiar entretenido y relajante en la clasificación de colores.

¿Estás listo para una experiencia de juego colorida con este juego de combinación de colores de bolas? ¡Descárgalo ahora y juega con tu familia y amigos! ¿Quién será el maestro de la Clasificación por Colores?

Política de privacidad: https://ballsort.gurugame.ai/policy.html
Términos de servicio: https://ballsort.gurugame.ai/termsofservice.html",4.8545036,796804.0,282.0
ball.sort.water.color.hoop.stack.puzzle,Juego de clasificación de bola,Puzles,https://play.google.com/store/apps/details?id=ball.sort.water.color.hoop.stack.puzzle&hl=es&gl=es,"Rompecabezas de colores de clasificación de bolas: un juego de clasificación de colores, es un juego divertido y relajante para matar el tiempo. Simplemente toque la bola y cambie las mismas bolas a tubos y haga que se clasifiquen correctamente. Es fácil de aprender con un sinfín de desafíos.

Cómo jugar:
Toque los tubos para hacer estallar la bola superior.
Mueva la bola a otro tubo con una bola del mismo color en la parte superior.
Haz que cada tubo sea de un solo color para completar el nivel.

Característica:
• Bolas de colores
• Increíble juego de clasificación.
• 5 temas de bolas gratis.
• Más de 1000 niveles
• Sin límite de tiempo
• No necesita WIFI
• Juega con familiares y amigos
• Tabla de clasificación mundial para rompecabezas de clasificación de bolas.

Descarga el rompecabezas de colores de clasificación de bolas y disfruta de tu viaje sin fin. :)",4.3675213,45168.0,163.0
beatmaker.edm.musicgames.pianofire2,Piano Fire 2: Slide Challenge,Música,https://play.google.com/store/apps/details?id=beatmaker.edm.musicgames.pianofire2&hl=es&gl=es,"¿Te encanta la música y quieres mostrar tu sentido del ritmo?
Entonces juega el ""Piano Fire 2"", ¡El nuevo juego ideal para los amantes de la música! ¡Aquí puedes disfrutar de los ritmos musicales que te encantan y al mismo tiempo desafiar tus reflejos!

<b>¿Cómo jugar? <b>
<b>Toca<b> los bloques de colores al ritmo y haz sonidos increíbles!
<b>Reproduce<b> tus canciones favoritas y domine las melodías!

<b>Características del juego<b>
Una variedad de géneros musicales: más de 300 canciones para elegir, ¡Aseguramos que haya una melodía para todos!
Un tesoro de recompensas: desbloquea <b>NUEVAS<b> canciones, diseños increíbles y conmemora tu desafío con logros especiales.
Una armonía sensorial: experimente un juego donde los sonidos y las imágenes se combinan perfectamente, brindando una experiencia de juego cautivadora.
Una emoción sin fin: ¡Niveles innovadores con desafíos continuos!

¡Únete al mundo de ""Piano Fire 2"" y lleva tu experiencia musical al siguiente nivel!
Ya seas un jugador que busca relajarse en tu tiempo libre o un aspirante maestro musical desafiante, ¡Este juego es la combinación <b>PERFECTA<b> para cualquiera que ame la música!</b></b></b></b></b></b></b></b></b></b></b></b>",4.49,78213.0,31.0
beats.color.sing.star.rush,Magic Level 9: Juego de Música,Música,https://play.google.com/store/apps/details?id=beats.color.sing.star.rush&hl=es&gl=es,"Magic Level 9: Juego de Música
¡Desbloquea canciones, descubre secretos y siente el ritmo! 🎵

¡Entra en un mundo donde cada toque revela una sorpresa musical! 🎹 Piano Secret Tiles es una aventura rítmica llena de diversión y misterio. Toca al compás, desbloquea canciones ocultas y explora increíbles temas mientras recoges regalos por el camino.

🎵 Toca y Disfruta
¡Fácil de aprender y emocionante de dominar! Siente cómo fluye la música mientras superas desafiantes niveles de piano. ¡Toca las notas correctas y sigue el ritmo... si fallas, se acaba el juego!

🎶 Desbloquea Canciones Secretas
¡Cada melodía es un secreto por descubrir! Avanza y revela grandes éxitos, canciones virales y melodías exclusivas que solo encontrarás aquí.

🎁 Colecciona Regalos y Sorpresas
Monedas, temas raros y canciones premium te esperan. ¡Gana recompensas diarias y desbloquea nuevas sorpresas cada vez que juegues!

🌈 Personaliza tu Mundo
Descubre fondos de ensueño, colores brillantes y efectos únicos. ¡Haz que cada toque sea mágico!

🔥 Compite con tus Amigos
¿Eres el más rápido? ¡Demúestralo! Escala posiciones en el ranking y presume de tus habilidades al piano en tiempo real.

🎼 Características principales:
• Gran biblioteca musical: pop, piano y temas relajantes
• Múltiples modos de juego para todos los niveles
• Visuales preciosos y temas desbloqueables
• Recompensas y desafíos diarios
• Clasificaciones globales y entre amigos
• Nuevas canciones y sorpresas en cada actualización

Si te encanta la música o simplemente quieres tu nuevo juego favorito, Magic Level 9: Juego de Música te enganchará desde el primer toque.
🎶 ¡Descárgalo ahora y empieza a desbloquear la magia, una tecla a la vez!",4.548077,49556.0,33.0
bible.wordgame.words.connect.crossword.cookies,Sopa de letras de la Biblia,Palabras,https://play.google.com/store/apps/details?id=bible.wordgame.words.connect.crossword.cookies&hl=es&gl=es,"Juega este divertido divertido juego de palabras de la Biblia! ¡DESCARGA este sencillo juego de palabras bíblicas!                                                                                                                                                                                                                                                                                                                                                                                                Es un juego de conexión de palabras con el que aprenderás palabras de la Biblia, desbloquearás versículos de la Biblia, pasarás el cuestionario de la Biblia y resolverás rompecabezas de la Biblia con amigos y familiares. Sopa de letras de la Biblia comienza como un juego de palabras fácil, pero se complica a medida que juega más desafíos de rompecabezas de palabras y cuestionarios bíblicos. DESCARGA Sopa de letras de la Biblia, el fácil, pero ADICTIVO juego de conexión de palabras！

¿Cómo se juega? 
- Conecta las letras para construir una palabra válida
- Busca todas las palabras ocultas para conseguir toneladas de monedas extra
- Baraja o consigue una pista para encontrar varias palabras
- ¡Haz una captura de pantalla y juega con tu familia y amigos en Facebook!

¿Por qué Sopa de letras de la Biblia?
- Un juego de rompecabezas de palabras bíblicas
- Juega juegos de palabras OFFLINE en cualquier momento y lugar
- Juega juegos de palabras con amigos y familiares                                                                                       

Características                                                                                                                                                                                 
 - Recopila palabras y versos para desbloquear juegos de palabras y concursos bíblicos                                                                 
 - Recompensas y monedas diarias                                                                                                                                                   
 - Más de 900 niveles para juegos de palabras                                                                                                                                 
 - Desafiantes cuestionarios bíblicos y divertidas sopas de letras                                                                                                   
 - Los juegos de palabras bíblicos son perfectos para los niños y los cuestionarios bíblicos están diseñados para los adultos

Sopa de letras de la Biblia es un juego de conexión de palabras para niños y adultos. Cuantas más palabras se encuentren, más divertido será. ¡Empieza fácil pero luego se hace más difícil! 

Juega a Coleccionar Versos de la Biblia, resuelve rompecabezas de juegos de palabras, ¡comparte la experiencia del juego de palabras de la Biblia con tus amigos!

Juega juegos de conexión de palabras bíblicas y puzles de palabras ahora en Sopa de letras de la Biblia. La buena manera de estudiar la Biblia y aprender palabras bíblicas mientras juegas al juego de preguntas bíblicas. Sopa de letras de la Biblia incluye juegos educativos de la Biblia, juegos de búsqueda de palabras de la Biblia, y juegos de la Biblia para adultos

Disfruta juegos de palabras y resuelve puzles de palabras en Sopa de letras de la Biblia.

Sigue en contacto con Sopa de letras de la Biblia

Envíanos un email a: support@oakevergames.com

Sigue nuestra página: https://www.facebook.com/bibleVerseCollect

Visita nuestra página: https://oakevergames.com",4.60241,412275.0,750.0
biggiant.prisonescape,Puzle de escape de la prisión,Aventura,https://play.google.com/store/apps/details?id=biggiant.prisonescape&hl=es&gl=es,"JUEGO DE ESCAPE – ENCUENTRA PISTAS, OBJETOS Y RESUELVE LOS ROMPECABEZAS DE BIG ESCAPE 
¿Te gusta la emoción de los juegos de aventura y juegos de estrategia donde el objetivo es de escapar de prisión?
¿O tal vez te gusta desafiar tu mente con tentadores desafíos de escape puzzle?

Presentamos Prison Escape Puzzle, uno de los mejores juegos de prison break con más de 18 millones de jugadores en todo el mundo.  Con una mezcla de escapes de la prisión y aventura, en Prison Escape Puzzle tienes que encontrar una salida y escapa de la prisión usando tu mente y lógica.

¿Puedes escapar de la prisión aventura y completar todos los escape puzzle? Demuestra que eres un escape master resolviendo los 
desafíos del escape puzzle con el fin de escapar de prisión

ESCAPA DE LA PRISON 
De repente te encuentras acusado de ser un criminal y encerrado en una antigua prisión en la ciudad de Alcatraz. Rápidamente te das cuenta de que tienes que desempeñar el papel de fugitivo de la prisión y sobrevivir. Resuelve los rompecabezas y encuentra objetos que te ayudarán a salir de la prisión. Deleita tu mente jugando los siguientes niveles de escape de la prisión:
• Celda de prisión
• Celda de seguridad
• Ala Fácil
• Almacén
• Bloques de celdas
• Taller
• Nivel de seguridad
• Pisos superiores

ESCAPE ROOM PRISON DE ALCATRAZ
El escape de la prisión comienza con el aislamiento en Alcatraz, pero una vez que completa el escapes game y resuelves todos los niveles de escape de la prisión, te encontrarás en una verdadera port aventura de escape.
• Alcatraz Día 1-3
• Alcantarillas
• Puesto de avanzada
• Muelle

ESCAPE PUZZLE DE LA INSTALACIÓN NEW DAWN
Obtén la vacuna de la instalación New Dawn, considerada la única forma de proteger a las personas de los
 efectos devastadores del pandemic.
• En el bosque
• Instalación New Dawn
• Niveles superiores
• Laboratorio subterráneo
• Centro de investigación
• Laboratorio
• Ribera
• Zona residencial
• Apartamento 
• Estanque

ìESCAPE PUZZLE AVENTURA ALREDEDOR DEL MUNDO
Viaja a las cumbres del Himalaya como un verdadero  fugitivo de la prisión. Escapa de las remotas islas boscosas y descubre la salida de un antiguo templo Maya. Aquí hay una lista de todos los niveles de aventura del escape puzzle:
• Aeropuerto
• Perdido en el bosque
• En la cumbre del Himalaya
• Ruinas Mayas
• Trabajos del Ministerio del Interior

ESCAPE ROOM DE SUSPENSE Una
vez que hayas resuelto todos los niveles de escape de la prisión y puzzle de aventura, te retamos a que pruebes nuestro Escape Puzzle Thriller, no hay forma de volver a casa.
Estos emocionantes niveles de scape room de aventura incluyen:
• Escape del Hospital
• Cabaña de Madera
• Aldea Tribal
• Escape room puzzle de la Ciudad Fantasma.

UNA MISIÓN LÓGICA LLENA DE MISTERIO
Todas las scape room en este rompecabezas de escape de la prisión requieren que domines tu lógica y desbloquees la misión misteriosa. Busca, descubre, recolecta objetos y excava para salir del enigmático laberinto y completar con éxito tu salida de la prisión.

JUEGA SIN CONEXIÓN
¿Estás buscando divertidas aventuras de rompecabezas offline para jugar durante tus trayectos diarios o mientras viajas? Con nuestro juegos misterio de escape puzzle puedes jugar sin conexión. 

PRISON ESCAPE - CARACTERÍSTICAS DE LA MISTERIOSA SCAPE ROOM DE LA PRISIÓN: 
• clásico escape puzzle de escape de la prisión
• investiga, encuentra pistas, recolecta objetos para escapar de la prisión 
• gráficos HD nítidos 
• modo de juego simple 
• pistas 
• niveles adicionales de juego de escape de port aventura en el mundo 
• niveles adicionales de escape puzzle de suspense 
• disponible en varios idiomas 
• juega sin conexión al juego de escape de aventuras 

¡Es hora de ponerse a prueba en esta divertida aventura y emocionante juegos misterio de puzzle escape! Resolver los desafíos de las aventuras de prison escape es un excelente enigma lógico, desafío para la mente y entrenamiento mental.",4.3120804,274587.0,1259.0
block.puzzle.sudoku.free.game.classic.offline,Bloque Sudoku Puzzle de madera,Puzles,https://play.google.com/store/apps/details?id=block.puzzle.sudoku.free.game.classic.offline&hl=es&gl=es,"<b>Juego Sudoku de Bloque de Madera</b> es un juego de Sudoku de Bloques. Combina el clásico rompecabezas de Bloque y Sudoku! Es sencillo de jugar y divertido para desafiarte a ti mismo. No solo podrás aplastar bloques en líneas, también bloques en celdas de 3x3. Por lo tanto, Sudoku de Bloque de Madera tiene múltiples formas de bloques para que los ubiques!


En Sudoku de Bloques de Madera, encontrarás:

<b>Experiencia de Juego Única!</b> El Juego Sudoku de Bloque de Madera es un juego clásico de bloques con un cojunto de nuevas reglas! Lo único que necesitas en este Sudoku de Bloque de Madera es despejar la mayor cantidad de baldosas en un tablero de celdas de 9x9. Puedes colocar los bloques de manera horizontal o vertical para despejar todos los bloques. En este Juego Sudoku de Bloques de Madera puedes despejar baldosas también en celdas de 3x3! Y puedes traer tu sabiduría al juego para organizar distintas líneas y celdas y conseguir el <b>MODO COMBO</b>!

<b>Un Reglamento Especial!</b> Tenemos un reglamento para el juego en Sudoku de Bloque de Madera especial para ti! Dado que los bloques no pueden rotarse, es muy común para los jugadores de rompecabezas encontrarse en situaciones donde los bloques no encajan en ningún lugar, y el juego termina. Ahora diseñamos especialmente una caja para ti para almacenar bloques que no tengan lugar en tu tablero. Déjalos en la caja y obtén nuevos bloques con nuevas formas! Retíralos cuando tengas espacio en el tablero para ellos! Esta caja especial hace facil y divertidos a los juegos de bloques! Obtén tu mejor resultado con ella!

<b>¡Sin tiempo límite!</b> Sudoku de Bloque de Madera provee puro ambiente de juego para sus participantes! No hay tiempo límite en el que los jugadores puedan salir a eliminar tantos bloques como sea posible y obtener el mayor puntaje!

<b>Modo de Puntaje Múltiple!</b> Los jugadores de Sudoku de Bloque de Madera pueden puntuar cuando eliminen bloques en forma vertical u horizontal, o por celdas de 33. Además, los jugadores pueden utilizar su sabiduría para organizar múltiples líneas y celdas para obtener el <b>PUNTAJE COMBO</b>! Y lo que es mejor, cuando los jugadores puntúen continuamente obtendrán la <b>CADENA DE PUNTAJE</b>!

Sudoku de Bloque de Madera es simple de jugar pero lleno de desafíos! Los jugadores pueden tomar ventaja con su pensamiento lógico para ubicar bloques de diferentes formas justo en el lugar adecuado. Requiere estrategia tomar decisiones. Un pequeño paso puede darle al jugador el trofeo de mayor puntaje o terminar el juego!

Sudoku de Bloque de Madera es clásico y desafiante! Puedes afilar tu mente y mejorar tu IQ con Sudoku de Bloque de Madera! Descarga Sudoku de Bloque de Madera y compártelo con tus amigos y familia. Desafíalos con tu puntaje para comprobar si son capacez de vencerte!

Sudoku de Bloque de Madera es apto para personas de todos los géneros y edades! Diviertete con Sudoku de Bloque de Madera! Puedes jugar Sudoku de Bloque de Madera mientras esperas por tu café, o mientras haces la fila. Sudoku de Bloque de Madera también es un juego fuera de línea! Puedes jugarlos en cualquier momento y lugar!

Jugar Sudoku de Bloque de Madera es adictivo! Desafíate a ti mismo para lograr mayores puntajes! Este Sudoku de Bloque de Madera es un consumidor de tiempo! No es facil romper tu propio record. Pero es adictivo hacer el esfuerzo! Ajusta tu estrategia y haz el esfuerzo!

Descarga Sudoku de Bloque de Madera. Obtén una eperiencia única de juego. Comparte el Sudoku de Bloque de Madera con tus amigos y familia! Diviertete y ejercita tu mente con este Sudoku de Bloque de Madera!",4.4456353,250862.0,1467.0
blockpuzzle.wood.sudoku.puzzlegames,Wood Block 99 - Sudoku Puzzle,Puzles,https://play.google.com/store/apps/details?id=blockpuzzle.wood.sudoku.puzzlegames&hl=es&gl=es,"<b> Wood Block 99 </b>, un juego de rompecabezas estilo madera con una nueva jugabilidad, que <b> ¡combina Sudoku y Puzzle! </b> 🤩
Es más tranquilo y adictivo. <b> Un espacio más para los bloques de repuesto </b>, puedes usar tu ingenio para crear más combos. Relájese en cualquier lugar mientras mejora sus habilidades geométricas espaciales.

💗 ¡Conviértete en un fan de Wood Block 99, alivia tu estrés y aumenta tu capacidad intelectual! 💗

💕 <b> Más personas lo están disfrutando </b>
-El estilo de madera te acerca a la naturaleza.
-Una cuadrícula para colocar un bloque temporalmente no deseado.
-Juega sin conexión sin WIFI.
-Sudoku de madera 100% gratis.
-Ligero de instalar.
-Juego relajante sin límites de tiempo.

🌈 <b> Fácil y divertido de jugar </b>
-Arrastra y mueve bloques de madera para llenar la cuadrícula del tablero de 9x9.
-Limpie los bloques haciendo líneas horizontales, verticales completas o filas cuadradas de 3x3.
-Quitar varias líneas a la vez obtendrá una puntuación más alta.
-La ronda terminará si no hay espacio para bloques extra.

🤔 <b> ¿Cómo ser un maestro? </b>
-¡Usa tus estrategias para eliminar bloques continuamente para obtener <b> PUNTOS COMBO </b>!
-Uso inteligente de la rejilla sobrante.
-Trata de no dejar ningún espacio en blanco.

<b> Juega Wood Block 99 tan gratis como quieras. ¡Esperamos que puedas pasar un buen rato con él! </b>",4.41,72925.0,178.0
br.com.w12.vitastudio,Vita Studio,Salud y bienestar,https://play.google.com/store/apps/details?id=br.com.w12.vitastudio&hl=es&gl=es,"¡Con Vita Studio, todos los miembros de los gimnasios que usan EVO pueden llevar la experiencia de entrenamiento dondequiera que estén!
 
Vea todo lo que Vita Studio ofrece para su experiencia de entrenamiento:
 
- Accede a tu ENTRENAMIENTO: información sobre ejercicios, cargas, repeticiones, consejos de ejecución y caducidad del entrenamiento. Consulta también tu valoración física cuando quieras.
 
- Consultar el horario de clases: hacer check-in, consultar horarios, reservar plaza en la sala y, si la clase que quieres está llena, ¡recibir un aviso en cuanto haya plaza disponible!
 
- Interactuar con profesores y compañeros de clase a través de TIMELINE, publicando fotos y mensajes.
 
- NOTIFICACIONES: Vita Studio te notifica tus próximas actividades o si alguien te ha enviado un mensaje, ¡para que no corras el riesgo de perderte más clases o ese mensaje importante!
 
¡Es mucho más!",,,
bubbleshooter.orig,Bubble Shooter,Puzles,https://play.google.com/store/apps/details?id=bubbleshooter.orig&hl=es&gl=es,"Juega al clásico y más adictivo juego bubble pop GRATIS.  Combina 3 colores y despeja niveles.  No te pierdas este divertido juego!  En esta buena versión antigua necesitas apuntar y disparar para hacer caer y reventar todas las burbujas.  Agiliza tu mente con este original puzzle a medida que aplastas bolas online u offline – en cualquier momento!  Bubble Shooter ™ es la mejor aplicación gratis disponible en Google Play.

<b>Descarga AHORA el Mejor Juego de Explosión de Bubble y Comienza a Reventar Burbujas!</b>
¿Listo para comenzar la acción?
Apunta, combina y revienta todas las bolas en esta relajante aventura de combinar colores.  Este shooter increíble es simple y fácil de aprender, perfecto para que lo disfruten tanto niños como adultos!
¡Pon a prueba tus habilidades estrategas!  Compite contra amigos y familia para ver quién consigue el puntaje más alto y 3 estrellas en cada nivel.  Gana monedas mientras juegas y 
utilízalas para conseguir potenciadores espectaculares.  Utiliza tus habilidades de lógica y de resolución de puzzle para completar las divertidas misiones y así despejar la pantalla (asegúrate de recoger los bonus diarios especiales!).

<b>Juega el Modo Clásico – Muy Simple, Muy Divertido.</b>
Combina 3 bolas para reventarlas y despejar la pantalla.  Completa las misiones y gana fabulosos premios.  Toca la pantalla para arrastrar la puntería del laser y suelta para realizar el disparo.  Es importante tener una estrategia según las diferentes disposiciones de las burbujas en cada nivel.  Dispara y explota todas las bolas de colores en este divertido juego gratis.  Apunta con cuidado y dale al blanco!  Atraviesa los diferentes desafíos y puzzles, resuelve rompecabezas y ganas niveles.

<b>Prueba el Modo Puzzle y Descubre lo Último en Diversión de Bubble Popping!</b>
Este shooter es una emocionante aplicación gratis para explotar burbujas con miles de puzzles desafiantes que dominar.  Dispara a las bolas de colores para avanzar al próximo apasionante nivel de puzzle.  Agiliza tu mente y prueba tus habilidades para combinar mientras juegas a este adictivo juego gratis.
Apresúrate y únete a la manía de explosión de burbujas, pero ten cuidado – una vez que empiezas a explotar burbujas, simplemente no podrás parar!


<b>Juego retro, nuevas características</b>
Tomamos al clásico juego de árcade y agregamos algunas características nuevas que definitivamente te encantarán.

CARACTERÍSTICAS PARA LA DIVERSIÓN: 
★ Más de 6,500 emocionantes niveles y otros más que se van agregando todo el tiempo.
★ Nuevos elementos y grandes premios.
★ Flamantes efectos y sonidos.
★ Recoge impresionantes premios diarios.
★ Conéctate a Facebook y comparte la diversión con tus amigos!
★ Mantente al tanto: ahora tienes la opción de enviar un mensaje directo para ayuda.
★ Marcador, logros desafiantes.
★Despeja obstáculos y derrota a los desafíos.
★ Modo daltónico – para que todos puedan disfrutar gratis de los divertidos juegos de combinar.
★ Explotar 7 burbujas en una fila para desbloquear la fireball.
★ Haz caer más de 10 burbujas de una sola vez para conseguir una bomba,
★ Juega en cualquier momento, en cualquier lugar.  No se necesita conexión WiFi!

<b>Prepárate, apunta y dispara las bolas!!</b>

Descarga y juega a este divertido juego de árcade gratis. Es la aplicación perfecta para jugar sin WiFi!

Bubble Shooter ™ es completamente gratis para jugar, pero algunos ítems opcionales dentro del juego requerirán el pago.  Puedes desactivar la opción de pago deshabilitando las compras in-app (dentro de la aplicación) en la configuración de tu dispositivo.

Ten en cuenta que los anuncios de Bubble Shooter no muestran la jugabilidad real del juego.

Síguenos para las novedades, actualizaciones y sorpresas divertidas!
Visita nuestra página de Facebook: https://www.facebook.com/BubbleShooterOriginal/",4.5054946,2331179.0,2004.0
ca.dominospizza,Domino's Canada,Comer y beber,https://play.google.com/store/apps/details?id=ca.dominospizza&hl=es&gl=es,"Descarga la app de Domino's Canadá hoy mismo y personaliza tu pedido como quieras. Rastrea tu pedido y regístrate en Domino's Rewards para ganar puntos y obtener pizza GRATIS. Toca. Pide. Disfruta.

Características de Domino's:

COME LO QUE TE ENCANTA
- Consigue tus pizzas, ingredientes y acompañamientos favoritos
- Personaliza tu pizza con el creador de Domino's

DOMINO'S EN CUALQUIER LUGAR
- Pide de forma segura tus delicias favoritas con la entrega y recogida sin contacto de Domino's
- Guarda tus favoritos y paga más rápido con tus pedidos fáciles
- Rastrea tu pedido en cualquier momento y lugar con Domino's Tracker

DOMINO'S REWARDS
- Obtén cupones y ofertas exclusivas
- Gana puntos y obtén pizza GRATIS

Requisitos:
Android 4.4 o superior.

Si tienes preguntas o comentarios sobre esta app, nos encantaría leerlos. Envía un correo electrónico a customersfirst@dominos.ca

¿Prefieres la versión de escritorio? Visita http://www.dominos.ca",,,
camera.seissiger.notify,SUPERSIM,Casa y hogar,https://play.google.com/store/apps/details?id=camera.seissiger.notify&hl=es&gl=es,"Gracias a los útiles comentarios de muchos usuarios, la aplicación SUPERSIM mejora y es más rápida con cada actualización.
Seguimos agradeciendo sus comentarios.
 
Gratis: portal SUPERSIM y aplicación SUPERSIM:

- recibir, ver, guardar y gestionar grabaciones de forma intuitiva
- Notificación push sin abrir la aplicación
- Verificar el estado de la cámara
- Ajustar y alinear la posición de la cámara.
- Controlar remotamente la activación y la configuración
- Comparte grabaciones a través de la función ""Álbumes""
- Reenviar grabaciones directamente
- Reenvío automático de grabaciones por correo electrónico.

Prepago: barato y transparente:

- SIN tarifa básica, compromiso contractual, suscripción, ventas mínimas ni fecha de vencimiento
- Combinar cualquier número de tarjetas SIM por cuenta (pooling)
- La facturación solo se produce una vez por grabación transferida desde la cámara
- sólo 0,02€ de 1 a 100kB (por ejemplo, foto 0,3MP/640x480)
- sólo 0,03€ de 101 a 300kB (por ejemplo, foto 1,2MP/1280x960)
- sólo 0,06 € de 301 kb a 3,1 MB (por ejemplo, vídeo HD de aproximadamente 5 segundos)
- sólo 0,09 € de 3,1 MB a 5 MB (por ejemplo, vídeo HD de aproximadamente 10 segundos)
- cada MB adicional a partir de 5MB: 0,09 €/MB

una tarifa - en todas las redes de Europa:

SUPERSIM marca automáticamente a todas las redes de telefonía móvil accesibles en 40 países de toda Europa.
Con SUPERSIM tienes la máxima cobertura de red y recibes tus fotos y vídeos de forma fiable desde tus cámaras de vigilancia y vida silvestre (de todos los fabricantes).",0.0,0.0,0.0
ch.hbenecke.sunday,"Sunclock: Sol, Luna y Luz",Herramientas,https://play.google.com/store/apps/details?id=ch.hbenecke.sunday&hl=es&gl=es,"Sunclock es un reloj astronómico que muestra no solo la hora civil, sino también las horas de salida y puesta del sol, y las distintas fases del crepúsculo. De este modo, ofrece una visión precisa del transcurso natural del día.

Sin embargo, la aplicación ofrece mucho más que la simple visualización de la hora actual: también permite medir el tiempo en diversos sistemas históricos y culturales utilizados en civilizaciones como el Imperio bizantino, el Imperio romano, el judaísmo y el islam. Esto permite comprender los diferentes métodos de medición del tiempo utilizados por diferentes culturas, desde las Horas Temporales hasta la Liturgia de las Horas, pasando por el Zmanim y el Salat.

Sunclock es una herramienta útil para fotógrafos. Basándose en la ubicación y la fecha, calcula las condiciones óptimas de iluminación, como las horas doradas y azules, y el crepúsculo. Esto permite a los fotógrafos aprovechar las mejores condiciones de iluminación para sus fotos.

La aplicación también proporciona horas precisas de salida y puesta de la luna, así como de las fases lunares. Además, permite simular eventos celestes, lo que permite una observación precisa del cielo nocturno.

Sunclock es totalmente personalizable y se puede diseñar según tus preferencias. Puedes elegir entre varios diseños de reloj, incluyendo analógicos, digitales o zodiacales. También puedes personalizar los colores y la disposición. La app ofrece una percepción del tiempo única y flexible y se puede usar de diferentes maneras: como widget interactivo, como fondo de pantalla animado o como aplicación independiente.

Sunclock es la solución ideal para cualquier persona interesada en el tiempo, la cultura y la astronomía. El dispositivo cuenta con detección de ubicación automática o manual y es compatible con varias plataformas. Ya seas fotógrafo, aficionado a la historia, buscador espiritual o simplemente te fascine la inmensidad del cosmos, Sunclock te ayuda a experimentar el tiempo de una forma completamente nueva.",4.57,12682.0,57.0
ch.protonvpn.android,Proton VPN: Rápida y segura,Herramientas,https://play.google.com/store/apps/details?id=ch.protonvpn.android&hl=es&gl=es,"<b> Proton VPN: Privacidad y Seguridad Ilimitada </b>

Proton VPN es la única aplicación VPN gratuita del mundo diseñada para ofrecer una seguridad excepcional y respetar tu privacidad por encima de todo. Nuestra VPN rápida garantiza un acceso a Internet privado, cifrado e ilimitado mediante funciones de protección avanzadas. Diseñada por los científicos del CERN, Proton VPN desbloquea el acceso a sitios web y plataformas de streaming globales con total libertad.

<b> Seguridad sin concesiones 🛡 </b>
Utilizada por millones de personas, nuestra VPN ofrece un refugio para tu privacidad online las 24 horas. A diferencia de otros servicios, no registramos tu historial de navegación, no mostramos anuncios molestos y nunca vendemos tus datos a terceros. Tu conexión permanece privada gracias a nuestro cifrado de disco completo.

<b> Funciones Gratuitas para Todos 🌐 </b>
● Acceso Ilimitado: Disfruta de una navegación sin restricciones de ancho de banda ni límites de velocidad.
● Privacidad Total: Nuestra política de no guardar registros asegura que tu actividad sea solo tuya.
● Supera la Censura: El protocolo inteligente supera bloqueos y permite el acceso a contenido restringido.
● Protección DNS: Ciframos tus consultas para evitar filtraciones y mantener tu seguridad intacta.

<b> Experiencia Prémium y Velocidad ⚡ </b>
● Red Global: Más de 20,000 servidores de alta velocidad en 140 países.
● Acelerador VPN: Tecnología que incrementa la velocidad de tu conexión hasta un 400%.
● Streaming Global: Accede a contenido de Netflix, Disney+ y más con una conexión ultra rápida.
● NetShield: Bloqueador de anuncios y protección contra malware integrado. 

<b> ¿Por qué elegir Proton VPN? 🚀 </b>
Nuestra arquitectura de código abierto garantiza que cualquier usuario pueda verificar nuestra seguridad. Con protocolos como WireGuard y cifrado AES-256, ofrecemos una protección superior a la de cualquier proxy estándar. Ya sea en Wi-Fi público o en casa, tu privacidad es nuestra prioridad absoluta.

Únete a la revolución de la privacidad y recupera el control de tu navegación hoy mismo.

Contáctanos en: https://protonvpn.com/support/contact",4.697968,919300.0,1725.0
chessfriends.online.chess,Ajedrez Online (en línea),Juegos de mesa,https://play.google.com/store/apps/details?id=chessfriends.online.chess&hl=es&gl=es,"Juegue al ajedrez online con más de 1.600.000 jugadores registrados de todo el mundo o contra el fuerte ordenador gratis.
La aplicación ChessFriends.com es la mejor herramienta para todo el mundo, incluyendo aficionados, jugadores profesionales o niños.

Características:
•	Gran comunidad internacional, ajedrez multijugador – Más de 1.600.000 jugadores registrados en http://www.chessfriends.com
•	Prevenir Errores – No cometer nunca un error o un fallo pinchando de nuevo
•	Varias opciones de control de tiempo: Juego de ajedrez clásico, bombardeo o bala
•	Juegos clasificados – Siga su clasificación y rendimiento
•	Juegue al ajedrez gratis con amigos
•	Fuerte ordenador para jugar offline, 20 niveles de dificultad
•	Clasificaciones y estadísticas detalladas con tablas
•	Cuenta de jugador – Perfiles de usuario con clasificación real       
•	Acceda a su cuenta desde varias plataformas, incluyendo navegadores web y dispositivos móviles
•	Múltiples lenguas soportadas - Jugar al ajedrez en linea en español.",4.5054946,179263.0,936.0
co.courseplay.menalearning,MENA Learning,Empresa,https://play.google.com/store/apps/details?id=co.courseplay.menalearning&hl=es&gl=es,"La solución de aprendizaje móvil para los usuarios del equipo de Last Mile que se actualizará en notificaciones, cursos y evaluaciones. Esta aplicación requerirá una identificación de inicio de sesión activa.

Esta aplicación está desarrollada por Firstventure Corporation Pvt Ltd, con sede en Mumbai, India.",,,
co.hodor.uzpoe,The Platform App,Educación,https://play.google.com/store/apps/details?id=co.hodor.uzpoe&hl=es&gl=es,"Bienvenido a The Platform App, su destino todo en uno para educación integral y desarrollo de habilidades. Nuestra aplicación es su puente hacia un mundo de conocimiento y ofrece una amplia gama de cursos y recursos para estudiantes de todas las edades y orígenes. La aplicación de la plataforma cuenta con instructores expertos, lecciones interactivas y materiales de estudio sólidos, lo que garantiza que reciba una educación de primer nivel. Ya sea que sea un estudiante que busca la excelencia académica o un profesional que busca avanzar en su carrera, nuestra plataforma le brinda las herramientas que necesita para tener éxito. Únase a The Platform App hoy y libere todo su potencial en su viaje educativo.",,,
co.jarvis.rghv,Raghav Tutorials,Educación,https://play.google.com/store/apps/details?id=co.jarvis.rghv&hl=es&gl=es,"Raghav Tutorials es una plataforma en línea para administrar los datos asociados con sus clases de tutoría de la manera más eficiente y transparente. Es una aplicación fácil de usar con características sorprendentes como asistencia en línea, gestión de tarifas, presentación de tareas, informes detallados de desempeño y mucho más, una solución perfecta para que los padres conozcan los detalles de la clase de sus pupilos. Es una gran combinación de diseño de interfaz de usuario simple y características interesantes; muy amado por estudiantes, padres y tutores.",,,
co.tapcart.app.id_4AdiiuTvtb,Hempvana,Compras,https://play.google.com/store/apps/details?id=co.tapcart.app.id_4AdiiuTvtb&hl=es&gl=es,"Queremos que te sientas genial usando nuestros productos. Todos deberían poder alcanzar sus objetivos de salud y felicidad, pero a veces las cosas se interponen en el camino. Su viaje es muy personal. Y queremos ayudarte a alcanzar tus metas ayudándote a mejorar lo que sea que te haga sentir menos que perfecto.

¿Estás listo para unirte a la revolución del cáñamo? Siente la diferencia cuando pruebes nuestros productos para el alivio del dolor, el bienestar y los suplementos.

Síganos
Facebook: @HempvanaStore
Twitter: @Hempvana1
Instagram: @Hempvana
Pinterest: @HempvanaLLC",,,
co.tapcart.app.id_BrDtBG7PIX,American Tall,Compras,https://play.google.com/store/apps/details?id=co.tapcart.app.id_BrDtBG7PIX&hl=es&gl=es,"Finalmente, estilos altos diseñados exclusivamente para hombres altos y mujeres altas. American Tall fue pionera en ropa diseñada para la altura. Ahora los estilos que te encantan están convenientemente ubicados en tu pantalla de inicio, con solo un toque.

Estilos altos, a tu alcance:
• Compre al instante sus estilos altos favoritos. Sin googlear, sin retrasos, sin tonterías.
• Ver y realizar un seguimiento de los pedidos anteriores.
• ¡Sé el primero en descubrir NOVEDADES, en cuanto lleguen al sitio!
• ¡La mejor manera de conocer nuevas y emocionantes ventas (y ahorrar $$$)!
• Fotografías de alta calidad de ropa alta, con una función de pellizcar para hacer zoom para una exploración detallada de las telas y las características.
• ¡Pague con ApplePay, ShopPay, GooglePay y PayPal!
• Administre su cuenta: actualice su perfil, métodos de pago y preferencias de notificaciones.",,,
co.thefab.tm,Clarify: ADHD Organizer & help,Salud y bienestar,https://play.google.com/store/apps/details?id=co.thefab.tm&hl=es&gl=es,"¿Tiene dificultades para mantenerse al tanto de las tareas y citas? ¿Es difícil cumplir los plazos, incluso cuando sabes que son importantes? ¿La falta de organización te hace sentir abrumado e insatisfecho?
Conquiste el caos y adopte una vida más centrada y organizada con Clarify, la mejor aplicación de gestión del tiempo diseñada para personas con TDAH, aquellos que sospechan que tienen TDAH o cualquier persona que quiera mejorar sus habilidades de funcionamiento ejecutivo.

En un mundo lleno de distracciones, donde el tiempo se escapa como arena entre los dedos, estás a punto de embarcarte en la búsqueda de tu vida. Te propones conquistar lo que muchos consideran imposible: dominar los ámbitos de la concentración y la gestión del tiempo.

¿Encuentra que tiene problemas con:
- ¿Enfocar?
- ¿Dilación?
- ¿Iniciando tareas?
- ¿Seguir adelante?
- ¿Relaciones?
- ¿Organización?
- ¿Control de los impulsos?

Los adultos con TDAH enfrentan desafíos con estos y más todos los días.
Sin embargo, tienes dentro de ti una fuente de energía secreta: una fuerza que proviene de tus habilidades únicas. En Clarify, transformarás tu vida, no trabajando contra el TDAH, sino a través de su mismo poder.

TU MANTENIMIENTO DEL ENFOQUE
A través del establecimiento de objetivos personalizados, estrategias personalizadas y orientación experta, le permitimos hacerse cargo de su tiempo y sus rutinas para crear días más productivos.
Esto es lo que puede esperar:
🎯 Encuentre el enfoque: trabaje con su mente única para desarrollar estrategias para una mayor productividad
💫 Sintonízate: aprende a identificar y reducir las distracciones
⌛ Supere la procrastinación: explore formas de ludificar su lista de tareas pendientes para completar tareas sin esfuerzo
🛠️ Habilidades y rutinas: esculpe tu rutina diaria para sostener el crecimiento a largo plazo
🌍 Panorama general: Libera tu verdadero yo, abraza tu individualidad y déjate florecer

LA VIDA CON TDAH ES FÁCIL
Clarify es su entrenador personal para el TDAH y lo guía a través de un viaje transformador de autodescubrimiento para encontrar una mayor productividad y concentración. A diferencia de otros planificadores para el TDAH, le ayuda a crear una base sostenible para el éxito con sólo dos rutinas sencillas:
🌀 Centrarse: comience el día con una breve actividad de centrado. Benefíciese de una variedad de técnicas, como reflexión, planificación, visualización guiada, meditación y ejercicios de respiración. Establezca un tono positivo para el día siguiente.
🚀 Trabajo profundo: adéntrate en una experiencia inmersiva adaptada a tus tareas. Los cronómetros lo mantienen comprometido, los recordatorios periódicos reenfocan su atención y el rastreador de finalización de tareas lo motiva a mantener el rumbo. Dile adiós a la procrastinación y desbloquea tu productividad.

DISEÑA TU DÍA PARA EL ÉXITO
✓ HERRAMIENTAS POTENTES: aumente su productividad y mejore sus habilidades de administración del tiempo con listas de tareas pendientes personalizables, modo de enfoque inmersivo y rastreadores de progreso. Clarify lo equipa para mantenerse al tanto de su apretada agenda.
✓ ORIENTACIÓN EXPERTA: acceda a técnicas basadas en evidencia específicamente seleccionadas para personas con TDAH. Nuestro equipo, que incluye psicólogos y entrenadores, se dedica a brindarle las estrategias más efectivas para manejar los desafíos relacionados con el TDAH y maximizar su potencial.
✓ ENFOQUE PERSONALIZADO: Entendemos que la experiencia del TDAH de cada persona es única. Clarify adapta sus funciones y recomendaciones a sus preferencias. Al adaptarse a tus necesidades, nuestra aplicación garantiza una experiencia personalizada.
✓ COMUNIDAD DE APOYO: Únase a una comunidad vibrante de personas que comparten sus luchas y triunfos. Participe en debates, comparta consejos e historias de éxito y encuentre inspiración en los viajes de otros. Juntos, creamos un espacio donde prosperan el crecimiento y el progreso.

QUIENES SOMOS
Clarify es presentado por los creadores de Fabulous, una aplicación galardonada que aparece en Lifehacker, New York Times, Self, Forbes, GirlBoss y más. A través de nuestras aplicaciones, hemos empoderado a millones de personas en todo el mundo para que mejoren sus vidas.
Atrévete a desatar tu superpoder. Libera todo tu potencial.
-------
Lea nuestros términos y condiciones completos y nuestra política de privacidad: https://www.thefabulous.co/terms.html",3.264706,8423.0,13.0
color.by.number.coloring.paint.puzzle.pixel.art.drawing.painting.games.kids.adults.fun.pictures,Color Master - MaestroColor‌,Juegos de mesa,https://play.google.com/store/apps/details?id=color.by.number.coloring.paint.puzzle.pixel.art.drawing.painting.games.kids.adults.fun.pictures&hl=es&gl=es,"Color Master🎨Color por Number&Coloring Book , también conocido como color por número, paint by number, es un juego de obras de arte con ricos trabajos de ilustración diseñados para todos
Hay tantos trabajos de ilustración GRATUITOS y originales en el libro de colorear y se diseñarán y cargarán nuevos dibujos para dibujar por números cada día! Pruebe este juego ahora para
✔️Color tu life🌈
✔️Paint tu dream💖
✔️Relax yourself🥰
✔️Enrich tu minds💎
Características principales de Color por Número:
- 🎨Color en cualquier lugar: dibujar por números en cualquier lugar sin necesidad de lápiz o papel.🌊
- 🔥Various temas para todos los gustos: religión, figura, vacaciones, mandala, paisaje, planta
- 💈Various imágenes únicas y nuevas páginas para colorear se actualizan todos los días! 🍁
- 🎁Fresh sentimiento: nuevas imágenes cada día
- 🍻Share con los amigos: coloque las obras de arte para colorear en todas las redes sociales y compártalas con sus amigos y familiares.✨
- Todas las fotos y obras de arte están marcadas con números, sólo tienes que seguir los pasos para crear tus grandes obras de arte.
- 💗 Escoge uno que te guste y toca las celdas de coloración relacionadas de acuerdo a los números de coloración.
- 💗 Es fácil terminar una obra de arte con los consejos que proporcionamos y compartir las obras de arte de coloración terminadas con las redes sociales o cualquier aplicación de mensajes.
- 👩🎨 Colorear nunca ha sido tan fácil, pruébalo ahora y pinta fantásticas páginas para colorear con la pintura por números!
- ¡Coloreemos por números por el Maestro del Color! Colorea tu vida, pinta tu sueño, relájate, enriquece tus mentes",4.48,47842.0,44.0
color.paint.by.number.pgmaker,Color por Número,Casuales,https://play.google.com/store/apps/details?id=color.paint.by.number.pgmaker&hl=es&gl=es,"¡Bienvenido a Color por Número! 🎨 Color por Número es un relajante y divertido juego de pintar y colorear. ¡Gratis y offline! Relájate y alivia el estrés en el mundo artístico del juego de colorear. Disfruta de la tranquilidad con jugadores de todo el mundo, mientras exploras tu creatividad con imágenes gratuitas en HD. 💫 ¡Elige una imagen, toca un número y empieza a crear tu álbum digital exclusivo!

🎯 ¿Por qué elegir Color por Número?
- Fácil de Jugar: Jugabilidad sencilla, pero con imágenes bonitas y detalladas. ¡Conviértete en un maestro de pintar con solo tocar la pantalla!
- Experiencia Curadora: ¡Relaja tu mente y libera tu ansiedad con cada imagen bien diseñada! Este juego te permite desconectar y disfrutar de momentos de calma mientras pintas.
- Modo Offline: ¡No necesitas Wi-Fi! Disfruta de la alegría sin conexión a Internet en cualquier momento y en cualquier lugar.
- Compatibilidad Multidispositivo: Optimizado para teléfonos y tabletas de todos los tamaños.

🌟 Características destacadas:
- Arte sin Fronteras: ¡Una amplia variedad de obras creadas por artistas te espera! Elige entre mútiples temas: Desde paisajes hasta festivales, desde animales y flores hasta los reinos abstractos. ¡Ven a pintar con números y crear tu propia colección de dibujos temáticos gratis!
- Personalización Distintiva: Más allá de colorear, puedes seleccionar fondos y marcos exquisitos para dar personalidad a tus creaciones artísticas. ¡Encontrarás inspiración en cada telón de fondo!
- Sorpresa Diaria: Tareas y desafíos diarios te traen nuevas imágenes de diferentes temas cada día. Pinta y colorea por números en Color por Número todos los días para ganar recompensas increíbles.
- Alegría Infinita: Recoge monedas y cofres de estrellas, desbloquea nuevos colores, historias, fondos y marcos, y añade más vitalidad a tu experiencia de colorear. ¡No hay límite de tiempo! Ya sea que estés en el metro, en el tren o en una fila, puedes disfrutar de la diversión del juego de colorear sin conexión.

Color por Número es una fuente de inspiración, una aventura artística y un viaje para explorar los colores y la estética. 🎨 ¡Si quieres relajarte, aliviar el estrés y la ansiedad, y disfrutar del arte, Color por Número, el juego de pintar antiestrés ideal, es tu opción genial!

¡Descarga Color por Número, explora la belleza del arte y disfrutar el placer de pintar y colorear con el juego relajante, divertido y gratis! ❤️ ¡Comienza a colorear ahora mismo, creando obras de arte únicas y haciendo que la vida sea aún más colorida!",4.62,19069.0,74.0
com.AlfaBravo.CombatMaster,Maestro de combate FPS móvil,Acción,https://play.google.com/store/apps/details?id=com.AlfaBravo.CombatMaster&hl=es&gl=es,"Maestro de combate FPS móvil

Únete a un combate trepidante y lleno de acción. Juega Maestro de combate: la mejor experiencia FPS en tu móvil. El mejor tiroteo multijugador de su clase. Rendimiento de siguiente nivel. Y mucho más. 
Ya sea que seas un profesional táctico o simplemente te guste la estética táctica, Maestro de combate ofrece un juego de disparos que se centra en la calidad y la innovación que estás buscando.

RENDIMIENTO DE SIGUIENTE NIVEL
El FPS más rápido del mundo en dispositivos móviles. Rendimiento excepcional con gráficos AAA excepcionales.
- Tiempo de carga ultrarrápido, ¡pasa a la acción en segundos!
- Optimización para dispositivos de gama baja y alta con varias configuraciones disponibles para personalización.

LA EXPERIENCIA MULTIJUGADOR DEFINITIVA

- No hay ventaja para los usuarios que pagan, todos son iguales.
- No se permiten descargas de ""actualizaciones diarias"".

Controles e interfaz totalmente personalizables.
Modo sin conexión.
Varios mapas con juego vertical, combate cuerpo a cuerpo o a distancia.

TIROTEOS DE PRÓXIMA GENERACIÓN
Tiroteos de ritmo súper rápido.
Recorrido de saltos, toboganes y escaladas.
Cuchillos arrojadizos.
Animaciones de calidad AAA.
Impresionante Arsenal.

INNOVACIÓN EN LA RED
Tecnología de red de nivel AAA con servidores regionales dedicados, ping bajo y uso optimizado del tráfico.

Hecho por verdaderos entusiastas con especial amor por las armas de fuego y la comunidad de juegos. Sin empresas, estamos desarrollando el juego Maestro de combate junto contigo.

¡Nos vemos en el juego! GL HF,
Equipo Alfa Bravo Inc.",4.4488187,239622.0,533.0
com.Astroolee.Anno117FanGuide,Anno 117 - Fan Guide,Herramientas,https://play.google.com/store/apps/details?id=com.Astroolee.Anno117FanGuide&hl=es&gl=es,"La aplicación complementaria no oficial para una planificación eficiente y una construcción de ciudades más inteligente en Anno 117 – completamente sin anuncios.


----- Funciones -----
- Cadenas de producción y diseños
- Calculadora de consumo
- Diseños de ciudad
- Biblioteca de ítems
- Contenidos del DLC («Profecías de la Ceniza»)
- Notas
- Dificultad seleccionable
- Expansiones periódicas


----- Sin publicidad -----
La aplicación no contiene anuncios ni seguimiento de ningún tipo. Enfoque en lo esencial: una herramienta limpia, rápida y sin distracciones.


----- Idiomas compatibles -----
🇪🇸 Español
🇬🇧 Inglés
🇫🇷 Francés
🇮🇹 Italiano
🇩🇪 Alemán
🇳🇱 Neerlandés
🇵🇱 Polaco
🇨🇿 Checo
(más idiomas próximamente)


----- Desarrollo activo -----
Los comentarios de la comunidad influyen directamente en futuras actualizaciones.



********** Aviso legal **********
Esta aplicación es una herramienta compañera NO oficial y creada por fans para Anno 117. No está afiliada, aprobada, patrocinada ni respaldada por Ubisoft Entertainment SA ni Ubisoft Blue Byte GmbH.

Todas las marcas registradas, títulos de juegos, logotipos y recursos relacionados son propiedad exclusiva de Ubisoft y se utilizan aquí únicamente con fines informativos y educativos. No se reclama ningún derecho de autor ni de marca.

Esta aplicación fue desarrollada de manera independiente para apoyar a la comunidad de jugadores del juego. Es completamente gratuita y seguirá siéndolo. Los anuncios se incluyen únicamente para cubrir los gastos básicos de mantenimiento y no implican ninguna intención comercial ni propósito lucrativo.

Para consultas, puedes contactarme por correo electrónico en: astroolee@gmail.com
************************",0.0,0.0,0.0
com.BallGames.Woodturning,Woodturning,Simulación,https://play.google.com/store/apps/details?id=com.BallGames.Woodturning&hl=es&gl=es,"El mejor simulador de torneado de madera.
Completa pedidos de clientes.
Convierte una pieza de madera en la forma indicada.
Corta (talla), pule, pinta y añade una plantilla a tu trabajo.
Gana dinero y mejora tu habitación.",3.7861736,573164.0,1632.0
com.Boardible.Boardible,Boardible: Juegos para Grupos,Juegos de mesa,https://play.google.com/store/apps/details?id=com.Boardible.Boardible&hl=es&gl=es,"Sushi Go está disponible.

BOARDIBLE es la nueva plataforma móvil de JUEGOS DE MESA creada para jugar en GRUPO. ¡Conecta tu celular a un Smart TV y diviértete con tus amigos y familia!

Sabemos que tus experiencias con juegos de mesa en el celular hasta ahora no han sido las mejores, y por eso hemos traído BOARDIBLE, una plataforma de juegos de mesa (o board games) digital hecha para grupos.

Boardible ofrece una solución integrada celular + Smart TV para un amplio portafolio de juegos de mesa. El tablero y toda la información pública se muestran en la TV, mientras que la estrategia, cartas y decisiones de los jugadores permanecen en sus celulares. ¡Los espectadores pueden participar a través del celular o seguir las jugadas por la pantalla de la TV!

Es super fácil e intuitivo reflejar Boardible en la TV. La experiencia se asemeja mucho más a un juego de mesa real y es posible experimentar diferentes juegos por mucho menos de lo que costaría comprar varios juegos físicos.

Boardible ofrece diferentes tipos de juegos para jugar con la gente, incluyendo juegos de mesa, juegos de cartas, juegos de estrategia y juegos casuales. ¿Pensando en una fiesta? ¡Esta es la aplicación correcta! Social y hecha para jugar en grupo.

Características:

Controles y lógicas intuitivas
Fácil conexión a Smart TV
Modo de juego social y ágil
Hermoso diseño hecho con cariño
Los espectadores pueden participar de manera mucho más divertida
Juegos de estrategia, fiesta, cartas y casuales
¡Mucha más interacción con otros jugadores!
Juegos disponibles:

SUSHI GO (de Gamewright)
DOBRO (de Grok Games)
BLEND OFF (de Scot Eaton)
Truco
Mímica
Mau Mau
Copas
Más juegos llegando todos los meses…",1.8,599.0,3.0
com.Cerberus.StreetDrag2,Street Drag 2: Real Car Racing,Carreras,https://play.google.com/store/apps/details?id=com.Cerberus.StreetDrag2&hl=es&gl=es,"Sube de revoluciones y vive la emoción de las carreras urbanas. Planta los neumáticos en las calles de ciudades de todo el mundo en tu propio coche personalizable, y elige entre una gran variedad de modos y desafíos para mantener siempre la tensión. Nuestra innovadora cámara de 360° te hará sentir como que estás en el asiento del conductor.

¡Prueba Street Drag 2: Real Car Racing Online hoy!


<b>Varios modos de carreras urbanas</b>

El simulador de carreras urbanas de ofrece numerosos modos, como Carrera, Escalera, Torneo, Tier y más. Cada modo tiene sus propios desafíos únicos, y tendrás que usar todas tus habilidades para ganar. Con la infinidad de opciones de juego de carreras que tienes para elegir, nunca te aburrirás de este simulador de conducción realista. ¡Diversión sin límites!


<b>Personaliza tu coche hasta el mínimo detalle</b>

¿Tienes alma de mecánico? Te encantará ver los ajustes avanzados del garaje para personalizar tu coche. Desde la curva de par hasta la eficiencia mecánica, tipo de transmisión o dimensiones de los neumáticos, puedes ajustar todos y cada uno de los aspectos de tu vehículo hasta tener el coche de tus sueños. Y, si no eres un experto, no te preocupes, puedes dejar que el videojuego de carreras haga el resto.
Por supuesto, no se trata solo de la mecánica; también querrás tener el auto más molón. Prueba nuestra inmensa gama de llantas, alerones, pegatinas y colores, para hacer tu coche exactamente como quieres. La cámara de 360° te permitirá admirar tu trabajo desde todos los ángulos.


<b>Gana ventaja en la carrera con estadísticas a tiempo real</b>

Afina al máximo tus habilidades de carreras con las estadísticas a tiempo real de la potencia de tu motor, fuerza de tracción, distribución del peso en la aceleración, tiempos y velocidad aproximados por cuarto de milla, rpm óptimas para cambiar de marcha y mucho más. Gana una ventaja competitiva analizando y optimizando cada aspecto de tu coche para maximizar tu velocidad y rendimiento en la pista.


<b>MODOS de Street Drag 2: Real Car Racing Online</b>

Este juego de carreras urbanas tiene varios modos, con multitud de emocionantes formatos de torneo y desafío, como:

✇ Carrera: participa en una carrera urbana en la que eliges el modo, la distancia y la dificultad.

✇ Escalera: sube a lo alto de la escalera. En cada etapa, tus oponentes serán más difíciles de ganar, y ganarás mejores premios.

✇ Torneo: compite en un torneo local en el que el dinero que ganes en cada carrera irá a un bote. El ganador se lo llevará todo.

✇ Ganador: compite contra otros coches de cada Tier, personalizados al máximo.

✇ Campeonato: prepárate para la próxima ronda de campeonatos de carreras y salta de Tier.


Cómete el mundo en el modo multijugador de este videojuego de carreras en tiempo real, y reta a tus amigos o enfréntate a otros jugadores de todo el mundo. Al contrario que otros juegos de carreras, este juego de carreras urbanas guarda tu progreso en la nube para que puedas retomarlo donde lo dejaste, estés donde estés.

Puedes ser el amante de los coches más empedernido o un jugador casual, este simulador de carreras te ofrece la experiencia de carreras urbanas más realista y emocionante. ¡Descárgate Street Drag 2: Real Car Racing Online gratis ya para sentir la emoción!


¡Síguenos en tu red social favorita!

<a>Facebook:</a> https://fb.me/StreetDrag2

<a>Twitter:</a> https://twitter.com/CerberusTeam1

<a>Instagram:</a> https://www.instagram.com/sd2racing

<a>YouTube:</a> https://www.youtube.com/channel/UCFD1hIYRNPLtdI5hlL5NFvg",3.8461537,4723.0,7.0
com.ChetanSurpur.Orbit,Orbit - Jugando con Gravedad,Puzles,https://play.google.com/store/apps/details?id=com.ChetanSurpur.Orbit&hl=es&gl=es,"ORBIT es un simulador de gravedad en el corazón de un juego de puzle. Lanza planetas con el toque de tu dedo e intenta ponerlos en órbitas estables alrededor de agujeros negros.

¿Puedes hacer suficientes órbitas para avanzar al siguiente nivel?

Nuevo: ORBIT cuenta con un sandbox (premium), ¡donde puedes crear tus propios niveles! Controla el tiempo, deshabilitar la colisiones y pinta con gravedad.

• 45 niveles completamente libres: cada uno te ofrece un conjunto de agujeros negros diferentes para que puedas crear órbitas a su alrededor.
• Lanza tantos planetas como quieras, y observa las fascinantes mecánicas orbitales revelarse.
• Con el tiempo entran en juego nuevas mecánicas, como agujeros negros con repulsión y planetas con su propia gravedad que se atraen entre sí.
• Los planetas dejan rastros de colores, así que, al final del nivel habrás creado una hermosa obra de arte.
• Observa la trayectoria completa de los planetas antes de lanzarlos.
• Juega en un entorno de gráficas suaves y minimalistas, escuchando relajante música clásica de piano.",4.463768,109981.0,610.0
com.DGSWTeamSSR.JUSTJUMP,JUST JUMP,Arcade,https://play.google.com/store/apps/details?id=com.DGSWTeamSSR.JUSTJUMP&hl=es&gl=es,"[Proyecto de graduación del cuarto campamento de entrenamiento de Netmarble Game Academy]

¡Salta para sobrevivir al aumento del agua!
Entraste al calabozo en busca de un tesoro,
Encuentras el tesoro, pero una repentina oleada de agua te atrapa. Debes evitar o utilizar varias trampas para subir.
¡Sube lo más alto que puedas para evitar el agua!

JUST JUMP es un juego de saltos que se puede disfrutar de forma más fácil y ligera en el género hipercasual, a diferencia de los juegos de saltos existentes con dificultad difícil y altas barreras de entrada.

- Manera sencilla de jugar.
- Tiempo de juego corto, bueno para el tiempo libre.
- Varios personajes y mapas.
- Trucos extraordinarios
- Varios modos para adaptarse al nivel de usuario.",,,
com.Deroxisstudio.AsteroidHunter,Lost Astro: Survival Game 3D,Aventura,https://play.google.com/store/apps/details?id=com.Deroxisstudio.AsteroidHunter&hl=es&gl=es,"Embárcate en una aventura épica en un juego de supervivencia en tercera persona de mundo abierto donde eres un astronauta varado en un planeta alienígena abandonado. 🌌
EXPLORA vastas mazmorras, busca comida y materiales, y construye tu refugio para sobrevivir contra todo pronóstico. ☄️
EXPERIMENTA la emoción de sobrevivir en un entorno hostil y mantente al tanto de las emocionantes actualizaciones y nuevas funciones. 🔮
subnautica",3.8,207.0,4.0
com.DreamonStudios.BladesofDeceron,Blades of Deceron,Juegos de rol,https://play.google.com/store/apps/details?id=com.DreamonStudios.BladesofDeceron&hl=es&gl=es,"Del creador de Gladihoppers llega Blades of Deceron, un épico RPG de fantasía medieval donde los reinos se enfrentan, las facciones se alzan y solo los más fuertes sobreviven.

Embárcate en un viaje a través del valle de Brar, devastado por la guerra, en el continente de Deceron. Cuatro poderosas facciones —el Reino de Braryrian, el Sacro Imperio de Azivnia, el Reino de Elukhis y los Clanes de Valthir— libran una guerra por el control, dejando la tierra devastada e infestada de bandidos. ¿Liderarás a tus fuerzas hacia la victoria y traerás la paz, o forjarás tu propio camino de conquista?

- Acción de combate en 2D: Participa en intensos y trepidantes combates con hasta 10 contra 10 combatientes en pantalla. Empuña un vasto arsenal de armas, desde espadas y hachas hasta armas de asta y equipo a distancia. Cada combate se siente nuevo con cientos de piezas de equipo por descubrir.

- Modo Campaña: Explora vastas tierras, conquista pueblos, castillos y puestos de avanzada, y recluta soldados para que luchen a tu lado. ¿Ascenderá tu facción al poder o se derrumbará ante la adversidad?

- Crea tu legado: Crea tu propia facción y domina el valle. Recluta PNJ que vagan por el mundo exterior, emprende misiones y construye tus fuerzas.

- Profundidad estratégica: Más allá de la espada, supera a tus enemigos con astucia y decisiones tácticas. Conquista ubicaciones clave, gestiona tus recursos y toma el control del valle devastado por la guerra.

- Elementos de rol: Equipa a tu héroe con equipo que refleje tu estilo de juego. Cascos, guanteletes, botas y más: personaliza a tu luchador y mejora tus habilidades de combate.

- Razas y clases únicas: Lucha como un humano o un fauno, y domina las habilidades de combate relacionadas con diferentes armas: espadas de una mano, doble empuñadura, hachas de dos manos e incluso alabardas.

- Futuras expansiones: Disfruta de emocionantes minijuegos, desde torneos de arena hasta pesca, junto con un atractivo sistema de misiones y un editor de escenas que garantiza una rejugabilidad sin límites.

 Blades of Deceron está inspirado en otros increíbles juegos de lucha y RPG de acción, como Mount & Blade, The Witcher y Gladihoppers.

Sigue el desarrollo y apóyame en:
Discord: https://discord.gg/dreamon
Mi sitio web: https://dreamonstudios.com
Patreon: https://patreon.com/alundbjork
YouTube: https://www.youtube.com/@and3rs
TikTok: https://www.tiktok.com/@dreamonstudios
X: https://x.com/DreamonStudios
Facebook: https://facebook.com/DreamonStudios",3.8225806,9961.0,38.0
com.EagleEyeGames.KeeponMining,Keep on Mining!,Casuales,https://play.google.com/store/apps/details?id=com.EagleEyeGames.KeeponMining&hl=es&gl=es,"¡Sigue minando! es un juego incremental sencillo. Pasa el cursor sobre las rocas para extraerlas automáticamente. ¡Cualquier roca dentro del área de extracción generará picos que extraerán por ti!

¡Reúne materiales!
Las rocas extraídas sueltan minerales, que se transforman en barras. ¡Hay una variedad de rocas materiales para extraer!

¡El árbol de habilidades!
Usa tus barras de materiales para desbloquear mejoras dentro del árbol de habilidades. Estas mejoras aumentan permanentemente tus estadísticas, permitiéndote extraer rocas con más potencia.

¡Fabrica picos!
Usa diferentes materiales para fabricar nuevos picos. Cada pico nuevo tiene mejores estadísticas, lo que te ayuda a extraer más rápido y a golpear con más fuerza.

¡Cartas de talento!
Cada vez que subes de nivel, ganas un punto de talento. Gasta puntos de talento para revelar 3 cartas de talento al azar: ¡elige una para conservar! Elegir una carta aumenta el nivel del talento, pero también aumenta los PV de las rocas.

¡La mina!
Una vez que desbloqueas la mina, extraerá rocas automáticamente y fabricará barras al instante. ¡La Mina es la mecánica inactiva de Keep on Mining!",3.1666667,302.0,5.0
com.Earthkwak.Platformer,Super Bear Adventure,Aventura,https://play.google.com/store/apps/details?id=com.Earthkwak.Platformer&hl=es&gl=es,"Viaja a través del reino y sus diferentes regiones en esta aventura 3D inspirada en los juegos de los 90. ¡Explora cada región libremente, descubre sus secretos y salva a tus amigos osos! Este reino fue un lugar pacífico, hasta que las abejas empezaron a producir miel morada, una extraña sustancia que convierte a cualquiera que la coma en un enemigo irracional. Jugarás como Baaren, un oso valiente puesto en una misión para liberar al reino de esta amenaza de origen desconocido.

A lo largo del camino encontrarás un montón de objetos coleccionables para personalizar a tu personaje, lugares emocionantes para explorar, vehículos veloces para conducir, desafíos diarios para poner a prueba tus habilidades y minijuegos divertidos para jugar. Usando el sencillo pero completo juego de movimientos de Baaren, serás capaz de escalar montañas, luchar contra enemigos peligrosos y explorar este mundo lleno de sorpresas.",4.547569,956709.0,2732.0
com.EraFlip.BusEscapeParkingJamGame,Car & Bus Jam Escape Rush,Puzles,https://play.google.com/store/apps/details?id=com.EraFlip.BusEscapeParkingJamGame&hl=es&gl=es,"¿Atascado en el tráfico? ¡Toma el control! En ​​Bus Jam Escape Rush, tu misión es guiar a los autobuses para que salgan de los atascos de la ciudad con movimientos inteligentes y rapidez mental. Conduce por carreteras estrechas, evita obstáculos y supera cada nivel con precisión. Desbloquea nuevos autobuses, descubre trazados complejos y disfruta de una jugabilidad relajante y adictiva. Cada nivel trae nuevos puzles que pondrán a prueba tu planificación y precisión. ¿Podrás escapar de cada atasco y convertirte en el maestro del tráfico definitivo?",,,
com.EraFlip.FlappyCloudy,Juego de Nubes Flappy Sky,Arcade,https://play.google.com/store/apps/details?id=com.EraFlip.FlappyCloudy&hl=es&gl=es,"¡Prepárate para una diversión sin fin en Flappy Sky Cloud Runner! Este juego de saltos en las nubes es un trepidante juego de desplazamiento lateral inspirado en los clásicos juegos arcade. Controla una simpática nube voladora tocando la pantalla, haciendo que aletee y se mantenga en el aire mientras esquivas obstáculos como pájaros en el aire. Tu objetivo en Flappy Sky Cloud Runner es conseguir la puntuación más alta y sobrevivir. Flappy Sky Cloud Runner es un divertido juego arcade que no es tan fácil como parece. Con un encantador pixel art y una diminuta nube celestial que guiar, cada toque supone un nuevo desafío en Cloud Hopper.
.
Flappy Sky Cloud Runner es un divertido y adictivo juego de saltos en las nubes. ¡Toca para controlar el vuelo de tu nube! Ajusta el ritmo de tus toques para volar entre pájaros en el juego Flappy Sky Cloud. ¡Un pequeño golpe o choque con un pájaro termina la partida al instante en Flappy Ducky! Gana monedas y desbloquea nuevas nubes a medida que avanzas en Flappy Sky Cloud Runner. Controles sencillos con un solo toque se combinan con una jugabilidad adictiva en Sky Flappy Cloud Game, el juego Flappy ideal para todos los amantes. Disfruta de divertidos gráficos de dibujos animados, animaciones fluidas y sonidos alegres con Cloud Jump Fun Tap Game, que hacen que cada vuelo sea alegre y entretenido en Cloud Hopper.

Características de Flappy Sky Cloud Runner:
☁️ Juego de saltos en las nubes con toques y dificultad creciente
☁️ Adorable nube voladora como protagonista
☁️ Gráficos y sonidos brillantes y divertidos llenos del encanto de Cloud Hopper
☁️ Aspectos de nubes desbloqueables para mayor diversión y estilo en Flappy Sky Cloud Runne
☁️ Efectos climáticos dinámicos que cambian en cada ronda en Sky Flappy Cloud Game
☁️ Física del cielo fluida para un movimiento de flotación realista
☁️ Jugabilidad adictiva de ""un intento más"" que te mantendrá enganchado

¡Únete a millones de jugadores en Flappy Sky Cloud Runner, donde la diversión de volar sin fin se une a la encantadora aventura aérea! Toca para guiar tu nube esponjosa por el cielo abierto, esquiva pájaros, recoge recompensas y domina el ritmo del vuelo. Con controles sencillos de un solo toque, gráficos brillantes y una jugabilidad adictiva, Cloud Hopper y Cloud Jump ofrecen la combinación perfecta de desafío y relajación. Tanto si te gustan los juegos casuales de toque como las aventuras de estilo flappy, ¡descárgalo ahora y comienza tu aventura en Sky Flappy Cloud Game!",,,
com.EternalStudio.SurvivorZ,Survivor Z: Saquea y Sobrevive,Acción,https://play.google.com/store/apps/details?id=com.EternalStudio.SurvivorZ&hl=es&gl=es,"Embárcate en un emocionante viaje de supervivencia en Survivor Z: Saquea y Sobrevive, el juego de zombies que combina intensos disparos a zombies con saqueo y expansión de base. Sumérgete en un mundo invadido por muertos vivientes, donde tus habilidades serán puestas a prueba mientras navegas a través de un apocalipsis zombie, saqueas suministros esenciales y mejoras tu arsenal para enfrentar los desafíos que se avecinan.

🧟‍♂️ Dispara a los Zombies:
Sumérgete en una emocionante acción de disparos a zombies. Tu supervivencia depende de tu precisión y reflejos rápidos. Atraviesa niveles variados, empleando maniobras tácticas para superar a los adversarios y defender tu base contra hordas de enemigos no muertos!

📦 Colección de Botín:
Cada nivel está lleno de cajas de botín, cofres y estantes repletos de armas, monedas, calaveras, tickets de equipo y objetos que pueden convertirse en monedas.

🔫 Desbloquea Diferentes Armas:
Progresas desde armas básicas hasta armas épicas a medida que subes de nivel. Mejora, equipa o fusiona tus armas para aumentar tus capacidades ofensivas contra el implacable ataque de los caminantes.

🔄 Fusiona y Evoluciona el Equipo:
Reúne equipo al estilo RPG para mejorar tu personaje y enfrentarte a los zombies estúpidos. Mejora y fusiona piezas de Básico a Épico, y prepárate para la defensa zombie para asegurar tu supervivencia en el mundo post-apocalíptico.

🧟‍♀️ Derrota a los Jefes Zombie:
Enfrenta a formidables jefes zombie, cada uno más desafiante que el último. Utiliza tus armas y habilidades mejoradas para derrotarlos y reclamar valiosas recompensas.

👹 Modo Hulk:
Transformate en un hulk en niveles seleccionados, lo que te permite aniquilar a los enemigos con pura fuerza bruta - ¡los muertos que vienen no sabrán qué les golpeó!

🏡 Expande Tu Base:
Construye y expande tu base para aumentar la protección y las posibilidades de supervivencia. Amplía tu refugio seguro contra los muertos vivientes y protégete de un ataque de caminantes. Usa las calaveras obtenidas de las misiones para mejorar tu base entre niveles.

🔓 Desbloquea Desafíos:
Survivor Z ofrece una variedad de desafíos para probar tus habilidades de defensa zombie y supervivencia y ganar recompensas adicionales. Enfrenta una ola de zombies en mundos peligrosamente inestables, llenos de lava en estos niveles especialmente difíciles

💰 Vende Armas por Monedas:
Administra tu inventario sabiamente vendiendo las armas que ya no necesitas. Acumula monedas para mejorar el equipo, desbloquear nuevas armas y fortificar tu base.

Survivor Z: Saquea y Sobrevive ofrece una mezcla dinámica de acción, estrategia y supervivencia mientras navegas por un mundo invadido por zombies. Ellos están llegando, y tu objetivo final es prosperar frente al ataque de los caminantes. ¿Estás listo para enfrentar los desafíos, expandir tu base y surgir como el último superviviente en esta emocionante aventura post-apocalíptica?
🔥 ¡Descarga Ahora y Comienza Tu Viaje de Supervivencia con Survivor Z: Saquea y Sobrevive!",4.19,25008.0,44.0
com.FireproofStudios.TheRoom,The Room,Puzles,https://play.google.com/store/apps/details?id=com.FireproofStudios.TheRoom&hl=es&gl=es,"Bienvenido a The Room, un rompecabezas interactivo envuelto en un juego de misterio, todo ello dentro de un maravilloso escenario 3D táctil. 

En Fireproof Games estamos orgullosos de presentarte nuestra mayor creación: un intenso viaje lleno de belleza, peligro y misterio por igual. Transpórtate a un espacio único que combina fascinantes gráficos con intrigantes problemas que resolver.

• Gráficos increíblemente realistas: los gráficos más naturales que se han visto nunca en un dispositivo móvil.
• Escalofriantes controles con un solo dedo: controles táctiles tan naturales que puedes jugar con un solo dedo para explorar este escenario 3D tan hermoso como misterioso.
• Fantástico diseño de inicio inmediato: comenzar a jugar es fácil; ¡lo difícil es desengancharse! Los secretos de The Room te absorberán antes de que te des cuenta de que estás jugando.
• Fascinantes niveles de misterio: ¿crees que sabes lo que estás viendo? Vuelve a planteártelo.",4.814978,288467.0,2672.0
com.FireproofStudios.TheRoom2,The Room Two,Puzles,https://play.google.com/store/apps/details?id=com.FireproofStudios.TheRoom2&hl=es&gl=es,"Bienvenido a The Room Two, un rompecabezas interactivo envuelto en un juego de misterio, todo ello dentro de un maravilloso escenario 3D táctil. 

La esperadísima secuela de ""The Room"" por fin ha llegado. 

Sigue el rastro de las crípticas cartas del enigmático científico conocido sólo como ""AS"" y adéntrate en un fascinante mundo de misterio y exploración. 

DISEÑO PICK-UP-AND-PLAY 
Fácil comenzar, difícil dejarlo. Una mezcla hipnótica de rompecabezas intrigantes con una interfaz de usuario sencilla. 

INNOVADOR CONTROL TÁCTIL 
Una experiencia táctil tan natural que te parecerá que estás tocando la superficie de cada objeto. 

ESCENARIOS REALISTAS EN 3D 
Sumérgete en una variedad de ambientes impresionantes que pondrán a prueba tus habilidades para resolver rompecabezas. 

DETALLADOS OBJETOS EN 3D 
Inspecciona los intrincados detalles de docenas de artefactos, en busca de los secretos que ocultan. 

SONIDO INQUIETANTE 
Espeluznante banda sonora y dinámicos efectos de sonido que crean un paisaje sonoro capaz de reaccionar a tus acciones. 

COMPATIBILIDAD CON VARIOS IDIOMAS 
Disponible en inglés, francés, italiano, alemán, español y portugués de Brasil. 

*******************************************************************************************************************

Fireproof Games es un pequeño estudio independiente situado en Guildford, Reino Unido. 
Descúbrenos en fireproofgames.com 
Síguenos: @Fireproof_Games",4.9155555,243495.0,2537.0
com.FireproofStudios.TheRoom4,The Room: Old Sins,Puzles,https://play.google.com/store/apps/details?id=com.FireproofStudios.TheRoom4&hl=es&gl=es,"La cuarta entrega de la serie ‘’The Room’’.

Entra en The Room: Old Sins y conoce un mundo basado en la exploración táctil con puzles desafiantes y una historia cautivadora. 
Un ambicioso ingeniero y su adinerada mujer desaparecen súbitamente, lo que da comienzo a la caza de un preciado artefacto. El rastro lleva hasta el ático de su hogar, donde se encuentra una vieja casa de muñecas de lo más peculiar...
Explora lugares inquietantes, sigue pistas misteriosas y manipula artilugios extravagantes para desentrañar los misterios de la mansión Waldegrave.

EL ROMPECABEZAS DEFINITIVO
Explora una compleja casa de muñecas que se transforma cada vez que la tocas. Cada habitación es un portal a un nuevo escenario más enrevesado que el anterior. 
 
DISEÑO RÁPIDO Y SENCILLO
Empezar a jugar es fácil; dejarlo, no tanto. Disfruta de una mezcla única de puzles intrigantes con una interfaz sencilla de usar. 

CONTROLES TÁCTILES INTUITIVOS
Una experiencia táctil tan natural que sentirás el tacto de cada objeto. 

OBJETOS EXTRAÑOS
Examina decenas de objetos con todo lujo de detalles para descubrir cuáles de ellos ocultan mecanismos. 

AUDIO ATMOSFÉRICO
Una banda sonora hechizante se combina con efectos dinámicos de sonido para crear un ambiente inolvidable. 

INCLUYE GUARDADO EN LA NUBE
Sincroniza tu progreso en varios dispositivos y desbloquea logros. 

COMPATIBILIDAD CON VARIOS IDIOMAS
Disponible en inglés, francés, italiano, alemán, español, portugués de Brasil, turco y ruso.


Fireproof Games es un estudio independiente de Guildford, Reino Unido.
Descúbrenos en fireproofgames.com
Síguenos: @Fireproof_Games
Búscanos en Facebook",4.9748745,84945.0,964.0
com.GacoGames.EC2,Epic Conquest 2,Juegos de rol,https://play.google.com/store/apps/details?id=com.GacoGames.EC2&hl=es&gl=es,"Epic Conquest 2 es un RPG de Aventura y Acción para un solo jugador, con un toque especial de combate e historia, que te dará una experiencia difícil de encontrar en géneros similares.

Este proyecto está creado cuidadosamente por un grupo pequeño, pero apasionado, de 4 personas. ¡Y si ya jugaste Epic Conquest antes, podrás notar qué tanto ha evolucionado este juego!


[Características del Juego]

☆ ¡Explora!
¡Un mundo abierto lleno de tesoros y recursos para hacer más fuerte a tu personaje! 

☆ ¡Muchas habilidades para escoger! 
¡Cada personaje ahora tiene 8 habilidades y maestrías! 
Mezcla todas para crear el set que mejor se adapte a tu equipo. 

☆ Amplias opciones de construcción de personajes
Distribución clásica de atributos (FUE / INT / AGI / DEX / VIT) para ajustarse a tu estilo de juego. 

☆ Sistema clásico de Herrería y Equipamiento 
¡Crea, Potencia, y Mejora tu equipo para hacer frente a retos más grandes!

☆ Variedad de atuendos para coleccionar
Compra atuendos para tu amado personaje, cambia su apariencia y obtén bonos de poder. 

☆ Guardado en la nube
Puedes guardar y transferir tu partida a otros dispositivos. ¡Jamás perderás tu progreso! 

☆ Otras Grandes Funciones
- Gráficos hermosos con la simpleza de antaño.
- Sin conexión. ¡Puedes jugar en dónde quieras sin necesidad de internet!
- ¡No necesitas pagar o mirar anuncios a menos de que quieras apoyarnos!",4.33,121782.0,173.0
com.Gaggle.fun.GooseGooseDuck,Goose Goose Duck,Estrategia,https://play.google.com/store/apps/details?id=com.Gaggle.fun.GooseGooseDuck&hl=es&gl=es,"Goose Goose Duck es un juego de deducción social donde los gansos completan tareas mientras los patos sabotean e intentan eliminarlos. Juega como un ganso para sobrevivir o como un pato para causar caos, con chat de voz de proximidad, roles únicos, cosméticos personalizables y entornos diversos para explorar.

Características:
- Chat de voz de proximidad
- Juego multiplataforma – Disponible para PC, Mac, iOS y Android
- Roles únicos
- Cosméticos personalizables
- Mapas y entornos diversos
- Tareas y minijuegos en el juego
- Múltiples modos de juego
- Actualizaciones regulares y nuevo contenido

Conéctate con nosotros : 
Twitter https://twitter.com/ggd_game 
Discord https://discord.gg/ggd 
Tiktok https://www.tiktok.com/@ggd_game
Instagram https://www.instagram.com/gaggle.fun/
Facebook https://www.facebook.com/gaggle.fun/",4.09,65150.0,84.0
com.Giganticduck.Bombergrounds,Bombergrounds: Reborn,Acción,https://play.google.com/store/apps/details?id=com.Giganticduck.Bombergrounds&hl=es&gl=es,"¡Desbloquea y mejora lindos animales con poderosas habilidades para luchar en muchos modos de juego diferentes! ¡Colecciona disfraces únicos, haz amigos, forma equipos y deja que la batalla comience!


CARACTERÍSTICAS
Modos de juego

Battle Royale
¡Un caótico todos contra todos en el que se enfrentan hasta 12 jugadores para conseguir la victoria magistral!


Agarrapatos (Modo de equipo)
Un encantador y relajante modo de juego de 3 contra 3 (modo en equipo). ¡Atrapa 10 Patos Dorados en equipo y sosténlos durante 10 segundos para ganar la partida!


Pelea de Equipos (Modo de equipo)
¡Que el mejor equipo gane! Derrota al equipo contrario en un Mejor de Tres. Si eres derrotado, quedas fuera de la ronda.

Duelo
Un clásico uno contra uno. ¡Derrota al jugador contrario para conseguir la victoria!

... y ¡más próximamente!

¡Héroes Animales y Poderes!
Desbloquea docenas de lindos animales con poderes mortales, fáciles de usar pero difíciles de dominar.  ¡¿Tienes lo que se necesita para convertirse en el mejor?!

¡Sube de nivel a tus Animales!
Mejora tus animales al nivel 10 para que alcancen su máximo potencial. Dale un vistazo al juego y su tienda diaria cada día para subir a tus animales de nivel más rápido.

Bomber Pass
El Bomber Pass es la mejor manera para conseguir recompensas en Bombergrounds. En este, podrás conseguir disfraces, personajes, gemas, recursos y mucho más; ¡simplemente jugando!

Camino de Trofeos
¡No apto para novatos! Este sistema es para profesionales. Gana partidas para conseguir trofeos, lo cual desbloquea rangos y recompensas asombrosas.

Clasificaciones
Compite en las clasificaciones, tanto a nivel local como global. ¿Puedes convertirte en el mejor jugador de tu país? o tal vez incluso, ¿del mundo?

Al descargar este juego, aceptas nuestros Términos de Servicio y Política de Privacidad, accesibles a través de nuestro sitio web en https://giganticduck.com.",4.373602,48603.0,1505.0
com.HFG.EnigmaFables,juegos escape: fábulas  enigma,Puzles,https://play.google.com/store/apps/details?id=com.HFG.EnigmaFables&hl=es&gl=es,"Adéntrate en el mundo de los juegos de escape y aventura, donde cada misión de apuntar y hacer clic te adentra en juegos de misterio llenos de objetos ocultos, habitaciones cerradas, códigos y emocionantes historias. Ponte en la piel de un detective encargado de resolver crímenes, investigar sospechosos y encontrar pistas cruciales para desentrañar los secretos. Desde aventuras épicas y desafíos de escape rooms hasta minijuegos, puzles y trampas, cada aventura de escape está diseñada para poner a prueba tu lógica, habilidad e instinto de supervivencia. Descubre tesoros, historias y misterios mientras exploras aventuras únicas de escape rooms y descubres secretos ocultos.

Historia del juego 1:
En un antiguo reino, un noble y valiente rey es profundamente querido por su pueblo por protegerlos y ganar todas las guerras. Un día, mientras cazaba en el bosque, destruye accidentalmente los huevos de un dragón. Sin darse cuenta, regresa a su palacio.

Poco después, sus soldados informan que un dragón ha atacado una aldea. Confundido, el rey investiga y descubre que él es el culpable. Sintiéndose culpable, busca la ayuda de su madre, quien le habla de un poderoso monje que conoció una vez. El monje había predicho el nacimiento del rey y la muerte de su padre.

Decidido a salvar su reino, el rey supera muchos obstáculos y finalmente encuentra al monje. Este revela que la ira del dragón es una maldición. Para romperla, el rey debe encontrar un poderoso artefacto que pueda recrear los huevos del dragón y restaurar la paz.

El artefacto debe colocarse en el centro del reino para traer armonía, paz y prosperidad de nuevo.

Historia del juego 2:
Mientras el rey recoge un anillo en la casa maldita camino al Puente Místico, más tarde recuerda el viaje y encuentra el anillo en su bolsillo. Al usarlo, su espíritu es arrastrado al Reino de las Sombras Oscuras mientras un espíritu monstruoso posee su cuerpo. Un comportamiento extraño comienza a surgir en el reino, lo que lleva al amigo íntimo del rey a sospechar la verdad y a buscar la ayuda de un mago, mientras que el espíritu atrapado del rey lucha en vano por escapar del reino. Mecanismo del juego de escape:
Sumérgete en la serie definitiva de escape oculto, repleta de nuevas aventuras, misterios de asesinatos, misterios de terror y emocionantes misiones de escape. Juega a juegos de escape misteriosos que se desarrollan en historias secretas donde deberás sobrevivir, desentrañar el misterio y burlar cada trampa. Ya sea escapando de prisiones, descifrando códigos o completando misiones de detectives, cada nivel presenta desafiantes rompecabezas y una jugabilidad única que te mantendrá enganchado. ¡Descárgalo ahora y únete a millones de personas en esta aventura de escape room gratuita: un viaje de suspense, misterio y supervivencia donde cada pista cuenta!

Características del juego:
*50 emocionantes niveles de aventura de escape.
*Ya están disponibles los vídeos con la solución de los rompecabezas.
*Es GRATIS.
*Más de 15 acertijos de lógica.
*Gana emocionantes recompensas invitando a tus amigos.
*Utiliza las pistas paso a paso.
*Encuentra las pistas de los objetos ocultos.
*Divertido para todos los géneros y edades. *Sincroniza tu progreso en varios dispositivos.

Disponible en 26 idiomas (inglés, árabe, chino simplificado, chino tradicional, checo, danés, holandés, francés, alemán, griego, hebreo, hindi, húngaro, indonesio, italiano, japonés, coreano, malayo, polaco, portugués, ruso, español, sueco, tailandés, turco y vietnamita).",4.4,1858.0,13.0
com.HoYoverse.Nap,Zenless Zone Zero,Juegos de rol,https://play.google.com/store/apps/details?id=com.HoYoverse.Nap&hl=es&gl=es,"No entres en las Cavidades.
Sí, ya lo sé. Las Cavidades están repletas de recursos etéreos, objetos extraños y ruinas de civilizaciones antiguas. Todo lo que encuentres vale su peso en oro.
Pero no olvides que las Cavidades son espacios caóticos donde los monstruos merodean con total libertad. Después de todo, las Cavidades podrían engullir el mundo entero. No son lugares a los que pueda ir la gente normal.
Así que más te vale no acercarte.
O, por lo menos, no lo hagas sin compañía.
Si te gusta el peligro, puedes ir a Nueva Eridu.
Gente de todos los rincones llega a esta ciudad. Muchos de ellos dependen de las Cavidades; desde acaudalados magnates y bandas callejeras hasta conspiradores y oficiales despiadados.
Prepárate bien, rodéate de aliados poderosos y lo más importante... Encuentra un proxy.
Solo los proxies son capaces de guiar a la gente a través las Cavidades laberínticas.
Buena suerte.

«Zenless Zone Zero» es un nuevo juego de acción en 3D de HoYoverse que se desarrolla en un futuro próximo asolado por misteriosos fenómenos sobrenaturales conocidos como «Cavidades».

Doble identidad, dos vidas distintas
En un futuro próximo, tienen lugar misteriosos fenómenos sobrenaturales llamados «Cavidades». En medio de la catástrofe surge Nueva Eridu, una ciudad única por definición. Este último oasis domina la tecnología necesaria para garantizar la coexistencia con las Cavidades y alberga un conjunto de facciones caóticas, estrepitosas, peligrosas y muy dinámicas. Como proxy profesional, desempeñarás un papel importante conectando la ciudad con las Cavidades. Nueva Eridu será testigo de tu historia.

Construye un equipo y pelea en combates llenos de adrenalina
Zenless Zone Zero es el nuevo juego de acción en 3D de HoYoverse, con una experiencia fluida de combate. Construye un equipo de hasta tres miembros y comienza el combate con ataques normales y técnicas especiales. Utiliza evasiones y bloqueos para contrarrestar los ataques enemigos. ¡Al aturdir al enemigo, desata una serie de técnicas en cadena para acabar con ellos! Recuerda que cada oponente tiene sus particularidades, así que deberás usar sus vulnerabilidades en tu favor.

Sonido único, experiencia inmersiva
Zenless Zone Zero tiene un estilo artístico y un diseño visual únicos. Con las expresiones detalladas y los movimientos fluidos de los personajes, te sumergirás en mundo fascinante en el que desarrollarás tu propia historia. Por supuesto, el protagonista debe ir acompañado de una banda sonora única. Tus aventuras en Nueva Eridu irán acompañadas de música emocionante que harán de cada instante un momento inolvidable.

Facciones e historias entrelazadas
El videoclub Random Play no puede funcionar sin cintas de video, y los proxies no pueden hacer su trabajo sin agentes. En Nueva Eridu, clientes de todos los rincones llegarán a la puerta en busca de tus servicios, así que no te dejes llevar por su apariencia inocente y adorable, ni te dejes intimidar por su complexión imponente y mirada amenazante. Eso sí, habrá algunos clientes que dejarán el establecimiento lleno de pelaje... Habla con ellos, descubre su pasado, haz nuevos amigos y consigue aliados. Después de todo, si quieres llegar lejos, debes ir acompañado.

Sitio oficial: https://zenless.hoyoverse.com/es-es/
Dirección de correo de Servicio de Atención al Cliente: zzzcs_es@hoyoverse.com
Foro oficial: https://www.hoyolab.com/accountCenter/postList?id=219270333&lang=es-es
Facebook: https://www.facebook.com/ZZZ.Official.ES
Instagram: https://www.instagram.com/zzz.official.en/
Twitter: https://twitter.com/ZZZ_ES
YouTube: https://www.youtube.com/@ZZZ_Official
Discord: https://discord.com/invite/zenlesszonezero
TikTok: https://www.tiktok.com/@zenlesszonezero
Reddit: https://www.reddit.com/r/ZZZ_Official/
Twitch: https://www.twitch.tv/zenlesszonezero
Telegram: https://t.me/zzz_official",3.9275362,152263.0,640.0
com.HoYoverse.hkrpgoversea,Honkai: Star Rail,Aventura,https://play.google.com/store/apps/details?id=com.HoYoverse.hkrpgoversea&hl=es&gl=es,"Honkai: Star Rail es el RPG de fantasía espacial de HoYoverse.
Sube al Expreso Astral y descubre las maravillas infinitas de la galaxia en este viaje lleno de emoción y aventuras.
Conocerás a nuevos compañeros en varios mundos e incluso encontrarás caras conocidas. Juntos tendrán que resolver los problemas causados por el Estelaron y descubrir los secretos que oculta. ¡Que esta travesía nos lleve hasta las estrellas!

□ Explora mundos únicos - Descubre un universo lleno de sorpresas
¡El salto comienza en 3, 2, 1! Una Estación Espacial con objetos raros sellados, un planeta sumido en un invierno eterno, una flota gigante que caza abominaciones, un planeta de las celebraciones sumido en un dulce sueño, una tierra eterna con un destino incierto, hasta una arcadia que cayó en una pintura... ¡Cada parada del Expreso Astral es una mirada única a la galaxia! ¡Explora mundos y civilizaciones maravillosas y descubre misterios inimaginables en este viaje extraordinario!

□ Un RPG fascinante - Una aventura estelar inmersiva e incomparable
Embárcate en una aventura galáctica en la que la historia la haces tú. Nuestro motor innovador renderiza cinemáticas de alta calidad en tiempo real, mientras que nuestro innovador sistema de expresiones faciales transmite emociones auténticas, todo ello acompañado por la música a cargo del equipo de HOYO-MiX. Esta aventura galáctica empieza contigo como protagonista, ¡en un universo de conflictos y alianzas donde tus decisiones determinarán el desenlace!

□ Personajes cautivadores - Conoce personajes únicos y entrelacen sus destinos
Al recorrer el mar de estrellas, no solo vivirás innumerables aventuras, sino también muchos encuentros fortuitos. Forjarás amistades inquebrantables en las tierras heladas, lucharás codo a codo durante las crisis de Xianzhou, vivirás encuentros inesperados en el sueño dorado, y el juego de un Eón cuando la fabuluna está llena... En mundos desconocidos conocerás a compañeros que recorren las diferentes Vías, con quienes vivirás viajes increíbles. Deja que sus risas y sus penas compongan la historia de su presente, pasado y futuro.

□ Combate táctico e innovador - Disfruta diversos modos de juegos y combinaciones de combate únicas
Participa en un sistema de combate que ofrece una gran variedad de formaciones de equipo. ¡Forma tu equipo según las características de tu enemigo y ataca en el momento oportuno para alzarte con la victoria! ¡Rompe la Debilidad de los enemigos, lanza ataques adicionales, inflige Daño con el tiempo y prueba el nuevo Momento Aha! Innumerables estrategias de combate te esperan a que las desbloquees. Desarrolla un enfoque adecuado para ti y afronta la oleada de retos que se avecina. Además de los intensos y emocionantes combates por turnos, podrás disfrutar de simulaciones de gestión de negocios, encuentros casuales y resolver acertijos. ¡Explora los emocionantes y diversos modos de juego, y experimenta infinitas posibilidades!


□ Los mejores actores de doblaje para una experiencia inmersiva - ¡Un conjunto de fantásticos doblajes disponibles en varios idiomas!
Las palabras cobran vida, las historias están abiertas a elección y los personajes tienen alma. Te presentamos decenas de emociones, cientos de expresiones faciales, miles de historias y millones de palabras que forman el núcleo de este universo. Con doblajes en cuatro idiomas, los personajes no son solo personajes, sino compañeros reales con los que podrás escribir un nuevo capítulo en tu historia.

Correo electrónico de Atención al Cliente: hsrcs_es@hoyoverse.com
Sitio web oficial: https://hsr.hoyoverse.com/es-es/home
Facebook: https://www.facebook.com/HonkaiStarRail.ES/
Instagram: https://www.instagram.com/honkaistarrail/
Twitter: https://twitter.com/honkaisr_es
YouTube: https://www.youtube.com/@HonkaiStarRail
Discord: https://discord.gg/honkaistarrail
TikTok: https://www.tiktok.com/@honkaistarrail_official
Reddit: https://www.reddit.com/r/HonkaiStarRail/",4.0380163,511741.0,2150.0
com.InlogicSports.FootballKicks,FOOTBALL Kicks - Futbol Strike,Deportes,https://play.google.com/store/apps/details?id=com.InlogicSports.FootballKicks&hl=es&gl=es,"Vive el futbol como nunca antes con <b>FOOTBALL Kicks</b>, uno de los juegos de futbol 2026 más emocionantes con competiciones de penaltis ilimitadas en el modo <b>MULTIJUGADOR</b>. Con gráficos y efectos de sonido super realistas te sentirás como una mini soccer star formando parte de un equipo de futbol de categoría mundial. 

Demuestra tu potencial para clasificarte en los niveles más altos de la liga de football y conviértete en una soccer star de cada división. Mejora tus habilidades, precisión de penaltis y el efecto de tu super goal, vive partidos de futbol como por ejemplo en la copa america y asegura tu posición en la clasificación mundial de los mejores jugadores de juegos de futbol 2026.

Lleva a tu equipo a la victoria, perfecciona tus penaltis y las paradas de portero, compite contra jugadores de futbol de todo el mundo, marca un super goal trás otro y avanza a la siguiente división. Juega como en un campo de futbol real, avanza en la liga semanal y en el torneo mundial de penaltis y conviértete en mini soccer star de juegos de futbol 2026.


- <b>CONSTRUYE TU EQUIPO</b>
Construye el mejor equipo con un montón de artículos gratuitos, compra potenciadores para mejorar tus penaltis, marca más de un super goal y gana competiciones parecidas a la prestigiosa copa américa como el rey de los juegos de futbol 2026.

- <b>MULTIJUGADOR EN TIEMPO REAL</b>
Sin embargo, la verdadera emoción del football comienza cuando entras en el modo MULTIJUGADOR. Conecta con otros jugadores de futbol de todo el mundo y compite en partidos uno contra uno, marcando un super goal con penaltis como una mini soccer star.

- <b>LA LIGA SEMANAL Y EL TORNEO MUNDIAL</b>
Con Football kicks tendrás acceso a partidos ilimitados de penaltis, cada uno más desafiante que el anterior. Tanto si buscas partidos de penaltis super rápidos como un torneo de super goal más largo, juegos de futbol 2026 como este lo cubren todo. Y si eres una soccer star que busca un desafío extra, asegura tu posición en el torneo mundial de tiros libres inspirado en competiciones como la copa américa.

- <b>FOOTBALL KITS ÚNICOS</b>
Descubre la tienda con equipaciones únicas para tu equipo. Desbloquea balones especiales con los que será más fácil tirar penaltis y marcar un super goal trás otro, cambia la vestimenta de tus jugadores y colecciona kits únicos propios de una mini soccer star.

- <b>PASE DE TEMPORADA</b>
Con una gran variedad de partidos de penaltis y pases a divisiones de futbol más difíciles, siempre hay un nuevo desafío que superar en este tipo de juegos de futbol 2026. Conviértete en una mini soccer star y consigue el Pase de Temporada para disfrutar de los mejores partidos de penaltis y recompensas aún más especiales.

- <b>OTRAS CARACTERÍSTICAS</b>
En los partidos de penaltis tendrás que apuntar con cuidado, ajustar la potencia y utilizar todas tus habilidades para marcar un super goal, teniendo en cuenta la posición del portero del equipo contrario. Juega al Football kicks todos los días, tira penaltis,  consigue bonificaciones gratis y recompensas únicas.


Empieza como un jugador de penaltis principiante, entrena y gana torneos al estilo de la prestigiosa copa américa. Muchos jugadores de futbol pueden marcar un super goal, pero solo una auténtica soccer star puede dominar juegos de futbol 2026 y ganar la copa de penaltis en la liga semanal o en el torneo mundial.

<b>FOOTBALL Kicks</b> con penaltis es la estrella entre juegos de futbol 2026 y es justo lo que buscas.",4.03,19239.0,116.0
com.InlogicSports.MiniSoccerKick,Mini Football Kick - Fútbol 26,Deportes,https://play.google.com/store/apps/details?id=com.InlogicSports.MiniSoccerKick&hl=es&gl=es,"¿Estás listo para enfrentarte a jugadores de fútbol de todo el mundo en duelos de penaltis en modo <b>MULTIJUGADOR</b>?

<b>MINI FOOTBALL KICK</b> es el juego perfecto para ti.

Disfruta de uno de los juegos de fútbol de estilo casual y supera a tus oponentes en cualquier momento y en cualquier lugar. Afina tu puntería y asegura tu posición entre los mejores equipos del mundo con penaltis precisos y paradas perfectas del portero.

Demuestra que tienes lo necesario para convertirte en mini soccer star de los juegos de fútbol, domina cada división y persigue la gloria en la <b>Liga Semanal</b> y el <b>Torneo Mundial</b> de penaltis.


- <b>CREA TU EQUIPO</b>
Crea y personaliza tu equipo, actualiza a tus jugadores y a tu portero con elementos únicos y mejora tus habilidades en el campo. Usa potenciadores para fortalecer tu tiro libre y penaltis y gana todas las competiciones de fútbol.

- <b>MULTIJUGADOR EN TIEMPO REAL</b>
Enfréntate a jugadores de fútbol de todos los rincones del mundo, compite en tiempo real en duelos de penaltis épicos y partidos cara a cara y marca goles para llegar a la cima como una mini soccer star.

- <b>LIGA SEMANAL Y TORNEO MUNDIAL</b>
¿Estás listo para enfrentarte a los desafíos más grandes de los juegos de fútbol? Pon a prueba tus habilidades en la Liga Semanal o avanza hacia el Torneo Mundial de penaltis para competir en el máximo nivel.

- <b>EQUIPAMIENTOS ÚNICOS</b>
¡Explora la Tienda y consigue equipamiento de fútbol único propio de una mini soccer star! Desde balones exclusivos hasta nuevos uniformes y guantes de portero, desbloquea todo lo que necesitas para mejorar el rendimiento y el estilo de tu equipo en el campo.

- <b>PASE DE TEMPORADA</b>
Consigue el pase de temporada y disfruta de las divisiones más difíciles. Marca penaltis y gana recompensas especiales a medida que progresas en este juego de fútbol. Cuanto más alto llegues, mayor será el desafío.

- <b>OTRAS CARACTERÍSTICAS</b>
Elige tu objetivo, ajusta la potencia y supera al portero con tus penaltis. Descubre ofertas gratuitas y gana valiosas recompensas que impulsarán tu carrera futbolística.


Domina el tiro libre y los penaltis en emocionantes partidos diseñados para jugadores de los juegos de fútbol de todos los niveles.

Disfruta de los juegos de fútbol con penaltis como nunca antes con <b>MINI FOOTBALL KICK</b>.",0.0,0.0,0.0
com.JindoBlu.OfflineGames,Juegos sin Conexion a Internet,Casuales,https://play.google.com/store/apps/details?id=com.JindoBlu.OfflineGames&hl=es&gl=es,"Prepárate para ""Juegos Sin Conexión"": ¡diversión para todas las edades y también un entrenamiento mental! Esta colección de juegos sin conexión es como una caja de juguetes repleta con más de 20 minijuegos únicos. Está diseñada para entusiastas de los juegos clásicos, amantes de los rompecabezas y aquellos que buscan desafíos. ¿Y la mejor parte? ¡No necesitas conexión a internet para disfrutarla!

Nuestra variedad de Juegos Numéricos como 2048 y 2248 hará que tus neuronas se activen. Sumérgete en estos desafíos numéricos y esfuerza por alcanzar las puntuaciones más altas. Son perfectos para mantener tu mente alerta y, además, ¡son adictivos! Te encontrarás regresando para superar tus propios récords una y otra vez.
Los Juegos de Palabras son una excelente manera de expandir tu vocabulario y habilidades lingüísticas. Con juegos de adivinar palabras y buscador de palabras, te embarcarás en una aventura a través de un laberinto de letras, descubriendo palabras ocultas y creando tus propias listas. Es una manera divertida de aprender palabras nuevas y el desafío te mantendrá enganchado por horas.

Siente la adrenalina con nuestros Desafíos Emocionantes. Entra al intrigante mundo de Buscaminas, donde cada clic podría ser el último. O juega Ahorcado, donde tendrás que exprimir tu cerebro para adivinar las letras correctas antes de que se acabe el tiempo.

Hemos traído de vuelta algunos de tus Juegos de Memoria Clásicos favoritos. Ejercita tu cerebro con nuestro juego de memoria auditiva, una versión moderna del clásico 'Simon Dice'. Para un toque de nostalgia, también hemos incluido el muy querido juego de la Serpiente.

Para los estrategas y pensadores serios, nuestra sección de Retos Mentales es perfecta. El ajedrez y los rompecabezas de ajedrez ofrecen un entrenamiento mental y diversión cerebral. Perfecciona tus habilidades estratégicas y toma el reto de convertirte en el gran maestro.

Nuestros Juegos para Dos Jugadores ofrecen la oportunidad perfecta para un enfrentamiento amistoso. Enfréntate a la IA en juegos como Damas, Billar o Tres en Línea, incluso en modo avión. ¡Acción divertida cuando quieras y donde quieras! ¡Ve si tus amigos pueden hacerlo mejor!

Nuestra colección incluye juegos que estimulan el cerebro como Emparejar con un Toque, Solitario, Sudoku, Bloques de Madera, 4 en Línea y el Puzzle Deslizante en nuestra sección Manténlos Pensando. Estos juegos están diseñados para mantener tu mente alerta y concentrada, y también son muy divertidos.

¿Alguna vez quisiste probar un juego exótico? Ahora puedes, directamente desde tu dispositivo, con Mancala en nuestra sección de Juegos Exóticos.

'Juegos Sin Conexión' es una aplicación fantástica para todas las edades: niños, adolescentes, adultos e incluso personas mayores. Ofrece una experiencia de juego divertida, envolvente y estimulante sin la necesidad de conexión a internet. Ya sea que estés en un largo viaje, atrapado en casa o en medio de un vuelo, nunca estarás lejos de la acción con 'Juegos Sin Conexión'. Es la aplicación perfecta para desafiarte, pasar el tiempo y divertirte al máximo.

Recuerda, con 'Juegos Sin Conexión', no necesitas una conexión a internet para jugar. Puedes disfrutar de tus juegos favoritos en cualquier momento y lugar. Di adiós a esos momentos aburridos y da la bienvenida al entretenimiento interminable con 'Juegos Sin Conexión'. ¿Quién hubiera pensado que divertirse podría ser tan fácil? ¡Sumérgete y comienza a jugar hoy!",4.675676,445453.0,1970.0
com.KhoGames.WarzoneCommander,Warzone Commander,Acción,https://play.google.com/store/apps/details?id=com.KhoGames.WarzoneCommander&hl=es&gl=es,"Embárcate en una emocionante aventura militar en Warzone Commander, un dinámico juego de guerra en 2D que te pone al mando de un ejército de élite. Participa en intensas batallas en campos de batalla realistas mientras diriges estratégicamente a tus fuerzas hacia la victoria. Domina el arte de la guerra, planifica maniobras tácticas y despliega una gran variedad de armas, vehículos y fuerzas especiales para dominar el campo de batalla.

Características principales:

🎮 Juegos de guerra y estrategia militar: Sumérgete en el corazón de la guerra, donde las decisiones estratégicas determinan el resultado de cada batalla.

Juego de acción y disparos: Experimenta la adrenalina de un juego de disparos lleno de acción mientras lideras a tus tropas en combate.

🚁 Helicópteros, aviones y tanques: Despliega un formidable arsenal, que incluye helicópteros, aviones y tanques, para obtener la ventaja en la guerra.

Mando de escuadrón táctico: Toma el control de un escuadrón táctico, utilizando sus habilidades únicas para superar en maniobras y astucia al enemigo.

Campos de batalla realistas: Navega por entornos realistas, desde trincheras traicioneras hasta extensas zonas de guerra, cada una con sus propios desafíos.

🛡️ Defensa de la base y operaciones bélicas: Defiende tu base de los ataques enemigos y planifica operaciones bélicas estratégicas para asegurarte la victoria.

Misiones de fuerzas especiales: Emprende misiones de fuerzas especiales para infiltrarte en las líneas enemigas y cumplir objetivos críticos.

🔧 Personalización de armas y vehículos: Equipa a tus soldados con una gran variedad de armas y personaliza los vehículos para adaptarlos a tus preferencias tácticas.

👨‍✈️ Comanda tu ejército: Asume el papel de un hábil comandante, dirigiendo a tu ejército con precisión y pericia.

🚨 Simulación militar y aventura de supervivencia: Experimenta la intensidad de la simulación militar y la aventura de supervivencia en medio de un mundo en guerra.

Participa en la batalla definitiva por la supremacía en Warzone Commander. Domina el campo de batalla, perfecciona tus tácticas y conviértete en el maestro de la estrategia militar. ¿Estás listo para llevar a tu ejército a la victoria? ¡Descárgalo ahora y embárcate en una épica aventura bélica!",4.5852532,285345.0,824.0
com.Kidoverse.HairSalon,Hair Salon Games For Kids,Simulación,https://play.google.com/store/apps/details?id=com.Kidoverse.HairSalon&hl=es&gl=es,"Bienvenidos a Kido Hair Salon, una divertida aventura de peluquería para niños ✂️🎨
¡Niños, conviértanse en los mejores peluqueros y estilicen su cabello en este creativo juego de peluquería!

*** Nuestros juegos son muy seguros. Sin anuncios 🚫📢
Contenido gratuito disponible 🎁
En Kido, nuestro objetivo es crear una experiencia divertida, segura y sin interrupciones para que niños y padres disfruten 💙 ***

Kido Hair Salon forma parte de Kido+, un servicio de suscripción que brinda a tu familia acceso a infinitas horas de juego y actividades educativas.

Despierta la imaginación de tu hijo con un divertido juego donde podrán cortar, peinar y diseñar looks divertidos para diferentes personajes en un entorno seguro y creativo.

✨ Características principales:

* Diversión sin límites con el peinado: Los niños pueden cortar, teñir, rizar y peinar el cabello para crear looks únicos. Desde cortes de moda hasta colores vibrantes, ¡la creatividad siempre está garantizada! ✂️🌈
* Vístete y elige accesorios: Completa cada look con conjuntos, pendientes, collares, sombreros, bufandas y otros accesorios divertidos. 👗🧢
* Diseñado para niñas y niños: Una amplia variedad de personajes y estilos, clásicos, retro, adorables y atrevidos, para todos los gustos. 🧒👧
* Creatividad desatada: Sin reglas, sin respuestas incorrectas, solo juego abierto que permite a los niños experimentar libremente. 🎨✨

❤️ Por qué a los padres les encanta Kido Hair Salon:

* Sin publicidad ni distracciones: Los niños disfrutan de un tiempo de juego seguro y sin interrupciones.
* Seguro para niños: Cumple totalmente con la COPPA y el RGPD K, cumpliendo con los más altos estándares de privacidad y seguridad. 🔒
* Fomenta la creatividad y el juego independiente: Ayuda a los niños a expresarse y a desarrollar confianza. * Fácil de usar: Diseñado para niños de todas las edades, incluyendo a los más pequeños 👍

Descarga Kido Peluquería ahora 📲
Descubre un juego de peluquería creativo y sin publicidad donde la diversión, la imaginación y la seguridad se unen.

Acerca de Kido Games
En Kido Games, nos dedicamos a crear experiencias divertidas y significativas para los niños, priorizando siempre la seguridad 💙
Todos los juegos de Kido no tienen publicidad y están diseñados para un juego creativo y sin preocupaciones.
Nos enorgullece cumplir con los estándares COPPA y GDPR K para garantizar un entorno seguro donde los niños puedan explorar, crear y divertirse.

🌐 Visita nuestro sitio web: [https://www.kidoverse.net/](https://www.kidoverse.net/)
📜 Términos de servicio: [https://www.kidoverse.net/terms-of-service](https://www.kidoverse.net/terms-of-service)
🔐 Aviso de privacidad: [https://www.kidoverse.net/privacy-notice](https://www.kidoverse.net/privacy-notice)",4.1862745,41279.0,15.0
com.Laxarus.TigerBall,Tigerball,Arcade,https://play.google.com/store/apps/details?id=com.Laxarus.TigerBall&hl=es&gl=es,"¡Ábrete paso hacia la gloria en este arcade sin fin!

Características:

- Física de tigerball superrealista
- Control de deslizamiento suave y sedoso
- Juego rápido pero relajante
- 100 niveles diseñados a mano en 20 mundos",4.3098083,452673.0,40432.0
com.Love.Story,Love Story® Historias de Amor,Simulación,https://play.google.com/store/apps/details?id=com.Love.Story&hl=es&gl=es,"Nuevos episodios de tus favoritas historias interactivas en español están AQUÍ!

<b>Love Story - Your Choices ®</b>

¡Juegos de historias de amor te están esperando! ¡Las decisiones más intrigantes que vas a tomar en tu vida!

Sumérgete en los juegos de amor y las ardientes historias interactivas en español, cargadas de pasión, intriga, suspenso que te dejarán sin aliento. Decide tu historia de amor. ¡Juega a los juegos de amor, toma decisiones y vive tus propias historias interactivas!

*** Es el momento de tomar decisiones y elegir historia - ¿Cuál será tu siguiente episode? ¿Es inevitable elegir la respuesta tan tabou? - ¡Lee nuestras historias de amor y descubre!

Descarga <b>Love Story ® - Your Choices</b> y explora las series interactivas de juegos de amor, creados por Webelinx para todos los fans del romance y el episode de la pasión. Tú controlas tus decisiones e historias interactivas en español, pero ten cuidado - ¡Las decisiones malas pueden cambiarlo todo!

<b>Love Story ® - Your Choices</b>

💗 RECUERDOS OLVIDADOS – historias interactivas con episode español sobre el misterio enterrado en los recuerdos dolorosos;
💗 CORAZÓN DE ESPÍA - historias interactivas en el mundo emocionante de espionaje. Tomar decisiones nunca ha sido tan emocionante;
💗 NOVIO DE ALQUILER - juegos de amor sobre las situaciones y las decisiones tabou más inesperadas...
... y muchas más historias de amor te están esperando!


<b>Love Story ® - Your Choices</b> CARACTERÍSTICAS:
💟 Descarga juegos de amor con historias interactivas en español y sé la estrella de tu romance;
💟 Personaliza tu aspecto, elige un alias y el outfit para el siguiente episode español;
💟 Enamórate o resiste la tentación – cada una de las historias interactivas te dejará sin palabras. ¡Ojo con las decisiones que tomas;
💟 Episode español – te esperan series interactivas con historias de amor que te seducirán por completo.

✦ ¡Toma decisiones tabu y disfruta leyendo historias interactivas en español más emocionantes!

💚 Lee las historias interactivas con episode español intrigantes;
💜 Toma parte en las decisiones de las historias de amor taboo muy dramáticas;
💙 Disfruta de los juegos románticos - las decisiones son tuyas;
💚 Elige el episode envuelto en misterio y sumérgete en el mundo de los taboo juegos de amor .

✦ Toma el control sobre tus historias interactivas español. ¡Las decisiones que tomas en las historias de amor determinan el desenlace!

Descarga <b>Love Story ® - Your Choices</b>  y toma las correctas decisiones con episode español y disfruta! Enfréntate a eventos taboo y lee las mejores historias de amor .

Echa un vistazo a los nuevos juegos de amor para chicas. Los emocionantes juegos de historias de amor serán tu mejor entretenimiento en las noches frías. ¡Puede descargar una colección de episode en su teléfono y tableta absolutamente gratis! Toma las mejores decisiones; descarga  <b>Love Story ® - Your Choices</b> y disfruta!

instagram.com/webelinx_love_story
facebook.com/WebelinxLoveStoryGames
twitter.com/WebelinxStory
youtube.com/channel/UCNDk6T-QvoacWWRF-UUjYcw",4.162667,131522.0,523.0
com.Love.Story.Games.ChatLinx,Historia de amor: ChatLinx,Simulación,https://play.google.com/store/apps/details?id=com.Love.Story.Games.ChatLinx&hl=es&gl=es,"💕¿Estás listo para el juego de historia de amor más épico basado en mensajes?💕

¡Prepárate para una experiencia completamente nueva en un juego de elegir tu historia enriquecido con la jugabilidad basada en chat! Sé entre los primeros en probar <b><font color=""#320F52"">Historia de amor en chat: ChatLinx</font></b> - un revolucionario juego de aventuras basado en mensajes, y ve qué hace una “historia de amor” única llena de opciones determinantes y caminos diferentes. ¡Este impresionante juego de amor otome combina los elementos de misterio, suspense, amistad y amor, y te garantizamos que se convertirá en tu historia en chat número uno! Descarga este “juego de mensajes” y disfruta tomando decisiones cruciales mientras te enfrentas a uno de los desafíos más difíciles que tu grupo de la secundaria haya tenido hasta ahora. ¡Tu aventura de enviar mensajes comienza AHORA!

<b><font color=""#2E1F6A"">✨¡Una “historia por mensajes” - múltiples finales y varios desenlaces!✨</font></b>

<b>CARACTERISTICAS</b>
** ¡”Historia de amor anime” llevada a un nivel totalmente nuevo!
** ¡Personaliza tu avatar y juega como tú mismo!
** ¡Opciones que realmente importan y que terminan en muchos caminos diferentes!
** ¡Desbloquea las opciones premium en esta historia de amor otome!
** ¡Experiencia única de enviar mensajes y chatear!
** Historia adictiva, tramas bien pensadas, personajes desarrollados y numerosas opciones de personalización - ¡todo disponible en nuestro nuevo “juego de chat”!
** ¡Nuestros nuevos “juegos de romance anime” están aquí para ti!

<b>IDIOMAS APOYADOS</b>: عربى, Polski, Türkçe, Español, Português, Deutsch, Français, Italiano, Bahasa Indonesia, srpski, Русский.

¡Solo para los fans de los “juegos de amor otome”! Conoce a los personajes originales y acompáñalos en su camino para resolver el misterioso caso de un amigo desaparecido. Sé testigo de miedo, misterio, drama, amor, amistad y toma decisiones cruciales. Encuentra la respuesta a la pregunta que impacta tu vida y la de tus amigos en esta “historia de amor adolescente”. La experiencia de enviar mensajes y chatear hará que esta novela visual te parezca más real y los atractivos personajes masculinos te harán morir por ellos. Disfruta de las ilustraciones anime combinadas con la novela de romance escolar - solo en esta historia por chat. ¡<b><font color=""#320F52""> Historia de amor en chat: ChatLinx </font></b> ya te está esperando!

¿Estás adicto a chatear? ¿Te gustan “juegos de simulación” con elecciones reales? Si buscas una historia por chat, un juego de simulador de citas o una novela visual, lo encontrarás todo aquí, en ChatLinx, ¡el juego de mensajes de texto de amor! Descarga este thriller misterio que trata de crecer, entablar amistades, enamorarse y descubrir secretos oscuros. ¡Las historias de amor interactivas nunca han sido más emocionantes! Empieza a jugar a <b><font color=""#320F52"">Historia de amor en chat: ChatLinx</font></b> ahora y crea tu propia historia de amor de adolescentes.",4.172932,119669.0,580.0
com.Love.Story.Games.Kissed.Billionaire,Historia de amor Mi millonario,Simulación,https://play.google.com/store/apps/details?id=com.Love.Story.Games.Kissed.Billionaire&hl=es&gl=es,"Descubre el amor ardiente, el deseo loco, la pasión y el poder, y compruébalo por ti misma por qué el 💕<b>Beso de un Millonario – Historias Interactivas de Amor</b>💕 es una de las nuevas historias de amor en español más apasionantes que has leído.

¿Resistirás el encanto de un millonario misterioso que te ofrece el mundo o correrás el riesgo de perder todo por el amor? Descubre uno de los juegos de amor interactivo de Webelinx más excitantes y disfruta de las nuevas historias interactivas.

¿Sueñas con ser la protagonista de tus propios juegos de historias de amor interactivo? No busques más. Descarga el 💕<b>Beso de un Millonario – Historias Interactivas de Amor</b>💕 y lee una las mejores historias de amor en español. Ninguna de las decisiones de amor será fácil. Cada elección que haces determina el final de tu historia de amor. Por tanto, toma decisiones con cuidado y disfruta de los mejores juegos de historias de amor interactivo.

💕<b>Beso de un Millonario – Juegos de Amor Gratis</b>💕 - CARACTERÍSTICAS:

💗 Personaliza la protagonista de tus historias de amor interactivo
💗 Elige el estilo que demuestra mejor tu personalidad
💗 Gráficos increíbles y una historia de amor en español fascinante
💗 Toma decisiones - En nuestros juegos de amor interactivo, tú controlas lo que sucede
💗 Decisiones de amor únicas que llevan a finales impresionantes
💗 Beso de un Millonario – juegos de historias de amor gratis - disponible AHORA

¿Ya estás emocionada para empezar a jugar uno de los mejores juegos de historias interactivas de Webelinx? Nuestro nuevo juego de amor en español te brinda asombrosos personajes masculinos con los que vivirás momentos llenos de tremenda pasión y un romance increíble. Descarga el 💕<b>Beso de un Millonario – Juegos de Amor Gratis</b>💕, uno de los nuevos juegos de historias de amor interactivas y compruébalo por ti misma.",4.17,54355.0,201.0
com.LudoStar2GameLudoGameYallaLudoGame,Ludo Star - Ludo Star 2 Game,Casuales,https://play.google.com/store/apps/details?id=com.LudoStar2GameLudoGameYallaLudoGame&hl=es&gl=es,"Ludo es un juego de habilidad y estrategia rápido y fácil de aprender. El objetivo de LudoStar2 es ser el primero en deshacerse de todas sus fichas. En cada turno, los jugadores colocan su ficha boca arriba o boca abajo por turnos. Si colocas una ficha boca abajo, se quedará ahí hasta que alguien más coloque una encima. Cuando una ficha está cubierta, ya no se puede jugar. Debes retirar todas tus fichas antes de que alguien más retire las suyas. ¡Quien tenga más fichas al agotarse el tiempo, gana!
Ludo Star 2 es un juego en línea divertido y creativo para todas las edades. El objetivo es encontrar Ludostar2 conectándose a internet y buscando las estrellas ocultas en un mundo 3D. El jugador puede usar un mapa virtual para localizar las estrellas y luego usar el ratón del ordenador para colocar la estrella en el lugar correcto. La estrella 2 de Ludo está oculta en el mundo 3D, que se navega haciendo clic en las distintas zonas del mapa.
Ludo Star es una nueva y emocionante versión del clásico juego de mesa Ludo. El objetivo del juego es simple: colocar las fichas en el círculo lo más rápido posible. Pero se vuelve más desafiante al añadir las fichas especiales que pueden cambiar las reglas del juego. Esta versión incluye 4 conjuntos de fichas diferentes, cada uno con 10 fichas.
Características del juego Ludo:
Fácil de aprender, juego de habilidad y estrategia de ritmo rápido.
Juega solo o compite cara a cara con amigos.
Incluye dos tableros diferentes.
Elige entre tres niveles de dificultad.
Incluye manual de reglas.
Juega solo o en modo multijugador en LudoStar2Game.
Diferentes niveles de dificultad.
Nuevos modos de juego.
Cuatro conjuntos de fichas diferentes.
Incluye cuatro conjuntos de fichas diferentes. Cada conjunto contiene 10 fichas.
Una forma divertida de pasar tiempo juntos.
Fácil de aprender.
Divertido para niños y adultos.
Ludo es un nuevo y emocionante juego de mesa basado en el clásico juego infantil de ludo. El objetivo del juego es colocar tus fichas en el lugar correcto antes que tu oponente.
El juego Ludo está disponible para descarga gratuita.
El Ludo es un juego de mesa para todos.
El Ludo Star 2 es el mejor juego de 2022.
El Ludo se juega entre niños, jóvenes y mayores.
El Ludo se juega con la mente.
El Ludo Star 2 es un juego de dados que depende de la suerte.
Este juego se juega entre niños, jóvenes y mayores. Hay diferentes niveles. Se juega entre dos personas y también con cuatro. La forma de jugar depende completamente de ti.",,,
com.MarisSoftware.CarsLP,Cars LP: conducción extrema,Carreras,https://play.google.com/store/apps/details?id=com.MarisSoftware.CarsLP&hl=es&gl=es,"Cars LP: conducción extrema

¡La mejor experiencia de conducción de automóviles!

Ponte al volante de algunos de los coches más increíbles del mundo y explora un vasto mundo abierto en este emocionante juego de carreras. Con física realista, gráficos impresionantes y una variedad de modos desafiantes, Cars LP - Extreme Car Driving es el juego perfecto para cualquier entusiasta de los automóviles.

Características:

* Elige entre más de 100 vehículos diferentes, incluidos autos deportivos, autos potentes,  SUV y camiones.
* Explora un vasto mundo abierto con múltiples ciudades
* Compite en modos de carrera desafiantes, que incluyen contrarreloj, carreras de resistencia y competiciones de derrapes
* Transporte de mercancías con camiones
* Personaliza tu coche con diferentes trabajos de pintura y llantas
* Personaliza tu personaje con diferentes ropas y peinados
* Compra tu propia casa con garaje o incluso piscina
* Derrapa en las calles de la ciudad
* Haz lo que quieras

¡Descarga Cars LP - Extreme Car Driving hoy mismo y experimenta la mejor experiencia de conducción de automóviles!",4.5348835,7365.0,22.0
com.MiaoYou.RabbitBubbleShooter,Rabbit Pop,Casuales,https://play.google.com/store/apps/details?id=com.MiaoYou.RabbitBubbleShooter&hl=es&gl=es,"Rabbit Bubble Dragon es un minijuego casual de puzles y eliminación que combina la mecánica clásica de Bubble Dragon con una adorable temática de conejos, ideal para jugadores de todas las edades. El juego se ambienta en el reino del bosque, donde unos traviesos conejitos vuelcan accidentalmente un tarro de burbujas arcoíris, ¡llenando el cielo de burbujas de colores! Los jugadores deben ayudar al conejo protagonista a lanzar burbujas, eliminar obstáculos y rescatar a sus amigos atrapados.",,,
com.MonsterPlanet.BlockDay,¡Block Day(Block Puzzle),Puzles,https://play.google.com/store/apps/details?id=com.MonsterPlanet.BlockDay&hl=es&gl=es,"¡""Block Day"" es el juego de rompecabezas en bloques más adictivo.
¡Pulsa para girar bloques y colócalos para completar las líneas!
¡Desafiando a ti mismo! ¡Usa bloques especiales para obtener tu puntuación más alta!

* ¡PULSA Y ARRASTRA! ¡Un juego simple del que todos pueden disfrutar!
  ¡Pulsa para girar bloques y arrastrarlos por el tablero!
  ¡Completa una línea ya sea verticalmente u horizontalmente, si completas tu línea sin espacios, desaparecerá!

* ¡Simple rompecabezas de bloque con estrategias únicas!
  ¡Gira varias formas de bloques sin límite!
  ¡Usa tus propias estrategias para girar tu bloque y colocarlos en la mejor posición!
  ¡Usa bloques especiales y extras que tienen varias habilidades para obtener una puntuación alta!

* ¡Bloque EXTRA y bloque ESPECIAL!
  ¡Sobrevive mientras puedas para desbloquear bloques extras!
  ¡Disfruta de las habilidades de los bloques especiales! ¡Hará que tu juego sea más dinámico!

* ¡Carácter encantador!
  ¡Completa la línea para alimentar a tus hambrientos personajes!
  ¡Los personajes te darán elementos útiles cuando los alimentes!
  ¡Por favor, aliméntalos más y más! ¡Si los personajes no pudieron comer bloques, acabará el juego!

* ¡Bien simple!
 ¡No es necesario registrarte tu cuenta!
 ¡No es necesario estar conectado al internet!
 ¡Puedes jugar hasta en el avión!

* READ_EXTERNAL_STORAGE/ WRITE_EXTERNAL_STORAGE 
   This is a privilege required for the game to provide in-game advertising.",,,
com.NeverGames.Gridpunk,Gridpunk Battle Royale 3v3 PvP,Acción,https://play.google.com/store/apps/details?id=com.NeverGames.Gridpunk&hl=es&gl=es,"Participa en <b> rápidas partidas battle royale multijugador 3v3 PvP </b> en battles en tiempo real cyberpunk para una verdadera explosión de adrenalina!

Incrementa tu arsenal tirador con <b> armas únicas </b> y artilugios con super ataques y siente una intesa acción con este divertido y único free-to-play 3v3 PvP battle royale multijugador para dispositivos móbiles.

Prepara tus armas de fuego y alistate a matar, en battle royale a tu oponente multijugador 3v3 PvP contra enemigos de todas partes del mundo!

<b>Gridpunk – Battle Royale 3v3 PvP </b> es un tirador en tiempo real con partidas rápidas! Sé rápido, apunta tus armas y lanza drones en estas rápidas battles de battle royale. No lo olvides, todas las partidas de matar 3v3 son online con jugadores reales.

<b><u>100% BASADO EN HABILIDAD</u></b>
<i>Nunca pagues para ganar!</i> Las mecánicas de juego de Gridpunk – Battle Royale 3v3 Pvp son fáciles de aprender, difíciles de dominar y sirve de puente entre lo ultra-competitivo, experiencia cross-platform. Controlando un único joystick intuitivo en combinación con un único sistema de auto-apuntar diseñado para jugadores casuales y hardcore, hace del combate una óptima experiencia battle royale.

<b><u>ELIGE TU MODO DE JUEGO</u></b>
<i>Deathmatch:</i> Adentrate en battle royale mientras te haces camino a la supremacía. Presta atención a todos los detalles cyberpunk que ayudaran a tu shooter.

<b><u>TONELADAS DE ARMAS, ARTILUGIOS Y HABILIDADES</u></b>
Prefieres una experiencia cercana en un 3v3 PvP battle royale o un combate letal a la distancia? Elige un multiuso rifle automatico, asegurate las posiciones defensivas estratégicas con rifles sniper de larga distancia, o siembra el caos con lanza cohetes exóticos. Quieres que tu battle royale use artilugios? No hay problema! Lanza ataques con la devastadora <b> bomba suicida</b> en tus juegos de matar, o el increíble <b>cyberpunk Lurker</b> para controlar la arena.

<b><u>PROGRESIÓN DEL JUEGO</u></b>
Acumula XP y sube de nivel jugando misiones en solitario y en eventos limitados de juegos de battle royale
<i>Desbloquea pistolas de niveles superiores</i> y otras armas dominando las armas de niveles inferiores
Elige al shooter perfecto con rifles de larga distancia o snipers, escopetas de corto alcanze or armas laser automáticas.

<b><u>MULTIJUGADOR BATTLE ROYALE EN TIEMPO REAL</u></b>
Destruiras rivales que esten en tu mismo nivel de tirador en partidas de matar 3v3 PvP. Destrúyelos y subiras en los rankings de la tabla de posiciones y desbloquea increíble <i>equipamiento cyberpunk</i>.

<b><u>DESBLOQUEA SHOOTER CON HABILIDADES ÚNICAS</u></b>
Dispara, destruye y haz explotar cosas en estilo cyberpunk con decenas de clases para elegir! Sé rápido y sigiloso en el battle arena con <b>Rockerboy</b> o asesina a tus rivales con <b>Netrunner!</b>

<b><u>SUBE EN LA TABLA DE POSICIONES</u></b>
Tablas de posiciones de liga y global por temporadas! Tienes las suficientes habilidades para subir en las tablas de posiciones y reclamar premios al final de la temporada battle royale?  


Si te gustan los juegos multijugador en tiempo real de PvP battle royale o si te gustan los juegos de matar de 3v3 PvP, amaras Gridpunk - Battle Royale 3v3 PvP  ! O quizás tan solo amas <b>Cyberpunk</b> tanto como nosotros.
 
De cualquier manera, no encontraras en ningún lado un 3v3 PvP battle royale mas divertido que sea free to play y multijugador.

<b>Gridpunk Battle Royale 3v3 PvP</b> en redes sociales:

---> Gridpunk Battle Royale 3v3 PvP en Facebook: https://www.facebook.com/GridpunkGame

---> Gridpunk Battle Royale 3v3 PvP en Discord: https://discord.gg/5tUaZec

---> Gridpunk Battle Royale 3v3 PvP en Reddit: https://www.reddit.com/r/Gridpunk/",4.367089,10944.0,24.0
com.Nobodyshot.kuboom,KUBOOM 3D: Shooter FPS,Acción,https://play.google.com/store/apps/details?id=com.Nobodyshot.kuboom&hl=es&gl=es,"¿Te gustan los juegos JcJ en primera persona? ¿Quieres jugar a un shooter de auténtica acción? ¿Te atreves a aceptar el desafío?
  
  Entonces juega a KUBOOM, un shooter multijugador en primera persona con varios modos de disparo. En este juego encontrarás todo lo que necesitas: ubicaciones únicas, opciones de personalización de armas, varios modos de juego para que elijas el que más se adapte a tu estilo, un mercado para negociar con otros jugadores, etc. Compite con millones de jugadores de todo el planeta, haz que tu luchador ascienda a lo más alto y únete al clan más fuerte o crea el tuyo propio.
  
  Elige un personaje y personalízalo. Consigue un arma de fuego y demuestra a tus enemigos quién manda en el campo de batalla. En este juego mutijugador encontrarás prácticamente de todo: una pistola, una escopeta, una ametralladora, un fusil de francotirador… Al elegir un arma, fíjate en sus estadísticas: cada una varía en daños y precisión. Consigue la que mejor se adapte a ti. Todas las armas del juego se pueden personalizar y mejorar: cambia el cañón para mejorar la precisión, añade un accesorio o monta una mira para disparar como un auténtico francotirador. También dispones de skins comunes, raras y legendarias para elegir la que mejor refleje tu personalidad. En caso de combate cuerpo a cuerpo, utiliza un cuchillo. En el juego tienes de todos los tipos: desde un cuchillo de abanico hasta un machete. Y para quienes quieran sorprender a su enemigo en un combate breve, también hay un hacha o incluso una pala.
  
  Asegúrate de que tu guerrero esté equipado con todo lo necesario y prepárate para la batalla. Hazte con un par de granadas: puedes elegir entre granadas de fragmentación, de humo o cegadoras, o bien cócteles molotov. No te olvides del botiquín ni de la munición para tu arma. También pueden venirte bien en combate un escudo protector y cables. Forma conjuntos con todos los objetos seleccionados: puedes crear tres diferentes y cambiarlos durante el combate en función de la situación. En el mercado podrás vender los objetos que no necesites a otros jugadores y comprar los que te hagan falta.
  
  Juega en línea con usuarios de todo el mundo o crea batallas privadas en las que solo puedan participar tus amigos. Elige entre seis modos de combate:
  Tiroteo
  Todos contra todos en equipo
  Batalla contra zombis
  Battle royale
  Bunny Hop
  Duelo
  
  Comunícate con otros jugadores en línea mediante chats de voz o texto. No desaproveches ninguna oportunidad de obtener una nueva arma: por ejemplo, puedes robársela a un jugador al que hayas asesinado. Al final de la batalla, no olvides abrir las tarjetas de premio para conseguir llaves, dinero, consumibles y skins secretas. Las llaves sirven para conseguir suministros, ropa y skins, o para mejorar tu equipo. El dinero puede gastarse en armas nuevas. Completa tareas diarias y consigue nuevos objetos para tu combatiente. Aumenta el rango de tu guerrero y encarámate a lo más alto de la clasificación para traer fama a tu clan. Inscribe tu nombre en la lista de los mejores jugadores del planeta. En las pausas entre combates, puedes consultar las estadísticas de todos en los que hayáis participado tus amigos y tú. Conoce el total de batallas, el número de victorias e incluso cuántos combatientes han muerto durante toda la partida.
  
  Personaliza los controles para sumergirte por completo en el ambiente de un juego de disparos. Todo el mundo sabe que una buena organización de los controles es media victoria. Deshabilita o habilita el disparo automático y elige un lugar de la pantalla para los botones de apuntar. También puedes ajustar el volumen de la música, los sonidos, el chat de voz y el micrófono. Este shooter ofrece incluso la posibilidad de configurar los controles expresamente para personas zurdas.
  
  Participa en un combate táctico y sumérgete en un mundo de batallas dinámicas y guerras de clanes.
  
  Nota: Para jugar, se necesita una conexión permanente a internet.",4.389881,516366.0,1520.0
com.OctocubeGamesCompany.CIFI,Cell: Idle Factory Incremental,Estrategia,https://play.google.com/store/apps/details?id=com.OctocubeGamesCompany.CIFI&hl=es&gl=es,"¡Ganador del premio al mejor juego incremental para móviles de Reddit (r/incremental_games) de 2023, 2024 y 2025! ¡Triunfo! ¡Nos sentimos honrados!

¡Bienvenido, jefe!

CIFI es un complejo juego incremental inactivo con más de lo que parece. Aquí construirás, desarrollarás y mejorarás una flota estelar de naves industriales y de producción. ¡El objetivo es producir tantas células como sea posible! ¡Miles de mejoras te esperan para ayudarte en esta tarea!

Características de Cell: Idle Factory Incremental:
• Mecánicas adictivas, simples pero complejas, para jugadores de cualquier nivel.
• Una cantidad alucinante de mejoras para elegir.
• ¡Un estilo de juego increíblemente gratificante e infinito!
• ¡Árboles de habilidades y talentos ENORMES + sistemas de evolución de naves espaciales!
• ¡Tablas de clasificación, guardado en la nube, recompensas diarias, juego cruzado y mucho más!
• ¡Divertidos minijuegos y actividades!
• ¡Ingresos completos sin conexión y por inactividad que pueden automatizar el juego mientras estás fuera! • ¡Montones de menús de mejora para que tu imperio crezca!

¿Construirás la flota industrial más grande del cosmos? ¡Únete hoy, jefe!",,,
com.RastleksGames.MergeFighters,Merge Fighting－juego de peleas,Acción,https://play.google.com/store/apps/details?id=com.RastleksGames.MergeFighters&hl=es&gl=es,"¡Prepárate para la lucha extrema y la fusión de armas! ⚔️

¡Merge Fighting es un sorprendente juego de peleas que lleva la lucha callejera a un nuevo nivel! 

Buscapleitos despiadados y peleadores callejeros están aterrorizando la ciudad. 😱 ¡Es hora de que tú, el rey de los luchadores 👑, les enseñe una lección que no olvidarán jamás! Usa el poder de la fusión de armas y combate con los malos en uno de los juegos de batalla más épicos de la historia. 💪

LUCHA COMO UN PRO 
Para ser un campeón de las luchas callejeras 🏆 en este juego de peleas no solo necesitas habilidades de combate, sino que también necesitas saber cuando es el mejor momento para atacar 🥊 o retirarte. 🛡️ Observa los movimientos de tus enemigos durante el combate. Si ves que se te acercan, cúbrete o esquiva el golpe como ninja 🥷. ¡Espera el momento oportuno y ataca con toda tu fuerza para noquear a tu oponente!

ELIGE UNA ESTRATEGIA
¡No todos los peleadores callejeros en este juego de peleas serán fáciles de matar! Algunas batallas requerirán de un enfoque individual. Analiza cada detalle del equipamiento de tu atacante. ¿Tienen una defensa? 🛡️ ¿O quizás tienen un arma a distancia? Planifica cada movimiento en estas luchas locas y prepárate para matar a tus enemigos con un solo golpe oportuno y mortal. 👊 ¡Pasa a la historia de este juego de peleas como el más hábil rey de los luchadores!

UNIR ARMAS ⚔️
¡Combina los artículos que coinciden en tu arsenal para crear nuevas armas que causan más daño! Barras de acero, 🪓 hachas, 🗡️ espadas, barretas, 🔥 lanzadores de llamas... Cualquier objeto te servirá para dar un golpe mortal en este juego de fusión, incluso un cartel de tránsito. 🛑 ¡Conviértete en el maestro de la fusión al crear las peores armas mortales y haz que tus enemigos se arrepientan de haberse cruzado en tu camino!

COMO CONVERTIRSE EN UN CAMPEÓN EN ESTE JUEGO DE LUCHAS 
Métete en luchas locas 🤼
Experimenta con un enorme arsenal de armas mortales⚔️
Combina objetos para crear las mejores armas
Patea con fuerza y recibe recompensas por puñetazos poderosos 💰
Realiza buenos golpes críticos y rematadores
Potencia tu estamina y tu fuerza 💪
Explora ubicaciones nuevas y emocionantes 🗺️

Luchas locas frente a frente, divertida unión de armas y acción impecable; ¡hay muchas cosas que te encantarán en este emocionante juego de unir. ¡Únete a uno de los mejores juegos de luchas como el más grande maestro de combinar armas y salva a la ciudad de la injusticia!",4.37,54209.0,21.0
