app_id,title,genre,url,description,rating,ratings,reviews,desc_length,processed_description,processed_length
ai.character.app,"Character AI: Chat, Talk, Text",Entretenimiento,https://play.google.com/store/apps/details?id=ai.character.app&hl=es&gl=es,"✨Character.AI no es solo otra aplicación de conversación con IA: es un patio de recreo infinito para tu imaginación, creatividad y exploración. 

Sumérgete en conversaciones inmersivas, crea tus propios chatbots de IA y únete a una comunidad vibrante de creadores como tú.

Envía mensajes de texto o habla: ¡tu próxima aventura comienza aquí!

📱Conversa, llama, envía mensajes de texto y crea con personajes de IA que responden de manera inteligente, recuerdan conversaciones pasadas y se adaptan a tu estilo. Cada conversación con IA se siente natural, atrapante y única. Explora posibilidades ilimitadas a medida que creas historias, inventas nuevos mundos, interpretas un papel en aventuras o simplemente te diviertes con tus chatbots de IA favoritos.

🤖Incontables personajes de IA, posibilidades ilimitadas
Character.AI alberga millones de personajes de IA generados por usuarios, ofreciendo un mundo diverso y apasionante más allá de los chatbots básicos. De héroes legendarios y malvados villanos a chiflados trastornados y secuaces leales, siempre hay un nuevo personaje de IA esperándote.

¿Te encanta conversar con IA? Sumérgete en personajes de cada género y tipo de personalidad. ¿Quieres crear el tuyo propio? Nuestras potentes herramientas de creación de personajes te permiten diseñar chatbots de IA con personalidades, trasfondos e ¡incluso voces únicas! Personaliza tus creaciones para que se adapten a tu imaginación y experimenta una conversación con IA realmente personalizada como nunca antes.

Character.AI hace que la creación de personajes sea sencilla, divertida e ilimitada. Sin importar lo que se te ocurra, puedes hacerlo realidad y compartirlo con toda la comunidad de IA.

💬Envía mensajes de texto o habla; tú eliges con conversaciones con IA y llamadas con IA
Experimenta la libertad de interactuar como quieras, mediante escritura o videollamadas en vivo. Con Character.AI, puedes pasar sin problemas de conversaciones con IA a conversaciones en vivo con personajes de IA.

Ya sea que estés leyendo absortamente una historia impulsada por IA o estés interpretando un papel en una aventura épica, Character.AI ofrece una experiencia de conversación con IA totalmente inmersiva personalizada para ti.
Prepárate para repensar lo que los chatbots de IA pueden hacer porque, con Character.AI, tus conversaciones pueden ir adonde sea que tu imaginación las lleve.

🎨Da rienda suelta a tu creatividad a través de la creación de personajes
La creación de personajes no es solo una función: es un pasaporte a la creatividad ilimitada.
Character.AI te da el poder de crear, diseñar y explorar nuevos mundos. Crea tus propios chatbots de IA, inventa ricos universos de ficción, idea líneas de tiempo alternativas o incluso crea asistentes de IA personalizados para ayudar con el aprendizaje, la narración o el aporte de ideas creativas.

No es necesario saber programación. Solo tu imaginación, algunas indicaciones y ganas de experimentar. Únete a millones de creadores que están ampliando los límites del desarrollo de conversaciones con IA y personajes de IA.

🫶Únete a la comunidad de Character.AI
Sé parte de una próspera comunidad de IA repleta de millones de creadores, exploradores y escritores reales. Character.AI es más que solo una aplicación, es un movimiento donde personas de todo el mundo se conectan a través del poder de la narración, la conversación con IA y la creación de mundos con tus personajes favoritos.

Descubre nuevos personajes creados por usuarios como tú, sigue a tus creadores favoritos y comparte tus propias obras maestras con el mundo. Crea, aprende y crece dentro de una comunidad que celebra la innovación y la creatividad en chatbots de IA y la creación de personajes.

Descarga Character.AI hoy y descubre la mejor plataforma de conversaciones con IA, personajes de IA, chatbots de IA, creación de personajes y conexión con una increíble comunidad de.

📖¿Adónde te llevará tu próxima aventura?",1.3625438,2253536.0,6382.0,611,character ai aplicación conversación ia patio recreo infinito imaginación creatividad exploración sumérgete conversación inmersiva creer chatbot ia únetir comunidad vibrante creador enviar mensaje texto próximo aventura comenzar conversa llamar enviar mensaje texto creer personaje ia responder inteligente recordar conversación pasado adaptar estilo conversación ia sentir natural atrapante único explorar posibilidad ilimitado medida creer historia inventas  mundo interpretas papel aventura divertir chatbot ia favorito incontabl personaje ia posibilidad ilimitado character ai albergar millón personaje ia generado usuario ofrecer mundo diverso apasionante chatbot básico héroe legendario malvado villano chiflado trastornado secuaz leal personaje ia encantar conversar ia sumérgete personaje género tipo personalidad quieres crear potente herramienta creación personaje permitir diseñar chatbot ia personalidad trasfondo voz único personalizar creación adaptar imaginación experimentar conversación ia personalizado character ai creación personaje sencillo divertido ilimitado importar ocurrir realidad compartir él comunidad ia enviar mensaje texto elegir conversación ia llamado ia experimentar libertad interactuar querer escritura videollamada vivo character ai pasar problema conversación ia conversación vivo personaje ia leer historia impulsado ia interpretar papel aventura épico character ai ofrecer experiencia conversación ia inmersivo personalizado prepárate repensar chatbot ia character ai conversación imaginación llevar rienda suelto creatividad creación personaje creación personaje función pasaporte creatividad ilimitado character ai crear diseñar explorar mundo creer chatbot ia inventar rico universo ficción idea línea tiempo alternativa creer asistente ia personalizado ayudar aprendizaje narración aporte idea creativo necesario programación imaginación indicación gana experimentar únete millón creador ampliar límite desarrollo conversación ia personaje ia comunidad character próspero comunidad ia repleto millón creador explorador escritor real character ai aplicación movimiento persona mundo conectar narración conversación ia creación mundo personaje favorito descubrir personaje creado usuario creador favorito compartir obra maestro mundo crea aprender crecer comunidad celebrar innovación creatividad chatbot ia creación personaje descarga character ai descubrir plataforma conversación ia personaje ia chatbot ia creación personaje conexión increíble comunidad llevar próximo aventura,305
air.com.bmapps.gossipgirlsdivasinhighschool,Gossip Girls Divas Highschool,Entretenimiento,https://play.google.com/store/apps/details?id=air.com.bmapps.gossipgirlsdivasinhighschool&hl=es&gl=es,"Estas tres chicas de secundaria quieren ser divas reales y en su horario se programa una nueva recopilación de chismes por lo que todos tienen que mirar perfecto para ello. Ven a jugar a este juego de maquillaje para gestionar tres personajes diferentes. Va a hacer algunos tratamientos faciales y máscara, a continuación, un maquillaje natural y, al final, que será la elección de un equipo difícil para cada uno de sus niñas. En primer lugar, se aplica una lavadora de cara a eliminar la suciedad que se infiltra en la piel, basta con quitar con agua tibia, como se hace en la vida real. Para hidratar la cara es necesario agregar una crema facial con propiedades terapéuticas. Las cejas verá desordenado por lo que tiene que cuidar de ellos también mientras se eliminan los granos con el fin de mantener la superficie limpia y lisa. Es posible incluso hacer una casa hecha de una máscara que hará que su cara todo suave y listo para comenzar la fase de maquillaje. Encontrar una manera de crear un look perfecto con el maquillaje y el talento de la moda. Obtener el aspecto deseado y se divierten jugando con los colores. Ahora que de haber finalizado este proceso, se puede mover a la parte vestidor donde se va a crear el traje mágico esta chica siempre quiso. Combinar colores y texturas, use su imaginación y crear un cambio en su vestuario. Probar diferentes miradas y estar listo para innovar algunos aspectos porque una vez que va a ir un poco loco no hay camino de vuelta y verá todo el mundo es predecible que un pequeño cambio. Divertirse y tratar apariencias únicas para estas divas de la escuela secundaria.

Las características más impresionantes traído para que pudieran ser sacados en este juego aquí:
- Libre y fácil de jugar
- Hermosa ropa y accesorios grandes para añadir
- Tratamientos faciales para ejecutar y maquillajes
- Posibilidad de diversificar su creación en tres formas
- Desafía a tus habilidades de diseño de moda y mejorarlos si es posible
- Trate de formas interesantes para crear una nueva mirada
- Montaje y diseño trajes
- Gran experiencia para ganar
- Ayuda a tres chicas de secundaria para encontrar sus propios estilos personales",3.5584416,15228.0,30.0,378,chica secundaria querer diva real horario programar recopilación chism mirar perfecto ven maquillaje gestionar personaje tratamiento facial máscaro continuación maquillaje natural elección equipo difícil niña lugar aplicar lavadora cara eliminar suciedad infiltrar piel bastar quitar agua tibio vida real hidratar cara necesario agregar crema facial propiedad terapéutico ceja ver desordenado cuidar eliminar grano mantener superficie limpio liso casa hecho máscara hacer cara suave listo comenzar fase maquillaje encontrar crear look perfecto maquillaje talento moda obtener aspecto deseado divertir jugar color finalizar proceso mover vestidor crear traje mágico chica querer combinar color textura usar imaginación crear cambio vestuario probar mirada listo innovar aspecto loco camino vuelta ver mundo predecible pequeño cambio divertir él tratar apariencia único diva escuela secundario característica impresionante traído sacar libre fácil hermosa ropa accesorio añadir tratamiento facial ejecutar maquillaj posibilidad diversificar creación forma desafía habilidad diseño moda mejorar él tratir forma interesante crear mirada montaje diseño traje experiencia ganar ayuda chica secundaria encontrar estilo personal,158
air.com.buffalo_studios.newflashbingo,Bingo Blitz™️: juegos de Bingo,Juegos de mesa,https://play.google.com/store/apps/details?id=air.com.buffalo_studios.newflashbingo&hl=es&gl=es,"Experimenta tu juego de bingo en línea como nunca antes lo habías hecho, mientras te adentras en una aventura de juegos de bingo, en Bingo Blitz. 

¡Únete al gato Blitzy para aventurarte por increíbles misiones de juegos de bingo en línea y recibir regalos de bingo en línea, golosinas y más diversión en el bingo! 

¿A qué esperas? ¡Comienza a jugar a Bingo Blitz ya! 

• Juego con varios cartones: Jugar con un cartón de bingo es tan anticuado: ¡juega con varios cartones de bingo gratis al mismo tiempo!
Coge potenciadores: ¿Necesitas un poco más de potencia para tu partida de bingo? ¡Consigue potenciadores para ganar aún más premios de bingo! 
• Colecciona souvenirs: ¿Qué es un viaje alrededor del mundo si no tienes cosas chulas que mostrar? ¡Hazte con souvenirs en cada ciudad que visites!
• Gana cartones de bingo especiales: Esto es Bingo Blitz, un juego de bingo gratis con una diferencia: aquí hacemos las cosas de forma un poco diferente.
• ¡Juega a minijuegos épicos! Bingo Blitz es más que simples juegos de bingo: ¡juega a minijuegos mientras esperas a que empiece tu próximo juego de bingo!

<b>Consigue regalos extra diarios: ¡juegos de bingo épicos gratis, solo para ti!</b>
¡Queremos mucho a nuestros jugadores de Bingo Blitz y nos gusta mostraros nuestro amor a diario!

• Viaja por todo el mundo para conseguir monedas y créditos gratis a diario: ¡los juegos de bingo gratis no pueden ser mejores!
• Embárcate en divertidas búsquedas de bingo gratis por todo el mundo para conseguir épicos premios y bonificaciones de bingo en directo, ¡como créditos extra, monedas y potenciadores!

¿Buscas juegos épicos de bingo gratis con fantásticos extras diarios? ¡Lo tienes todo en Bingo Blitz!

<b>Hagamos las cosas en línea: Bingo en línea: ¡socializa y juega a juegos de bingo en línea!</b>

El juego de bingo internacional en línea es mucho más divertido con amigos. ¡El bingo gratis no puede ser mejor que esto!

• ¡Chatea en la sala de chat en directo del bingo en línea!
• ¡Invita a tus amigos para obtener bonificaciones de bingo gratis aún mayores!
• ¡Intercambia cartones de todos tus juegos de bingo y completa tus colecciones más rápido para obtener más recompensas!

¡Visita el nuevo <a href=""https://www.youtube.com/user/BuffaloStudiosTV/featured"">canal de YouTube de Bingo Blitz TV</a> para conocer las últimas noticias, consejos, actualizaciones e increíbles sorpresas!

<b>Ponte en contacto: ¡Cuéntanos qué tal es jugar al mejor juego de bingo gratis!</b>

¡Nos encantaría saber de ti, estés donde estés en el mundo! Puedes contactar con nosotros en https://www.bingoblitz.com/support/.
Bingo Blitz está destinado a personas mayores de 21 años de edad solo con fines de diversión y no ofrece apuestas con ""dinero real"", ni la oportunidad de ganar dinero real o premios reales basados en el juego. Jugar o tener éxito en este juego no implica el éxito futuro en las apuestas con ""dinero real"".

Bingo Blitz no requiere pagos para descargar y reproducir, pero también le permite comprar artículos virtuales con dinero real dentro del juego, incluidos artículos aleatorios. Puede deshabilitar las compras dentro de la aplicación en la configuración de su dispositivo. Bingo Blitz también puede contener publicidad. Es posible que necesite una conexión a Internet para jugar a Bingo Blitz y acceder a sus funciones sociales. También puede encontrar más información sobre la funcionalidad, la compatibilidad y la interoperabilidad de Bingo Blitz en la descripción anterior e información adicional de la tienda de aplicaciones.

Al descargar este juego, acepta futuras actualizaciones del juego tal como se publiquen en su tienda de aplicaciones o red social. Puede optar por actualizar este juego, pero si no lo hace, su experiencia de juego y funcionalidades pueden verse reducidas.

Términos del servicio: https://www.playtika.com/terms-service/
Aviso de privacidad: https://www.playtika.com/privacy-notice/",4.429238,1417570.0,2475.0,618,experimenta bingo línea adentrar aventura juego bingo bingo blitz únete gato blitzy aventurarte increíble misión juegos bingo línea recibir regalo bingo línea golosina diversión bingo comenzar bingo blitz juego cartón jugar cartón bingo anticuado jugar cartón bingo tiempo coger potenciador necesitar potencia partida bingo potenciador ganar premio bingo colecciona souvenirs viaje mundo tener cosa chula mostrar hazte souvenir ciudad visites ganar cartón bingo especial bingo blitz bingo diferencia cosa forma jugar minijuego épico bingo blitz simple juego bingo jugar minijuego esperar empezar bingo regalo extra diario juego bingo épico jugador bingo blitz gustar mostraros amor diario viajar mundo moneda crédito diario juego bingo mejor embárcate divertido búsqueda bingo mundo épico premio bonificación bingo directo crédito extra moneda potenciador buscar juego épico bingo fantástico extra diario tener bingo blitz hacer cosa línea bingo línea socializa jugar juegos bingo bingo internacional línea divertido amigo bingo chatea sala chat directo bingo línea invitar amigo obtener bonificación bingo mayor intercambia cartón juego bingo completar colección rápido obtener recompensa visitar user buffalostudiostv youtube bingo blitz noticia consejo actualización increíble sorpresa ponte contacto cuéntanos bingo encantar estés mundo contactar bingo blitz destinado persona mayor año edad fin diversión ofrecer apuesta dinero real oportunidad ganar dinero real premio real basado jugar éxito implicar éxito futuro apuesta dinero real bingo blitz requerir pago descargar reproducir permitir comprar artículo virtual dinero real incluido artículo aleatorio deshabilitar compra aplicación configuración dispositivo bingo blitz contener publicidad necesitar conexión internet bingo blitz acceder función social encontrar información funcionalidad compatibilidad interoperabilidad bingo blitz descripción información adicional tienda aplicación descargar aceptar futuro actualización publicar tienda aplicación red social optar actualizar experiencia funcionalidad ver él reducido término servicio aviso privacidad,275
air.com.flipline.papascheeseriatogo,Papa's Cheeseria To Go!,Estrategia,https://play.google.com/store/apps/details?id=air.com.flipline.papascheeseriatogo&hl=es&gl=es,"-- SOBRE EL JUEGO --

¡Papa's Cheeseria inaugura su gran inauguración con una actuación especial de la enérgica banda Scarlett and the Shakers! Desafortunadamente, el concierto se cancela cuando roban todo el equipo musical, y tendrás que buscar trabajo para poder comprar instrumentos nuevos para la banda. Por suerte, Papa Louie tiene la solución perfecta: ¡te encarga la preparación de sándwiches de queso a la plancha en su nuevo restaurante!

Prepara sándwiches con deliciosos panes, quesos derretidos y una amplia variedad de ingredientes y salsas para un sándwich de queso a la plancha gourmet. Cocina y voltea los sándwiches para que queden en su punto justo, y termina los pedidos de tus clientes con una ración abundante de papas fritas recién hechas cubiertas con sus salsas y ingredientes favoritos. El pueblo de Toastwood celebrará diferentes festividades a lo largo del año, y desbloquearás nuevos ingredientes festivos a medida que sirves deliciosos sándwiches de temporada.

 -- CARACTERÍSTICAS DEL JUEGO --

NUEVAS CARACTERÍSTICAS - ¡Todas tus características favoritas de otras versiones de los restaurantes de Papa's ahora están disponibles en este juego ""Para Llevar"", rediseñado y reimaginado para pantallas más pequeñas!

SABORES FESTIVOS - ¡Celebra las fiestas en Toastwood con deliciosos sabores navideños! Tus clientes pedirán sándwiches repletos de ingredientes de temporada. Desbloquearás nuevos panes, quesos, ingredientes y salsas para cada festividad del año, y a tus clientes les encantará probar estos sabores festivos. ¡Esta nueva versión también incluye ingredientes y salsas navideñas para las papas fritas!

SIRVE RECETAS ESPECIALES - ¡Obtén recetas especiales de tus clientes y sírvelas como el especial del día en la Quesería! Cada especial tiene una bonificación que puedes obtener al servir un ejemplo perfecto de esa receta. ¡Domina cada especial para ganar un premio especial!

PERSONALIZA A TUS TRABAJADORES - ¡Juega como Scarlett o Rudy, o crea tu propio personaje para unirte a la banda y trabajar en la sandwichería! También puedes presumir de tu espíritu navideño con una enorme variedad de atuendos y ropa para tus empleados. ¡Elige combinaciones de colores únicas para cada prenda y crea tu propio estilo con millones de combinaciones!

ENTREGA ESPECIAL: Algunos clientes no quieren ir hasta Toastwood para comer queso a la plancha. Cuando empieces a aceptar pedidos por teléfono, los clientes podrán llamar para hacer su pedido y, en su lugar, contratarás a un conductor para que les lleve y entregue los pedidos a domicilio.

COLECCIONA PEGATINAS: Completa diversas tareas y logros mientras juegas para ganar PEGATINAS coloridas para tu colección. Cada cliente tiene un conjunto de tres PEGATINAS favoritas: ¡Consigue las tres y recibirás un atuendo nuevo para regalarle!

DECORA LA TIENDA: Personaliza el vestíbulo de Cheeseria con muebles y decoraciones temáticas para cada festividad del año. Combina tus estilos favoritos o añade artículos que combinen con la festividad actual para que a los clientes no les importe esperar más por su comida.

RECORTE DE CUPONES: ¿Echas de menos a tu cliente favorito? ¡Envíales un cupón con la ayuda de tu amable cartero, Vincent! A los clientes les encantan las buenas ofertas y llegarán enseguida a pedir otra comida. ¡Los cupones son geniales para completar misiones y conseguir pegatinas, además de para subir de nivel estratégicamente a los clientes!

MINIJUEGOS DIARIOS: Juega a los famosos minijuegos de Foodini después de cada jornada laboral para conseguir muebles nuevos para tu vestíbulo y ropa nueva para tus empleados.

-- MÁS CARACTERÍSTICAS--

-- Una tienda de sándwiches práctica en el universo de Papa Louie
-- Nuevos controles y funciones de juego diseñados para pantallas táctiles
-- Multitarea: construye, asa y prepara papas fritas
-- Chefs y conductores personalizados
-- 12 festividades distintas para desbloquear, cada una con más ingredientes
-- Consigue y domina 40 recetas especiales únicas
-- 90 pegatinas de colores para ganar al completar tareas
-- 124 clientes para atender con pedidos únicos
-- Usa pegatinas para desbloquear nuevos atuendos para tus clientes
-- 125 ingredientes para desbloquear",4.7391305,2293.0,2.0,650,juego cheeseria inaugurar inauguración actuación especial enérgico banda scarlett and the shakers concierto cancelar robar equipo musical tendrás buscar trabajo comprar instrumento banda suerte papa louie solución perfecto encargar preparación sándwich queso plancha restaurante preparar sándwich delicioso pan queso derretido amplio variedad ingrediente salsa sándwich queso plancha gourmet cocina voltear sándwich quedar punto justo terminar pedido cliente ración abundante papa frita hecho cubierta salsa ingrediente favorito pueblo toastwood celebrar festividad año desbloquearás ingrediente festivo medida sirves delicioso sándwich temporada juego características característica favorito versión restaurante disponible rediseñado reimaginado pantalla pequeño sabores festivos celebrar fiesta toastwood delicioso sabor navideño cliente pedir sándwich repleto ingrediente temporada pan queso ingrediente salsa festividad año cliente encantar probar sabor festivo versión incluir ingrediente salsa navideño papa fritas sirve receta especial obtén receta especial cliente sírvela especial quesería especial bonificación obtener servir ejemplo perfecto receta dominar especial ganar premio especial personaliza trabajadores jugar scarlett rudy crea personaje unirte banda trabajar sandwichería presumir espíritu navideño enorme variedad atuendo ropa empleado elegir combinación color único prenda creer estilo millón combinación entrega especial cliente querer toastwood comer queso plancha aceptar pedido teléfono cliente llamar pedido lugar contratarás conductor llevar entregue pedido domicilio colecciona pegatinas completar tarea logro jugar ganar colorida colección cliente conjunto pegatina favorito recibirás atuendo regalar él decora tienda personaliza vestíbulo cheeseria mueble decoración temático festividad año combinar estilo favorito añadir artículo combinir festividad actual cliente importar esperar comida recorte cupón echas cliente favorito envíales cupón ayuda amable cartero vincent cliente encantar oferta llegar pedir comida cupón genial completar misión pegatina subir nivel cliente minijuegos diarios jugar famoso minijuego foodini jornada laboral mueble vestíbulo ropa empleado tienda sándwich práctico universo papa louie control función diseñado pantalla táctil multitarea construir asa preparar papa fritas chefs conductor personalizado festividad distinto desbloquear ingrediente dominar receta especial único pegatina color ganar completar tarea cliente atender pedido único pegatina desbloquear atuendo cliente ingrediente desbloquear,312
air.com.flipline.papascluckeriatogo,Papa's Cluckeria To Go!,Estrategia,https://play.google.com/store/apps/details?id=air.com.flipline.papascluckeriatogo&hl=es&gl=es,"-- SOBRE EL JUEGO --

¡La Guerra de los Sándwiches de Pollo ha comenzado! Cuando Papa Louie abre el primer restaurante de sándwiches de pollo en Oilseed Springs, ¡chefs rivales aparecen repentinamente en el pueblo para hacerle la competencia! Estarás a cargo de Papa's Cluckeria, donde empanarás, rebozarás y freirás alimentos para crear una variedad de sándwiches diferentes. Llena los sándwiches con ingredientes y salsas, y crea refrescantes granizados para servir a tus clientes más exigentes. ¡Ábrete paso durante las fiestas sirviendo sándwiches y granizados de temporada, desbloquea nuevos ingredientes y gana Especiales del Día con deliciosas recetas de sándwiches, e intenta superar a la competencia!

-- CARACTERÍSTICAS DEL JUEGO --

PAN, REBOZA Y FRÍE - Cubre el pollo con diversas opciones de empanizado y rebozado, ¡y luego mételo en la freidora para cocinarlo a la perfección! Papa Louie necesita sacar ventaja a la competencia, así que con el tiempo podría empezar a freír otros alimentos además del pollo.

 SÁNDWICHES APILABLES: Elige entre una variedad de panecillos y crea un delicioso sándwich repleto de carnes fritas, quesos, ingredientes y salsas.

GRANADOS EN REMOLINO: Los clientes pedirán un refrescante granizado en remolino para acompañar su sándwich. Agrega el hielo y los jarabes de sabores al vaso y espera a que la máquina de granizados combine los sabores para obtener un capricho vibrante y delicioso.

SABORES FESTIVOS: A medida que subas de nivel, las estaciones y festividades en Oilseed Springs cambiarán, ¡y tus clientes empezarán a pedir comidas con temática navideña! Desbloquearás nuevos sabores de granizados, panecillos, ingredientes y salsas para cada festividad del año, ¡y a tus clientes les encantará probar estos nuevos sabores festivos!

SIRVE RECETAS ESPECIALES: ¡Obtén recetas especiales de tus clientes y sírvelas como el especial del día en la Cluckeria! Cada especial tiene una bonificación que puedes obtener al servir un ejemplo perfecto de esa receta. ¡Domina cada especial para ganar un premio especial!

 PERSONALIZA A TUS TRABAJADORES: ¡Juega como Wylan B u Olivia, o crea tu propio personaje para trabajar en el restaurante! También puedes mostrar tu espíritu navideño con una gran variedad de atuendos y ropa para tus empleados. ¡Elige combinaciones de colores únicas para cada prenda y crea tu propio estilo con millones de combinaciones!

ENTREGA ESPECIAL: Algunos clientes no quieren viajar hasta Oilseed Springs para comprar sus sándwiches. Cuando empieces a tomar pedidos por teléfono, los clientes podrán llamar para hacer su pedido y, en su lugar, contratarás a un conductor para que les lleve y entregue los pedidos a domicilio.

DIVERSIÓN EN EL FOOD TRUCK: Después de contratar a un conductor, ¡puedes enviarlo en un Food Truck entre días para que sirva lo que quieras! Usa tu imaginación para crear tus propios sándwiches únicos, luego sírvelos desde el Food Truck y a ver quién viene a probarlos. ¡Incluso puedes mezclar y combinar ingredientes de diferentes festividades en el Food Truck para crear combinaciones creativas!

COLECCIONA PEGATINAS: Completa diversas tareas y logros mientras juegas para ganar PEGATINAS coloridas para tu colección. Cada cliente tiene un conjunto de tres pegatinas favoritas: ¡Consíguelas y recibirás un atuendo nuevo para regalarle!

Y MUCHO MÁS: Decora el vestíbulo con muebles navideños temáticos, envía cupones a tus clientes para animarlos a visitar el restaurante y juega a los minijuegos de Foodini después de cada jornada laboral para ganar muebles y ropa nuevos.

-- MÁS CARACTERÍSTICAS--

-- Tienda de sándwiches de pollo práctica en el universo de Papa Louie
-- Realiza múltiples tareas: fríe alimentos, prepara sándwiches y prepara granizados
-- Chefs y conductores personalizados
-- 12 festividades diferentes para desbloquear, cada una con más ingredientes
-- Consigue y domina 40 recetas especiales únicas
-- 90 pegatinas de colores para ganar al completar tareas
-- 141 clientes para atender con pedidos únicos
-- Usa pegatinas para desbloquear nuevos atuendos para tus clientes
-- 149 ingredientes para desbloquear",4.7727275,2122.0,9.0,638,juego guerra sándwiches pollo comenzar papa louie abrir restaurante sándwich pollo oilseed springs chef rival aparecer pueblo hacer él competencia cargo cluckeria empanará rebozarás freirás alimento crear variedad sándwich llenar sándwich ingrediente salsa crea refrescante granizado servir cliente exigente paso fiesta servir sándwich granizado temporada desbloquear ingrediente ganar especiales deliciosa receta sándwich intentar superar competencia juego pan reboza fríe cubrir pollo opción empanizado rebozado mételir freidora cocinar él perfección papa louie necesitar sacar ventaja competencia tiempo empezar freír alimento pollo sándwiches apilables elegir variedad panecillo creer delicioso sándwich repleto carne fritas queso ingrediente salsa granados remolino cliente pedir refrescante granizado remolino acompañar sándwich agregar hielo jarabes sabor vaso esperar máquina granizado combinir sabor obtener capricho vibrante delicioso sabores festivos medida subas nivel estación festividad oilseed springs cambiar cliente empezar pedir comida temática navideño desbloquearás sabor granizado panecillo ingrediente salsa festividad año cliente encantar probar sabor festivo sirve receta especial obtén receta especial cliente sírvela especial cluckeria especial bonificación obtener servir ejemplo perfecto receta dominar especial ganar premio especial personaliza trabajadores jugar wylan olivia crea personaje trabajar restaurante mostrar espíritu navideño variedad atuendo ropa empleado elegir combinación color único prenda creer estilo millón combinación entrega especial cliente querer viajar oilseed springs comprar sándwich tomar pedido teléfono cliente llamar pedido lugar contratarás conductor llevar entregue pedido domicilio diversión food truck contratar conductor enviar él food truck servir querer imaginación crear sándwich único sírvelo food truck venir probar él mezclar combinar ingrediente festividad food truck crear combinación creativo colecciona pegatinas completar tarea logro jugar ganar colorida colección cliente conjunto pegatina favorito consíguelas recibirás atuendo regalar él decorar vestíbulo mueble navideño temático enviar cupón cliente animar él visitar restaurante jugar minijuego foodini jornada laboral ganar mueble ropa tienda sándwich pollo práctico universo papa louie realizar múltiple tarea fríe alimento preparar sándwich preparar granizado chefs conductor personalizado festividad desbloquear ingrediente dominar receta especial único pegatina color ganar completar tarea cliente atender pedido único pegatina desbloquear atuendo cliente ingrediente desbloquear,324
air.com.flipline.papasdonuteriatogo,Papa's Donuteria To Go!,Estrategia,https://play.google.com/store/apps/details?id=air.com.flipline.papasdonuteriatogo&hl=es&gl=es,"¡Fríe y sirve deliciosas donas en Papa's Donuteria To Go!

-- SOBRE EL JUEGO --

¡Acabas de conseguir un nuevo trabajo en Papa's Donuteria, en el encantador pueblo de Powder Point! El sueldo y los beneficios son buenos, pero aceptaste el trabajo para conseguir el codiciado pase de acceso al parque de atracciones que está justo afuera de la tienda. Pero no todo es diversión: ahora también tendrás que cocinar deliciosas donas todos los días para todos los clientes más alocados de este pueblo con aires de carnaval.

Tendrás que preparar donas con diversas masas y formas, luego freírlas y cocinarlas por ambos lados hasta que estén en su punto. Termina las deliciosas donas con deliciosos rellenos, glaseado y coberturas antes de servirlas a tus hambrientos clientes. Quienes visitan por primera vez puede que solo pidan una dona para probar, ¡pero los que repiten no se cansarán y empezarán a pedir más donas cuando vuelvan! Powder Point también celebra diferentes festividades durante todo el año, ¡así que prepárate para desbloquear nuevos ingredientes festivos mientras juegas durante las fiestas!

 -- CARACTERÍSTICAS DEL JUEGO --

NUEVAS CARACTERÍSTICAS - ¡Todas tus características favoritas de otras versiones de los restaurantes de Papa's ahora están disponibles en este juego ""Para Llevar"", rediseñado y reimaginado para pantallas más pequeñas!

SABORES FESTIVOS - ¡Celebra las fiestas en Powder Point con deliciosos sabores navideños! Tus clientes pedirán donas con una increíble variedad de ingredientes de temporada. Desbloquearás nuevas formas de donas, rellenos, glaseados, coberturas y aderezos para cada festividad del año, y a tus clientes les encantará probar nuevos y deliciosos sabores.

SIRVE RECETAS ESPECIALES - ¡Obtén recetas especiales de tus clientes y sírvelas como el Especial del Día en la Donutería! Cada especial tiene una bonificación que puedes obtener al servir un ejemplo perfecto de esa receta. ¡Domina cada especial para ganar un premio especial!

PERSONALIZA A TUS TRABAJADORES - ¡Juega como Tony o Scooter, o crea tu propio personaje personalizado para trabajar en la tienda de donas! También puedes mostrar tu espíritu navideño con una gran variedad de atuendos y ropa para tus trabajadores. Elige combinaciones de colores únicas para cada prenda y crea tu propio estilo con millones de combinaciones.

ENTREGA ESPECIAL: ¡Algunos clientes no quieren ir hasta el parque de diversiones para comprar sus donas! Cuando empieces a recibir pedidos por teléfono, podrán llamar para hacer su pedido de donas y tú contratarás a un conductor para que les lleve y entregue los pedidos a domicilio.

COLECCIONA PEGATINAS: Completa diversas tareas y logros mientras juegas para ganar coloridas pegatinas para tu colección. Cada cliente tiene un conjunto de tres pegatinas favoritas: ¡Consíguelas y recibirás un atuendo nuevo para regalarle!

DECORA LA TIENDA: Personaliza el vestíbulo de la Donutería con muebles y decoraciones temáticas para cada festividad del año. Combina tus estilos favoritos o añade artículos que combinen con la festividad actual para que a los clientes no les importe esperar más por su comida.

RECORTE DE CUPONES: ¿Echas de menos a tu cliente favorito? ¡Envíale un cupón con la ayuda de tu amable cartero, Vincent! A los clientes les encantan las buenas ofertas y llegarán enseguida a pedir otra comida. ¡Los cupones son geniales para completar misiones, conseguir pegatinas y subir de nivel estratégicamente a los clientes!

MINIJUEGOS DIARIOS: Juega a los famosos minijuegos de Foodini después de cada jornada laboral para conseguir muebles nuevos para tu vestíbulo y ropa nueva para tus empleados.

-- MÁS CARACTERÍSTICAS--

-- Una tienda de donas práctica en el universo de Papa Louie
-- Nuevos controles y funciones de juego diseñados para pantallas táctiles
-- Prepara, fríe, rellena y cubre
-- Chefs y conductores personalizados
-- 12 festividades distintas para desbloquear, cada una con más ingredientes
-- Consigue y domina 40 recetas especiales únicas
-- 90 pegatinas de colores para ganar al completar tareas
-- 121 clientes para atender con pedidos únicos
-- Usa pegatinas para desbloquear nuevos atuendos para tus clientes
-- 117 ingredientes para desbloquear",4.75,2610.0,6.0,659,fríe servir deliciosa dona donuteria to go juego acabas trabajo donuteria encantador pueblo powder point sueldo beneficio aceptastir trabajo codiciado pase acceso parque atracción justo tienda diversión tendrar cocinar deliciosa dona cliente alocado pueblo aire carnaval tendrás preparar dona masa forma freir él cocinar él lado punto terminar deliciosa dona delicioso relleno glaseado cobertura servir él hambriento cliente visitar pedir dona probar repetir cansar empezar pedir dona volver powder point celebrar festividad año prepáratir desbloquear ingrediente festivo jugar fiesta juego características característica favorito versión restaurante disponible rediseñado reimaginado pantalla pequeño sabores festivos celebrar fiesta powder point delicioso sabor navideño cliente pedir dona increíble variedad ingrediente temporada forma dona relleno glaseado cobertura aderezo festividad año cliente encantar probar delicioso sabor sirve receta especial obtén receta especial cliente sírvela especial donutería especial bonificación obtener servir ejemplo perfecto receta dominar especial ganar premio especial personaliza trabajadores jugar tony scooter crea personaje personalizado trabajar tienda dona mostrar espíritu navideño variedad atuendo ropa trabajador elegir combinación color único prenda creer estilo millón combinación entrega especial cliente querer parque diversión comprar dona recibir pedido teléfono llamar pedido dona contratarás conductor llevar entregue pedido domicilio colecciona pegatinas completar tarea logro jugar ganar colorida pegatina colección cliente conjunto pegatina favorito consíguelas recibirás atuendo regalar él decora tienda personaliza vestíbulo donutería mueble decoración temático festividad año combinar estilo favorito añadir artículo combinir festividad actual cliente importar esperar comida recorte cupón echas cliente favorito envíale cupón ayuda amable cartero vincent cliente encantar oferta llegar pedir comida cupón genial completar misión pegatina subir nivel cliente minijuegos diarios jugar famoso minijuego foodini jornada laboral mueble vestíbulo ropa empleado tienda dona práctico universo papa louie control función diseñado pantalla táctil preparar fríe rellena cubrir chefs conductor personalizado festividad distinto desbloquear ingrediente dominar receta especial único pegatina color ganar completar tarea cliente atender pedido único pegatina desbloquear atuendo cliente ingrediente desbloquear,307
air.com.flipline.papasmochariatogo,Papa's Mocharia To Go!,Estrategia,https://play.google.com/store/apps/details?id=air.com.flipline.papasmochariatogo&hl=es&gl=es,"¡Prepara deliciosos cafés y cannolis en Papa's Mocharia To Go!

-- SOBRE EL JUEGO --

Papa Louie ha abierto una nueva cafetería en New Pepperton, que ofrece una variedad de cafés en capas personalizados llamados Papaccinos. Tras solicitar un trabajo como barista en Papa's Mocharia, te enteras de que se está rodando una película de un año sobre la cafetería, ¡y ahora eres la estrella principal! Bajo la atenta mirada del equipo del documental, prepararás espresso, vaporizarás y espumarás leche, y crearás llamativas bebidas en capas para tus clientes más exigentes. Adelántate durante las fiestas sirviendo café y cannolis de temporada, desbloquea nuevos ingredientes y gana Especiales del Día con deliciosas recetas de latte y macchiato.

-- CARACTERÍSTICAS DEL JUEGO --

PREPARA ESPRESSO Y BEBIDAS EN CAPAS: Usa las máquinas de café para preparar espressos recién hechos y vaporizar y espumar leche para las bebidas de los clientes. En la Estación de Construcción, prepararás capas de espresso y leche en una taza grande, junto con polvos de colores y jarabes de sabores, creando un delicioso latte en capas con un sabor tan delicioso como su apariencia. Completa la bebida con coberturas, cremas batidas y lloviznas para darle el toque final.

CREA CANNOLI: Los clientes pedirán un cannoli personalizado junto con sus Papaccino. Elige la base del cannoli, alinea las boquillas para llenarla de crema y decora el cannoli con deliciosos ingredientes para obtener el dulce perfecto para disfrutar con un café.

SABORES FESTIVOS: ¡Celebra las fiestas con deliciosos sabores navideños! A medida que subas de nivel, las estaciones y las festividades en New Pepperton cambiarán, y tus clientes comenzarán a pedir bebidas y cannoli con temática navideña. Desbloquearás nuevos jarabes, polvos, lácteos, batidoras, cremas y bases de cannoli para cada festividad del año, ¡y a tus clientes les encantará probar estos nuevos sabores festivos!

 SIRVE RECETAS ESPECIALES: ¡Consigue recetas especiales de tus clientes y sírvelas como el especial del día en Mocharia! Cada especial tiene una bonificación que puedes obtener al servir un ejemplo perfecto de esa receta. ¡Domina cada especial para ganar un premio especial!

PERSONALIZA A TUS TRABAJADORES: ¡Juega como Allan o Akari o crea tu propio personaje para trabajar en la cafetería! También puedes mostrar tu espíritu navideño con una gran variedad de atuendos y ropa para tus empleados. ¡Elige combinaciones de colores únicas para cada prenda y crea tu propio estilo con millones de combinaciones!

ENTREGA ESPECIAL: Algunos clientes no quieren viajar hasta New Pepperton para comprar su café. Cuando empieces a tomar pedidos por teléfono, los clientes podrán llamar para hacer su pedido y, en su lugar, contratarás a un conductor para que les ayude a llevar y entregar los pedidos a domicilio.

COLECCIONA PEGATINAS: Completa diversas tareas y logros mientras juegas para ganar PEGATINAS coloridas para tu colección. Cada cliente tiene un conjunto de tres pegatinas favoritas: ¡Consíguelas y recibirás un atuendo nuevo para regalarle!

DECORA LA TIENDA: Personaliza el vestíbulo de Mocharia con muebles y decoraciones temáticas para cada festividad del año. Combina tus estilos favoritos o añade artículos que combinen con la festividad actual para que los clientes no tengan que esperar más tiempo por su pedido.

-- MÁS CARACTERÍSTICAS--

- Cafetería práctica en el universo de Papa Louie
- Realiza múltiples tareas: prepara café, calienta leche, combina bebidas y crea cannoli
- Chefs y conductores personalizados
- 12 festividades diferentes para desbloquear, cada una con más ingredientes
- Consigue y domina 40 recetas especiales únicas
- 90 pegatinas de colores para ganar al completar tareas
- 135 clientes para atender con pedidos únicos
- Usa pegatinas para desbloquear nuevos atuendos para tus clientes
- 124 ingredientes para desbloquear",4.857143,2997.0,13.0,607,preparar delicioso café cannolis mocharia to go juego papa louie abrir cafetería new pepperton ofrecer variedad café capa personalizado llamado papaccinos solicitar trabajo barista mocharia entero rodar película año cafetería estrella principal atento mirada equipo documental prepararás espresso vaporizarás leche crearás llamativo bebida capa cliente exigente adelántatir fiesta servir café cannoli temporada desbloquear ingrediente ganar especiales deliciosa receta latte macchiato juego prepara espresso bebidas capas máquina café preparar espresso hecho vaporizar espumar leche bebida cliente estación construcción prepararás capa espresso leche taza polvo color jarabe sabor crear delicioso latte capa sabor delicioso apariencia completar bebida cobertura crema batido llovizna dar él toque crea cannoli cliente pedir cannoli personalizado papaccino elegir base cannoli alinear boquilla llenar él crema decorar cannoli delicioso ingrediente obtener dulce perfecto disfrutar café sabores festivos celebrar fiesta delicioso sabor navideño medida subas nivel estación festividad new pepperton cambiar cliente comenzar pedir bebida cannoli temática navideño desbloquearás jarabes polvo lácteo batidora crema base cannoli festividad año cliente encantar probar sabor festivo sirve receta especial receta especial cliente sírvela especial mocharia especial bonificación obtener servir ejemplo perfecto receta dominar especial ganar premio especial personaliza trabajadores jugar allan akari crea personaje trabajar cafetería mostrar espíritu navideño variedad atuendo ropa empleado elegir combinación color único prenda creer estilo millón combinación entrega especial cliente querer viajar new pepperton comprar café tomar pedido teléfono cliente llamar pedido lugar contratarás conductor ayudar entregar pedido domicilio colecciona pegatinas completar tarea logro jugar ganar colorida colección cliente conjunto pegatina favorito consíguelas recibirás atuendo regalar él decora tienda personaliza vestíbulo mocharia mueble decoración temático festividad año combinar estilo favorito añadir artículo combinir festividad actual cliente tener esperar tiempo pedido cafetería práctico universo papa louie realizar múltiple tarea preparar café calentar leche combinar bebida creer cannoli chefs conductor personalizado festividad desbloquear ingrediente dominar receta especial único pegatina color ganar completar tarea cliente atender pedido único pegatina desbloquear atuendo cliente ingrediente desbloquear,313
air.com.flipline.papaspancakeriatogo,Papa's Pancakeria To Go!,Estrategia,https://play.google.com/store/apps/details?id=air.com.flipline.papaspancakeriatogo&hl=es&gl=es,"-- SOBRE EL JUEGO --

Mientras buscas a tu mascota perdida, recibes una llamada de Papa Louie con buenas noticias: Tu mascota fue encontrada en la Panquequería de Papa en Maple Mountain, y como a tu mascota le encanta el restaurante, ¡Papa Louie decidió dejarte encargarte de la Panquequería mientras él no está!

Estarás ocupado haciendo varias cosas a la vez mientras tus clientes piden esponjosos panqueques, waffles dorados, tostadas francesas calientes y deliciosas bebidas en todas las estaciones del año. Vierte la masa en la plancha, añade ingredientes para mezclar y revisa constantemente para voltear las tortitas a la mitad. Llena sus platos con panqueques, jarabes y coberturas que cambian según cada festividad. Agrega una taza de café caliente o un refrescante vaso de jugo para completar el desayuno y sirve la comida a tus hambrientos clientes. Los clientes también pueden hacer pedidos por teléfono, ¡así que contrata a un conductor para que les lleve un desayuno caliente directamente a sus puertas!

 -- CARACTERÍSTICAS DEL JUEGO --

NUEVAS CARACTERÍSTICAS - ¡Todas tus funciones favoritas de otras versiones de los restaurantes de Papa's ahora están disponibles en este juego ""Para Llevar"", rediseñado y reimaginado para pantallas más pequeñas!

SABORES FESTIVOS - ¡Celebra las fiestas con nuevos sabores navideños! Con el cambio de estación en Maple Mountain, tus clientes pedirán sus panqueques, waffles y tostadas francesas con nuevos ingredientes de temporada. Desbloquearás nuevos jarabes, coberturas y bebidas para cada festividad del año, y a tus clientes les encantará probar nuevos sabores para un desayuno festivo.

SIRVE RECETAS ESPECIALES - ¡Obtén recetas especiales de tus clientes y sírvelas como el especial del día en la Pancakería! Cada especial tiene una bonificación que puedes obtener al servir un ejemplo perfecto de esa receta. ¡Domina cada especial para ganar un premio especial!

PERSONALIZA A TUS TRABAJADORES Y A TU MASCOTA - Juega como Cooper buscando a su gata perdida Cookie, o como Prudence con su adorable perro Pickle, ¡o crea tu propio personaje personalizado con tu mascota! También puedes presumir de tu espíritu navideño con una enorme variedad de atuendos y ropa para tus empleados. ¡Elige combinaciones de colores únicas para cada prenda y crea tu propio estilo con millones de combinaciones!

ENTREGA ESPECIAL: Cuando empieces a atender pedidos telefónicos, los clientes podrán llamar para pedir su desayuno y contratarás a un conductor para que te ayude a llevar y entregar los pedidos a sus casas.

COLECCIONA PEGATINAS: Completa diversas tareas y logros mientras juegas para ganar coloridas PEGATINAS para tu colección. Cada cliente tiene un conjunto de tres PEGATINAS favoritas: ¡Consíguelas y recibirás un atuendo nuevo para regalarle!

DECORA LA TIENDA: Personaliza el vestíbulo de Pancakeria con muebles y decoraciones temáticas para cada festividad del año. Combina tus estilos favoritos o añade artículos que combinen con la festividad actual para que a los clientes no les importe esperar más tiempo por su comida.

RECORTE DE CUPONES: ¿Echas de menos a tu cliente favorito? ¡Envíale un cupón con la ayuda de tu amable cartero, Vincent! A los clientes les encantan las buenas ofertas y llegarán enseguida a pedir otra comida. ¡Los cupones son geniales para completar misiones y conseguir pegatinas, y para subir de nivel estratégicamente a los clientes!

MINIJUEGOS DIARIOS: Juega a los famosos minijuegos de Foodini después de cada jornada laboral para conseguir muebles nuevos para tu vestíbulo y ropa nueva para tus empleados.

-- MÁS CARACTERÍSTICAS--

-- Una tienda de panqueques práctica en el universo de Papa Louie
-- Nuevos controles y funciones de juego diseñados para pantallas pequeñas
-- Multitarea: cocina, crea y sirve bebidas
-- ¡Chefs, conductores y mascotas personalizados! - 12 festividades distintas para desbloquear, cada una con más ingredientes
- Consigue y domina 40 recetas especiales únicas
- 90 stickers de colores para ganar al completar tareas
- 117 clientes para atender con pedidos únicos
- Usa stickers para desbloquear nuevos atuendos para tus clientes
- Más de 75 ingredientes para desbloquear

** NOTA PARA USUARIOS DE TABLETAS **

Papa's Pancakeria To Go está diseñado especialmente para pantallas pequeñas. ¡Busca Papa's Pancakeria HD para tabletas!",4.7272725,2045.0,6.0,678,juego buscar mascota perdido recibir llamada papa louie noticia mascota encontrar panquequería papa maple mountain mascota encantar restaurante papa louie decidir dejarte encargarte panquequería ocupado cosa cliente pedir esponjoso panquequ waffles dorado tostada francés caliente deliciosa bebida estación año verter masa plancha añadir ingrediente mezclar revisar voltear tortita mitad llenar plato panquequ jarabe cobertura cambiar festividad agregar taza café caliente refrescante vaso jugo completar desayuno servir comida hambriento cliente cliente pedido teléfono contratar conductor llevar desayuno caliente puerta juego características función favorito versión restaurante disponible rediseñado reimaginado pantalla pequeño sabores festivos celebrar fiesta sabor navideño cambio estación maple mountain cliente pedir panquequ waffles tostada francés ingrediente temporada desbloquearás jarabes cobertura bebida festividad año cliente encantar probar sabor desayuno festivo sirve receta especial obtén receta especial cliente sírvela especial pancakería especial bonificación obtener servir ejemplo perfecto receta dominar especial ganar premio especial personaliza presumir espíritu navideño enorme variedad atuendo ropa empleado elegir combinación color único prenda creer estilo millón combinación entrega especial empiecser atender pedido telefónico cliente llamar pedir desayuno contratarás conductor ayudar entregar pedido casa colecciona pegatinas completar tarea logro jugar ganar colorida pegatinas colección cliente conjunto pegatina favorito consíguelas recibirás atuendo regalar él decora tienda personaliza vestíbulo pancakeria mueble decoración temático festividad año combinar estilo favorito añadir artículo combinir festividad actual cliente importar esperar tiempo comida recorte cupón echas cliente favorito envíale cupón ayuda amable cartero vincent cliente encantar oferta llegar pedir comida cupón genial completar misión pegatina subir nivel cliente minijuegos diarios jugar famoso minijuego foodini jornada laboral mueble vestíbulo ropa empleado tienda panquequ práctico universo papa louie control función diseñado pantalla pequeño multitarea cocina crea servir bebida chefs conductor mascota personalizado festividad distinto desbloquear ingrediente dominar receta especial único sticker color ganar completar tarea cliente atender pedido único sticker desbloquear atuendo cliente ingrediente desbloquear nota usuarios tabletas pancakeria to go diseñado pantalla pequeño,306
air.com.flipline.papaspizzeriatogo,Papa's Pizzeria To Go!,Estrategia,https://play.google.com/store/apps/details?id=air.com.flipline.papaspizzeriatogo&hl=es&gl=es,"¡Cubre, hornea y sirve pizzas en Papa's Pizzeria To Go! Esta nueva versión del clásico simulador de restaurantes incluye una jugabilidad actualizada y controles totalmente nuevos, rediseñados para pantallas más pequeñas.

Tendrás que moverte entre cada área de la pizzería, con nuevos controles diseñados para que funcionen a la perfección. Dirígete a la Estación de Pedidos para ver a los clientes que esperan en el vestíbulo. Cambia a la Estación de Ingredientes para añadir una variedad de ingredientes a cada pizza. Muévete a la Estación de Horneado para cocinar las pizzas en el horno hasta que estén en su punto justo. Salta a la Estación de Corte para cortar la pizza en porciones perfectas. Cada estación es una experiencia práctica, donde tendrás que arrastrar, deslizar y tocar para avanzar en el proceso de creación de pizzas.

Mantén a tus clientes contentos para ganar más puntos y subir de nivel. A medida que subas de nivel, desbloquearás nuevos ingredientes en la tienda y nuevos clientes empezarán a visitar la pizzería. Una pizza bien hecha también te da propinas, que puedes gastar en mejoras y decoraciones para el vestíbulo.

** NUEVO EN PAPA'S PIZZERIA TO GO **

Papa's Pizzeria To Go ha sido rediseñado y reinventado para pantallas más pequeñas, ¡así que tus dedos no te molestarán en la acción!

CONTROLA CON LOS PULGARES: Cambiarás de estación usando los botones en las esquinas de la pantalla, ideales para tus pulgares. También puedes usar los botones en las esquinas superiores para cambiar rápidamente de ticket de pedido y verlos todos con zoom para facilitar su lectura.

ESTACIÓN DE INGREDIENTES: Hemos rediseñado completamente la estación de ingredientes para pantallas más pequeñas. Puedes desplazarte por las bandejas de ingredientes con el pulgar, lo que nos permite tener muchos más ingredientes que en el juego original. Toca una bandeja para seleccionar ese ingrediente y luego toca varias veces la pizza para añadir ingredientes directamente. No necesitas arrastrar ingredientes individuales sobre la pizza, ¡así que puedes agregarlos más rápido que nunca! Un rápido toque sobre la pizza la enviará a la Estación de Horneado.

ESTACIÓN DE HORNEADO: ¡El horno de carbón de Papa Louie se ha mejorado! Puedes comprar nuevas Alarmas de Horno en la Tienda para controlar las pizzas en el horno. Simplemente arrastra una alarma sobre uno de los temporizadores del horno y escucharás una alerta cuando la pizza esté en su punto. ¡Compra nuevos Potenciadores de Horno para cocinar tus pizzas aún más rápido!

ESTACIÓN DE CORTE: Cuando llegue el momento de cortar pizzas, simplemente toca y arrastra una línea a lo largo de la pizza para decidir dónde cortar. Si quieres aún más control para afinar tus porciones, ¡también puedes cortar con la función multitáctil! Usa dos dedos o pulgares para mover cada extremo de la línea al mismo tiempo y suéltalos para cortar la pizza. Si tienes problemas para cortar pizzas en el ángulo correcto, compra diversas Guías de Corte en la Tienda para cortar la porción perfecta.

 NUEVOS INGREDIENTES: Hemos añadido un montón de ingredientes nuevos que no se encuentran en la Pizzería Papa's original. ¡A medida que juegas, desbloquearás 26 ingredientes únicos para servir a tus clientes!

PERSONALIZA TU VESTÍBULO: Puedes gastar tus propinas ganadas con esfuerzo en la Tienda, donde encontrarás una variedad de pósteres, mesas, decoraciones y estilos de papel tapiz para tu vestíbulo. Usa la nueva herramienta del Vestíbulo para añadir artículos a tu restaurante y moverlos y organizarlos como quieras. Elige entre más de 140 artículos de personalización, y cada artículo que añadas al vestíbulo mejorará tu puntuación de espera para tus clientes.

CARACTERÍSTICAS ACTUALIZADAS: Atiende a los clientes más exigentes al final del día, gana dinero mientras juegas e intenta complacer al crítico gastronómico más exigente para ganar un Listón Azul.

 **CARACTERÍSTICAS DEL JUEGO**

- Una pizzería práctica en el universo de Papa Louie
- Nuevos controles y jugabilidad diseñados para pantallas pequeñas
- Multitarea: prepara ingredientes, hornea y corta
- Compra mejoras, muebles y pósteres con tus consejos del juego
- Nuevo editor de vestíbulo para personalizar y decorar tu pizzería
- 90 clientes para desbloquear con pedidos únicos
- Cierres desafiantes y crítico gastronómico
- 75 logros del juego para conseguir",4.375,7760.0,19.0,698,cubre hornea servir pizza pizzeria to go versión clásico simulador restaurante incluir jugabilidad actualizado control rediseñado pantalla pequeño tendrás mover tú área pizzería control diseñado funcionar perfección dirígete estación pedidos cliente esperar vestíbulo cambiar estación ingredientes añadir variedad ingrediente pizza muévete estación horneado cocinar pizza horno punto justo salta estación corte cortar pizza porción perfecto estación experiencia práctico tendrar arrastrar deslizar tocar avanzar proceso creación pizza mantén cliente contento ganar punto subir nivel medida subas nivel desbloquearás ingrediente tienda cliente empezar visitar pizzería pizza hecho propina gastar mejora decoración vestíbulo pizzeria to go pizzeria to go rediseñar reinventado pantalla pequeño dedo molestar acción controla pulgares cambiarás estación usar botón esquina pantalla ideal pulgar botón esquina superior cambiar ticket pedido ver él zoom facilitar lectura estación ingrediente rediseñar estación ingrediente pantalla pequeño desplazar tú bandeja ingrediente pulgar permitir ingrediente original tocar bandeja seleccionar ingrediente tocar pizza añadir ingrediente necesitar arrastrar ingrediente individual pizza agregar él rápido rápido toque pizza enviar estación horneado estación horneado horno carbón papa louie mejorar comprar alarma horno tienda controlar pizza horno arrastrar alarma temporizador horno escucharás alerta pizza punto compra potenciadores horno cocinar pizza rápido estación corte llegar momento cortar pizza tocar arrastrar línea pizza decidir cortar querer control afinar porción cortar función multitáctil dedo pulgar mover extremo línea tiempo suelta él cortar pizza tener problema cortar pizza ángulo correcto comprar guías corte tienda cortar porción perfecto ingredient añadir montón ingrediente encontrar pizzería original medida jugar desbloquearás ingrediente único servir cliente personaliza vestíbulo gastar propina ganado esfuerzo tienda encontrarás variedad póster mesa decoración estilo papel tapiz vestíbulo herramienta vestíbulo añadir artículo restaurante mover él organizar él querer elegir artículo personalización artículo añada vestíbulo mejorar puntuación espera cliente característica actualizadas atender cliente exigente ganar dinero jugar intentar complacer crítico gastronómico exigente ganar listón azul características juego pizzería práctico universo papa louie control jugabilidad diseñado pantalla pequeño multitarea preparar ingrediente hornea corta comprar mejora mueble póster consejo editor vestíbulo personalizar decorar pizzería cliente desbloquear pedido único cierre desafiant crítico gastronómico logro,333
air.com.flipline.papassushiriatogo,Papa's Sushiria To Go!,Estrategia,https://play.google.com/store/apps/details?id=air.com.flipline.papassushiriatogo&hl=es&gl=es,"¡Corta y sirve delicioso sushi en Papa's Sushiria To Go!

-- SOBRE EL JUEGO --

Tu visita al nuevo restaurante de Papa Louie se complica cuando rompes la estatua del gato de la suerte que está afuera. ¿Será esto la causa del decepcionante día de apertura del restaurante? Cuando Papa Louie se embarca en una misión para encontrar una nueva estatua, te quedas a cargo de Papa's Sushiria, ¡donde deberás dominar el arte de preparar sushi!

Deberás cocinar, sazonar y extender el arroz sobre papel nori y papel de soja usando la olla todo en uno ""Sushi Square"". Agrega rellenos al sushi y enróllalo antes de colocar los ingredientes y rociar las salsas por encima. Corta el sushi en bocados y prepara un delicioso té de burbujas para acompañar el pedido antes de servirlo a tus hambrientos clientes. Sakura Bay celebra diferentes festividades a lo largo del año, y desbloquearás nuevos ingredientes de temporada a medida que preparas sushi y tés festivos.

 -- CARACTERÍSTICAS DEL JUEGO --

NUEVAS CARACTERÍSTICAS - ¡Todas tus características favoritas de otras versiones de los restaurantes de Papa's ahora están disponibles en este juego ""Para Llevar"", rediseñado y reimaginado para pantallas más pequeñas!

SABORES FESTIVOS - ¡Celebra las fiestas en Sakura Bay con deliciosos sabores navideños! Tus clientes pedirán sushi delicioso elaborado con ingredientes de temporada. Desbloquearás nuevos rellenos, papel de soya, salsas, coberturas y sabores de té para cada festividad del año, y a tus clientes les encantará probar estos sabores festivos en sus rollos de sushi.

SIRVE RECETAS ESPECIALES - ¡Obtén recetas especiales de tus clientes y sírvelas como el especial del día en la Sushiria! Cada especial tiene una bonificación que puedes obtener al servir un ejemplo perfecto de esa receta. ¡Domina cada especial para ganar un premio especial!

PERSONALIZA A TUS TRABAJADORES - ¡Juega como Matt o Clover, o crea tu propio personaje personalizado para trabajar en el restaurante de sushi! También puedes mostrar tu espíritu navideño con una gran variedad de atuendos y ropa para tus trabajadores. Elige combinaciones de colores únicas para cada prenda y crea tu propio estilo con millones de combinaciones.

ENTREGA ESPECIAL: Algunos clientes no quieren viajar hasta Sakura Bay para conseguir sushi fresco. Cuando empieces a recibir pedidos por teléfono, podrán llamar para hacer su pedido y contratarás a un conductor para que les lleve y entregue los pedidos a domicilio.

COLECCIONA PEGATINAS: Completa diversas tareas y logros mientras juegas para ganar PEGATINAS coloridas para tu colección. Cada cliente tiene un conjunto de tres PEGATINAS favoritas: ¡Consíguelas y recibirás un atuendo nuevo para regalarle!

DECORA LA TIENDA: Personaliza el vestíbulo de Sushiria con muebles y decoraciones temáticas para cada festividad del año. Combina tus estilos favoritos o añade artículos que combinen con la festividad actual para que a los clientes no les importe esperar más tiempo por su comida.

RECORTE DE CUPONES: ¿Echas de menos a tu cliente favorito? ¡Envíale un cupón con la ayuda de tu amable cartero, Vincent! A los clientes les encantan las buenas ofertas y llegarán enseguida para pedir otra comida. ¡Los cupones son geniales para completar misiones y conseguir pegatinas, y para subir de nivel estratégicamente a los clientes!

MINIJUEGOS DIARIOS: Juega a los famosos minijuegos de Foodini después de cada jornada laboral para conseguir muebles nuevos para tu vestíbulo y ropa nueva para tus empleados.

-- MÁS CARACTERÍSTICAS--

- Una tienda de sushi práctica en el universo de Papa Louie
- Nuevos controles y funciones de juego diseñados para pantallas táctiles
- Multitarea: cocina arroz, prepara y corta sushi, y prepara té de burbujas
- Chefs y conductores personalizados
- 12 festividades diferentes para desbloquear, cada una con más ingredientes
- Consigue y domina 40 recetas especiales únicas
- 90 pegatinas de colores para ganar al completar tareas
- 128 clientes para atender con pedidos únicos
- Usa pegatinas para desbloquear nuevos atuendos para tus clientes
- 146 ingredientes para desbloquear",4.923077,2113.0,4.0,651,corta servir delicioso sushi sushiria to go juego visita restaurante papa louie complicar rompser estatua gato suerte causa decepcionante apertura restaurante papa louie embarcir misión encontrar estatua quedar cargo sushiria dominar arte preparar sushi cocinar sazonar extender arroz papel nori papel soja usar olla sushi square agregar relleno sushi enróllalo colocar ingrediente rociar salsa corta sushi bocado preparar delicioso té burbuja acompañar pedido servir él hambriento cliente sakura bay celebrar festividad año desbloquearás ingrediente temporada medida preparar sushi tés festivo juego características característica favorito versión restaurante disponible rediseñado reimaginado pantalla pequeño sabores festivos celebrar fiesta sakura bay delicioso sabor navideño cliente pedir sushi delicioso elaborado ingrediente temporada desbloquearás relleno papel soya salsa cobertura sabor té festividad año cliente encantar probar sabor festivo rollo sushi sirve receta especial obtén receta especial cliente sírvela especial sushiria especial bonificación obtener servir ejemplo perfecto receta dominar especial ganar premio especial personaliza trabajadores jugar matt clover crea personaje personalizado trabajar restaurante sushi mostrar espíritu navideño variedad atuendo ropa trabajador elegir combinación color único prenda creer estilo millón combinación entrega especial cliente querer viajar sakura bay sushi fresco recibir pedido teléfono llamar pedido contratarás conductor llevar entregue pedido domicilio colecciona pegatinas completar tarea logro jugar ganar colorida colección cliente conjunto pegatina favorito consíguelas recibirás atuendo regalar él decora tienda personaliza vestíbulo sushiria mueble decoración temático festividad año combinar estilo favorito añadir artículo combinir festividad actual cliente importar esperar tiempo comida recorte cupón echas cliente favorito envíale cupón ayuda amable cartero vincent cliente encantar oferta llegar pedir comida cupón genial completar misión pegatina subir nivel cliente minijuegos diarios jugar famoso minijuego foodini jornada laboral mueble vestíbulo ropa empleado tienda sushi práctico universo papa louie control función diseñado pantalla táctil multitarea cocina arroz preparar corto sushi preparar té burbuja chefs conductor personalizado festividad desbloquear ingrediente dominar receta especial único pegatina color ganar completar tarea cliente atender pedido único pegatina desbloquear atuendo cliente ingrediente desbloquear,316
air.com.flipline.papaswingeriatogo,Papa's Wingeria To Go!,Estrategia,https://play.google.com/store/apps/details?id=air.com.flipline.papaswingeriatogo&hl=es&gl=es,"¡Fríe y cocina un montón de alitas y demás en Papa's Wingeria To Go!

-- SOBRE EL JUEGO --

¡Es tu día de suerte! Tras ganar un viaje a la deslumbrante y glamurosa Starlight City, participa en el juego Mega Prize y gana el premio gordo: ¡Una nueva carrera en Papa's Wingeria!

Tendrás que manejar las freidoras y cocinar alitas de pollo en una variedad de deliciosas salsas. El restaurante es conocido por sus famosas alitas, pero también añadirás otras carnes al menú, además de una amplia variedad de deliciosas salsas y un montón de guarniciones y aderezos. Starlight City celebra diferentes festividades durante todo el año, así que prepárate para desbloquear nuevas salsas, guarniciones y aderezos festivos mientras juegas durante las fiestas.

Tus clientes esperan una presentación impecable, así que prepara las frituras con guarniciones y aderezos de forma que sean agradables a la vista... ¡y a sus estómagos! Vuelve la mecánica de juego de la serie, pero esta vez tendrás que centrarte especialmente en la presentación y en cómo colocar el plato con toda la comida. ¡Aprende diferentes patrones para colocar la comida y conseguir las mejores puntuaciones de tus clientes, además de grandes propinas para gastar en la Tienda!

-- CARACTERÍSTICAS DEL JUEGO --

NUEVAS CARACTERÍSTICAS - ¡Todas tus características favoritas de otras versiones de los restaurantes de Papa's ahora están disponibles en este juego ""Para Llevar"", rediseñado y reinventado para pantallas más pequeñas!

SABORES FESTIVOS - ¡Celebra las fiestas en Starlight City con nuevos sabores navideños! Tus clientes pedirán bandejas de alitas y otros productos con nuevos ingredientes de temporada. Desbloquearás nuevas salsas, guarniciones y aderezos para cada festividad del año, y a tus clientes les encantará probar nuevos y deliciosos sabores.

SIRVE RECETAS ESPECIALES - ¡Obtén recetas especiales de tus clientes y sírvelas como el Especial del Día en la Wingeria! Cada especial tiene una bonificación que puedes obtener al servir un ejemplo perfecto de esa receta. ¡Domina cada especial para ganar un premio especial!

PERSONALIZA A TUS TRABAJADORES: ¡Juega como Chuck o Mandi, o crea tu propio personaje para trabajar en Wingeria! También puedes mostrar tu espíritu navideño con una gran variedad de atuendos y ropa para tus trabajadores. ¡Elige combinaciones de colores únicas para cada prenda y crea tu propio estilo con millones de combinaciones!

ENTREGA ESPECIAL: Cuando empieces a atender pedidos telefónicos, los clientes podrán llamar para hacer su pedido de alitas y contratarás a un conductor para que les ayude a llevar y entregar los pedidos a domicilio.

COLECCIONA PEGATINAS: Completa diversas tareas y logros mientras juegas para ganar coloridas pegatinas para tu colección. Cada cliente tiene un conjunto de tres pegatinas favoritas: ¡Consíguelas y recibirás un atuendo nuevo para regalarle!

DECORA LA TIENDA: ¡Personaliza el vestíbulo de Wingeria con muebles y decoraciones temáticas para cada festividad del año! Combina tus estilos favoritos o añade artículos que combinen con la festividad actual para que a los clientes no les importe esperar más por su comida.

 RECORTAR CUPONES - ¿Echas de menos a tu cliente favorito? ¡Envíale un cupón con la ayuda de tu amable cartero, Vincent! A los clientes les encantan las buenas ofertas y llegarán enseguida para pedir otra comida. ¡Los cupones son geniales para completar misiones con pegatinas y para subir de nivel estratégicamente a los clientes!

MINIJUEGOS DIARIOS - Juega a los famosos minijuegos de Foodini después de cada jornada laboral para conseguir muebles nuevos para tu vestíbulo y ropa nueva para tus empleados.

 -- MÁS CARACTERÍSTICAS --

Restaurante de alitas práctico en el universo de Papa Louie
Nuevos controles y funciones de juego diseñados para pantallas pequeñas
Multitarea: freír, preparar salsas y construir
Chefs y conductores personalizados
12 festividades diferentes para desbloquear, cada una con más ingredientes
Consigue y domina 40 recetas especiales únicas
90 pegatinas de colores para ganar al completar tareas
119 clientes para atender con pedidos únicos
Usa pegatinas para desbloquear nuevos atuendos para tus clientes
95 ingredientes para desbloquear

** NOTA PARA USUARIOS DE TABLETAS **

Papa's Wingeria To Go está diseñado especialmente para pantallas pequeñas. ¡Busca Papa's Wingeria HD para tabletas!",4.9411764,1468.0,6.0,679,fríe cocina montón alita wingeria to go juego suerte ganar viaje deslumbrante glamurós starlight city participar mega prize ganar premio gordo carrera wingeria tendrar manejar freidora cocinar alita pollo variedad deliciosa salsa restaurante conocer famoso alita añadirás carne menú amplio variedad deliciosa salsa montón guarnición aderezo starlight city celebrar festividad año prepáratir desbloquear salsa guarnición aderezo festivo jugar fiesta cliente esperar presentación impecable preparar fritura guarnición aderezo forma agradable vista estómago volver mecánica serie tendrar centrartar presentación colocar plato comida aprender patrón colocar comida mejor puntuación cliente propina gastar tienda juego características característica favorito versión restaurante disponible rediseñado reinventado pantalla pequeño sabores festivos celebrar fiesta starlight city sabor navideño cliente pedir bandeja alita producto ingrediente temporada salsa guarnición aderezo festividad año cliente encantar probar delicioso sabor sirve receta especial obtén receta especial cliente sírvela especial wingeria especial bonificación obtener servir ejemplo perfecto receta dominar especial ganar premio especial personaliza trabajadores jugar chuck mandi crea personaje trabajar wingeria mostrar espíritu navideño variedad atuendo ropa trabajador elegir combinación color único prenda creer estilo millón combinación entrega especial empiecser atender pedido telefónico cliente llamar pedido alita contratarás conductor ayudar entregar pedido domicilio colecciona pegatinas completar tarea logro jugar ganar colorida pegatina colección cliente conjunto pegatina favorito consíguelas recibirás atuendo regalar él decora tienda personaliza vestíbulo wingeria mueble decoración temático festividad año combinar estilo favorito añadir artículo combinir festividad actual cliente importar esperar comida recortar cupón echas cliente favorito envíale cupón ayuda amable cartero vincent cliente encantar oferta llegar pedir comida cupón genial completar misión pegatina subir nivel cliente minijuegos diarios jugar famoso minijuego foodini jornada laboral mueble vestíbulo ropa empleado características restaurante alita práctico universo papa louie control función diseñado pantalla pequeño multitarea freír preparar salsa construir chefs conductor personalizado festividad desbloquear ingrediente dominar receta especial único pegatina color ganar completar tarea cliente atender pedido único pegatina desbloquear atuendo cliente ingrediente desbloquear nota usuarios tabletas wingeria to go diseñado pantalla pequeño,318
air.com.goodgamestudios.empirefourkingdoms,Empire: Four Kingdoms,Estrategia,https://play.google.com/store/apps/details?id=air.com.goodgamestudios.empirefourkingdoms&hl=es&gl=es,"¡Forja un poderoso imperio y lucha en batallas épicas contra millones de jugadores!
Como Lord y monarca, deberás construir una fortaleza poderosa y controlar el destino de tu reino en este galardonado juego medieval de estrategia MMO (multijugador masivo en línea).

¡Sírvete de tu estrategia para vencer a los enemigos!
Desbloquea a poderosos generales y usas sus aptitudes en tu beneficio. El tamaño del ejército no es lo es todo; a veces es más importante planificar bien cada movimiento de la forma más astuta. Cada general tiene talentos especiales que te darán ventaja y te permitirán derrotar a tus rivales, aunque solo cuando los uses bien. Planifica bien tu estrategia y descubre si puedes vencer a tus enemigos con astucia.

Conquista nuevas tierras en cuatro reinos emocionantes
Reúne a un ejército de valientes caballeros, equipa a tus despiadadas tropas con armas letales, mejora su calidad y envíalas a la batalla para que luchen bajo tu estandarte. Como es evidente, un gran imperio también necesita una férrea defensa, así que elige la estrategia adecuada para que el ejército enemigo huya despavorido.

Honor, gloria y riquezas
Gana recompensas obteniendo honor y gloria en combate, y gestiona el reino con inteligencia para acumular riquezas. Construye tu fortaleza desde los mismísimos cimientos y conviértela en la más poderosa de todo el territorio. Produce recursos y comercia con otros jugadores para expandir tu imperio a varios reinos. Cuantas más tierras, más súbditos ¡y más oro para ti!

Forja poderosas alianzas diplomáticas
Une fuerzas con tus amigos y otros Lords contra los enemigos y conquistad nuevas tierras juntos. Apoyaos los unos a los otros enviándoos recursos o tropas y echaos una mano para reconstruir el castillo tras un ataque. ¡Juntos podemos resistir!

Este MMO de estrategia medieval realista te transportará a una época en la que el poder lo era todo y solo los más fuertes sobrevivían. ¡Demuestra tu valía y conviértete en el Lord más poderoso y honorable de todo el territorio!

* Crea una civilización y conviértete en monarca en este juego de estrategia medieval.
* Lucha guerras épicas contra incontables jugadores en un mapa del mundo interactivo.
* Construye un castillo majestuoso capaz de resistir hasta a los rivales más fuertes.
* Forma un ejército de caballeros, arqueros, espadachines y más unidades.
* Forja una alianza imbatible con tus amigos y otros jugadores poderosos.
* Produce recursos y comercia con ellos para construir más de 60 edificios diferentes.
* Explora Empire: Four Kingdoms ¡y conviértete en toda una leyenda heroica!
* Actualizaciones con contenido y desafíos nuevos regulares.

Facebook: https://www.facebook.com/EmpireFourKingdoms
Política de privacidad, condiciones de uso y aviso legal: https://www.goodgamestudios.com/terms_es/
* Esta aplicación es completamente gratuita, aunque se necesita conexión a Internet para jugar y ofrece compras integradas opcionales.",3.933472,1300825.0,11085.0,456,forja poderoso imperio lucha batalla épica millón jugador lord monarca construir fortaleza poderoso controlar destino reino galardonado medieval estrategia mmo multijugador masivo línea sírvete estrategia vencer enemigo desbloquea poderoso general aptitud beneficio tamaño ejército importante planificar movimiento forma astuta general talento especial dar ventaja permitir derrotar rival uses planifica estrategia descubrir vencer enemigo astucia conquista tierra reino emocionante reúnir ejército valiente caballero equipa despiadado tropa arma letal mejorar calidad envia él batalla luchar estandarte evidente imperio necesitar férreo defensa elegir estrategia adecuado ejército enemigo huya despavorido honor gloria riqueza ganar recompensa obtener honor gloria combate gestionar reino inteligencia acumular riqueza construir fortaleza mismísimo cimiento conviértelar poderoso territorio producir recurso comerciar jugador expandir imperio reino tierra súbdito oro forja poderoso alianza diplomático une fuerza amigo lords enemigo conquistad tierra junto apoyao enviándoos recurso tropa echao mano reconstruir castillo ataque juntos resistir mmo estrategia medieval realista transportar época fuerte sobrevivir demostrar valía conviértetir lord poderoso honorable territorio creer civilización conviértetir monarca estrategia medieval lucha guerra épica incontabl jugador mapa mundo interactivo construir castillo majestuoso capaz resistir rival fuerte formar ejército caballero arquero espadachín unidad forja alianza imbatible amigo jugador poderoso producir recurso comerciar construir edificio explora empire four kingdoms conviértetir leyenda heroico actualizaciones contenido desafío regular facebook política privacidad condición aviso legal aplicación gratuito necesitar conexión internet ofrecer compra integrado opcional,219
air.com.hypah.io.slither,slither.io,Acción,https://play.google.com/store/apps/details?id=air.com.hypah.io.slither&hl=es&gl=es,"¡Juega contra otros jugadores en línea! ¿Podrás convertirte en el slither más largo?

Si tu cabeza toca a otro jugador, explotarás y se acabó la partida. Pero si otros chocan contigo, ¡ellos explotarán y podrás comerte sus restos!

En slither.io, tienes la oportunidad de ganar incluso siendo pequeño. Puedes esquivar a un jugador mucho más grande para derrotarlo, ¡sin importar lo grande que seas!

¡Descárgalo ahora y empieza a deslizarte! ¡Mucha suerte!",3.9783726,6571252.0,36798.0,72,jugar jugador línea convertirtar slither cabeza tocar acabar partida chocar explotar comerte resto tener oportunidad ganar pequeño esquivar derrotar él importar ser descárgalo empezar deslizarte suerte,26
air.com.littlebigsnake.littlebigsnake,Little Big Snake .io game,Casuales,https://play.google.com/store/apps/details?id=air.com.littlebigsnake.littlebigsnake&hl=es&gl=es,"Little Big Snake .io es un juego casual. ¡Este juego te permite conquistar el mundo de las serpientes! Haz crecer tu gusano para dominar a la competencia.
El juego Little Big Snake evoluciona la fórmula clásica de juegos de serpientes con mejoras permanentes y un rico sistema de progresión. Come. Crece. Conquista. Caza a tus rivales. Enfréntate a los mejores y asciende a la cima en este juego de estrategia.

Haz Crecer Tu Serpiente 
Comienza pequeño y crece devorando néctar, insectos, oponentes caídos y deliciosos bocaditos. Cuanto más comas, más grande y fuerte te vuelves. En este campo de batalla dinámico y en tiempo real, atrapa otras serpientes y supera a los rivales. Participa en batallas intensas y cacerías estratégicas. La dinámica de los gusanos en cada zona agrega desafíos adicionales, haciendo que cada movimiento sea crucial en los enfrentamientos de serpiente vs gusano, como en juegos como wormate, worms o slither.

Evoluciona y Progride 
Sube de nivel tu serpiente: desbloquea mejoras que aumentan la recuperación de energía, la velocidad de crecimiento y la eficiencia del néctar. A medida que avanzas por las zonas, te vuelves más fuerte, convirtiéndote en un formidable rival gusano en las batallas de serpientes. Ataca a los rivales con nuevas habilidades y supéralos en la batalla por la supremacía.

Reencarnación y Sigue Jugando 
La muerte no significa el final del juego. Cuando eres derrotado, regresas como un Juja bug — una criatura voladora con un movimiento único. Ayuda a tus compañeros, explora la worm zone y sigue contribuyendo al éxito de tu equipo. Esta mecánica única hace que la experiencia sea aún más envolvente.

Juega Solo o con Amigos 
Juega solo o con amigos. Coordina ataques, comparte espacio en el campo de batalla y domina la worm zone juntos. Disfruta de la emoción de batallar en diferentes zonas de serpientes y gusanos donde la estrategia y habilidad son clave.

Completa Misiones y Gana Recompensas 
Las misiones diarias y logros desbloqueables mantienen el juego fresco. Completa objetivos para ganar oro, abrir cofres del tesoro y acceder a contenido exclusivo.

Colecciona y Mejora Mascotas 
Desbloquea compañeros voladores que siguen a tu serpiente en la batalla. Las mascotas ofrecen beneficios únicos en las worm zones y se hacen más fuertes a medida que progresas, ayudándote en tus ataques y cacerías.

Personaliza Tu Estilo 
Elige skins, estelas y accesorios para hacer que tu serpiente destaque en la worm zone. Tu estilo es tu identidad. Mezcla y combina mientras navegas por las zonas y te preparas para enfrentamientos épicos.

Sube al Ranking Global 
Cada partida es una oportunidad para demostrar tu habilidad. Sigue tu progreso, compara estadísticas y asciende en el ranking global. Ya sea en la snake zone o batallando en la worm zone, siempre hay un nuevo desafío por conquistar. ¡Ataca y derrota a otros jugadores para escalar posiciones!

Domina las Dinámicas 
Emocionantes de Serpiente vs Gusano Domina las batallas de serpiente vs gusano en los encuentros de la worm zone. Deslízate por el terreno y supera a tus oponentes con estrategias inteligentes.

Desbloquea Niveles y Artículos Ocultos 
Colecciona llaves, artefactos y artículos especiales para desbloquear niveles secretos, misiones y mejoras. Estos te darán ventaja para dominar las zonas de serpientes y gusanos.

Conquista el Reino de las Serpientes Venenosas 
Enfréntate a serpientes venenosas en batallas de alto riesgo, usando habilidades mejoradas para derrotar a los rivales en las worm zones. Vence a enemigos peligrosos, ataca con precisión y reclama tu lugar como la serpiente más grande y temida.

¿Listo para unirte a la aventura de las serpientes definitiva? Little Big Snake es un juego muy adictivo. Evoluciona más allá de tus rivales. Caza, enfrenta y domina la arena. Conquista cada zona y domina las dinámicas de los gusanos y las serpientes.",4.423077,301065.0,390.0,624,little big snake casual permitir conquistar mundo serpiente haz crecer gusano dominar competencia little big snake evolucionar fórmula clásico juegos serpiente mejora permanente rico sistema progresión come conquista enfréntatir mejor ascender cima estrategia haz crecer serpiente comenzar pequeño crecer devorar néctar insecto oponente caído delicioso bocadito comas fuerte volver campo batalla dinámico tiempo real atrapa serpiente superar rival participar batalla intenso cacería estratégico dinámica gusano zona agregar desafío adicional movimiento crucial enfrentamiento serpiente vs gusano juego wormate worms slither evolucionar progride sube nivel serpiente desbloqueir mejora aumentar recuperación energía velocidad crecimiento eficiencia néctar medida avanzar zona volver fuerte convirtiéndote formidable rival gusano batalla serpiente atacar rival habilidad supera él batalla supremacía reencarnación jugando muerte significar derrotado regresar juja bug criatura voladoro movimiento único ayuda compañero explorar worm zone contribuir éxito equipo mecánica único experiencia envolvente jugar amigos jugar amigo coordina ataque compartir espacio campo batalla dominar worm zone junto disfrutar emoción batallar zona serpiente gusano estrategia habilidad clave completa misiones ganar recompensas misión diario logro desbloqueabl mantener fresco completar objetivo ganar oro abrir cofr tesoro acceder contenido exclusivo colecciona mejora mascotas desbloquea compañero volador seguir serpiente batalla mascota ofrecer beneficio único worm zón fuerte medida progresa ayudándotir ataque cacería personaliza estilo elegir skins estela accesorio serpiente destaque worm zone estilo identidad mezcla combinar navegas  zona preparar enfrentamiento épico subir ranking global partida oportunidad demostrar habilidad progreso comparar estadística ascender ranking global snake zone batallar worm zone desafío conquistar atacar derrota jugador escalar posición dominar dinámicas emocionantes serpiente vs gusano domina batalla serpiente vs gusano encuentro worm zone deslizar tú terreno superar oponente estrategia inteligente desbloquea niveles artículos ocultos colecciona llave artefacto artículo especial desbloquear nivel secreto misión mejora dar ventaja dominar zona serpiente gusano conquista reino serpientes venenosas enfréntatir serpiente venenosa batalla alto riesgo usar habilidad mejorada derrotar rival worm zón vence enemigo peligroso atacar precisión reclamar lugar serpiente temido listo unirte aventura serpiente definitivo little big snake adictivo evolucionar rival caza enfrentar dominar arena conquista zona dominar dinámica gusano serpiente,331
air.com.noxgames.PuppetSoccer2014,Fútbol de títeres - Fútbol,Deportes,https://play.google.com/store/apps/details?id=air.com.noxgames.PuppetSoccer2014&hl=es&gl=es,"¡Aplasta el fútbol y marca goles en este adictivo juegos de futbol de títeres de bolsillo! Elige tu equipo favorito del gran equipo de la copa mundial y juega como un famoso futbolista. ¡Juega tácticamente ofensiva y defensiva a medida que asciendes en la Copa del Mundo 2019!
 
¡Con más de 32 países y más de 90 jugadores individuales, este juego de fútbol de la copa del mundo desafiará al mejor gerente principal! ¿Tienes lo que se necesita?

Características del Pocket Puppet Soccer:
⚽ 32 países
⚽ 90+ jugadores estrella de marionetas de dibujos animados
⚽ 10 juegos de bonificación especial: goma de mascar, hielo, limo de calcetín, yeso, súper / mini potencia y salto de primavera
⚽ Actualizaciones: kick, jump, speed.
⚽ Multip Multijugador de pantalla dividida para dos jugadores en un solo dispositivo móvil
⚽ Logros, puntuación más alta, gran jefe gerente
⚽ Copa del mundo de marionetas 2014 de noxgames en Brasil
⚽ La mejor física para balones y goles locos.

Elige tu gran equipo de cabeza y marca muchos goles. Puedes destruir a tus enemigos con patadas en el modo de un solo jugador o en el modo de 2 jugadores; juega con el juego divertido de un amigo. Practica patadas en perfecta simulación física y meta. Puedes saltar, pasar o foul. Comience olas mexicanas y vea a su jugador en la parte superior de las listas.

El juego es absolutamente personalizable: 4 opciones de control diferentes para garantizar que la experiencia del usuario sea la mejor. ¿Quién estará en tu equipo de fútbol? Es solo tu elección. Estadísticas altas significa nueva arena y nuevos jugadores.

Prueba la estrategia de defensa o el juego ofensivo o incluso el ala ancha y todo al mismo tiempo. En el tiempo extra, las puertas aumentarán su tamaño para acelerar el partido. Por lo tanto, cree un equipo de títeres de bolsillo y disfrute del juego con bonos especiales: use hielo, goma de mascar o limo de calcetín para hacerlos más difíciles de jugar.

Visita nuestro sitio web NOXGAMES o Facebook para obtener más información sobre el juego Pocket Puppet Soccer.

Creado por NOXGAMES 2014 - 2025",3.8161435,468846.0,2087.0,357,aplasta fútbol marcar gol adictivo juegos futbol títere bolsillo elegir equipo favorito equipo copa mundial jugar famoso futbolista jugar ofensiva defensivo medida asciendes copa mundo país jugador individual fútbol copa mundo desafiar gerente principal tener necesitar características pocket puppet soccer país jugador estrella marioneta dibujo animado juego bonificación especial goma mascar hielo limo calcetín yeso súper mini potencia salto primavera actualización kick jump speed multip multijugador pantalla dividido jugador dispositivo móvil logros puntuación alto jefe gerente copa mundo marioneta noxgam brasil físico balón gol loco elegir equipo cabeza marcar gol destruir enemigo patada jugador jugar divertido amigo practicar patada perfecto simulación físico meta comience ola mexicano vea superior lista personalizable opción control garantizar experiencia usuario equipo fútbol elección estadísticas alto significar arena jugador probar estrategia defensa ofensivo ala ancho tiempo tiempo extra puerta aumentar tamaño acelerar partido creer equipo títere bolsillo disfrute bono especial usar hielo goma mascar limo calcetín hacer él difícil visita sitio web noxgames facebook obtener información pocket puppet soccer creado noxgames,165
air.com.pixelfederation.diggy,Diggy's Adventure: Puzles,Aventura,https://play.google.com/store/apps/details?id=air.com.pixelfederation.diggy&hl=es&gl=es,"¡Únete al viaje de Diggy, el profesor, Linda y Rusty! Explora un mundo lleno de minas, aprende sobre una antigua civilización y resuelve rompecabezas increíbles. Escapa de laberintos y descubre grandes misterios de la historia en el juego online Diggy's Adventure.

Ningún secreto puede permanecer oculto en este laberinto 2D. Encuentra tu camino en este laberinto sin explorar mientras conoces nuevos personajes de esta historia o incluso una antigua civilización. ¿Podrás escapar de este laberinto de minas?

¿Te gustan los juegos cognitivos que te llevan al límite? Busca el tesoro escondido rodeado de minas y pon a prueba tu inteligencia. Otros juegos mentales son simples pasatiempos, mientras que con este podrás explorar un laberinto oculto, lleno de misterios, hasta que encuentres el camino correcto. Un auténtico minero no olvida que debe buscar oro, así que quita esas rocas y explora las estancias mientras disfrutas de la experiencia.

Caracteristicas de Diggy's Adventure:
▶ ¿Te gustan los rompecabezas? Hay más de 1000 enigmas para resolver de diferentes civilizaciones.
▶ Más de 500 laberintos de los que escapar, con diferentes niveles de dificultad. ¡No te quedes atrapado en una profunda mazmorra!
▶ Más de 500 divertidos personajes con los que interactuar. ¡Pulsa tu avatar de minero y comprueba el botín!
▶ 4 lugares mitológicos con muchos tesoros olvidados. ¡Ábrete paso por el laberinto de minas!
▶ ¿Te has atascado con un rompecabezas? Nuestro equipo de atención al cliente online te responde en 24 horas.
▶ Nuevo contenido gratuito cada semana, como, por ejemplo, un rompecabezas o un templo. ¡No olvides consultar las actualizaciones de este juego de laberintos!
▶ Cava y busca tesoros ocultos, cumple misiones y resuelve enigmas.
▶ Ponte en la piel de un auténtico arqueólogo y descubre secretos de épocas pasadas.
▶ Utiliza tus pistas para abrir cofres y explora como lo haría un minero.
▶ Cava como un minero y descubre nuevos botines e incluso tesoros.

Al cavar en las minas de rompecabezas 2D, conseguirás varios elementos que te ayudarán a resolver los rompecabezas, reponer fuerzas cuando estés desconectado o crear nuevos elementos en el campamento. También puedes añadir a tus campamentos objetos decorativos y otro tipo de contenidos. Crea objetos nuevos o cocina ingredientes que te darán fuerza para cavar en una mazmorra o un laberinto. Y conviértete en el mayor aventurero del mundo. Este juego no consiste en la clásica búsqueda del tesoro. Quita todos los ladrillos y consigue suficiente oro para seguir buscando aventuras.

Resuelve enigmas 2D y escapa del laberinto de rompecabezas para obtener recompensas y puntos de experiencia que te ayudarán a reponer la máxima energía con rapidez. Continúa cavando entre minas y cumpliendo las misiones del juego asignadas por los dioses, sigue el camino correcto para descubrir una nueva habitación y olvídate de otros juegos de aventura. También puedes disfrutar de ofertas y de experiencias especiales en laberintos y mazmorras, transformar los campamentos o enviar regalos a otros jugadores. ¡Resuelve el misterio y el rompecabezas! Conoce una nueva civilización mientras escapas de un laberinto sin fin y cavas en la mina. Disfruta de esta aventura 2D minera, llena de rompecabezas.

NOTA: Diggy's Adventure es un juego online gratuito que requiere una conexión de red. Algunos elementos del juego también se pueden comprar con dinero real. Si no quieres utilizar esta funcionalidad, desactiva las compras dentro de la aplicación en la configuración de tu dispositivo.

¿Tienes alguna sugerencia o problema que resolver? A los gestores de nuestra comunidad les encantará ayudarte. Visita: https://care.pxfd.co/diggysadventure

Condiciones de uso: http://pxfd.co/eula
Política de privacidad: http://pxfd.co/privacy

¿Te gusta nuestro juego de rompecabezas inactivo? Sigue @DiggysAdventure en las redes sociales para conocer las últimas novedades y actualizaciones.",4.3148513,536993.0,4839.0,607,únete viaje diggy profesor linda rusty explorar mundo lleno mina aprender antiguo civilización resolver rompecabeza increíble escapa laberinto descubrir misterio historia online adventure secreto permanecer oculto laberinto camino laberinto explorar conocer personaje historia antiguo civilización escapar laberinto mina gustar juego cognitivo llevar límite buscar tesoro escondido rodeado mina pon prueba inteligencia juego mental simple pasatiempo explorar laberinto oculto lleno misterio encuentres camino correcto auténtico minero olvidar buscar oro quitar roca explorar estancia disfrutar experiencia caracteristicas adventure gustar rompecabezas enigma resolver civilización laberinto escapar nivel dificultad quedser atrapado profundo mazmorra divertido personaje interactuar pulsa avatar minero comprobar botín lugar mitológico tesoro olvidado paso laberinto mina atascar rompecabezas equipo atención cliente online responder hora contenido gratuito semana ejemplo rompecabezas templo consultar actualización laberintos cava buscar tesoro oculto cumplir misión resolver enigma ponte piel auténtico arqueólogo descubrir secreto época pasado utilizar pista abrir cofr explorar hacer minero cava minero descubrir botín tesoro cavar mina rompecabeza conseguirás elemento ayudar resolver rompecabeza reponer fuerza desconectado crear elemento campamento añadir campamento objeto decorativo tipo contenido creer objeto cocina ingrediente dar fuerza cavar mazmorra laberinto conviértetir aventurero mundo consistir clásico búsqueda tesoro quitar ladrillo suficiente oro seguir buscar aventura resolver enigma escapar laberinto rompecabeza obtener recompensa punto experiencia ayudar reponer máximo energía rapidez continuar cavar mina cumplir misión asignado dios camino correcto descubrir habitación olvídate juego aventura disfrutar oferta experiencia especial laberinto mazmorra transformar campamento enviar regalo jugador resolver misterio rompecabezas conocer civilización escapar laberinto cava mina disfrutar aventura minero lleno rompecabeza nota adventure online gratuito requerir conexión red elemento comprar dinero real querer utilizar funcionalidad desactivo compra aplicación configuración dispositivo tener sugerencia problema resolver gestor comunidad encantar ayudarte visita condiciones política privacidad gustar rompecabeza inactivo red social novedad actualización,283
air.com.playtika.cvs,Vegas Words & Slots Games,Casino,https://play.google.com/store/apps/details?id=air.com.playtika.cvs&hl=es&gl=es,"<b>Noticias diarias de Vegas Downtown Slots</b> 
¡Extra, extra, no dejes de leer! Playtika, los creadores de Slotomania Slots y Caesars Casino, las tragamonedas 777 y máquinas de casino más importantes del MUNDO ENTERO, nos traen una experiencia completamente innovadora para el mundo de las tragamonedas de Las Vegas y los juegos de palabras. ¡Vegas Downtown Slots Casino combina tragamonedas vertiginosas y espectaculares con el caos que solo los juegos de palabras pueden brindar! La gente se está volviendo loca con los premios de casino deslumbrantes de la Franja de Las Vegas. Sigue leyendo para enterarte de todo…


¡Nunca se vio algo así en la Franja de Las Vegas! Gira los rodillos y retrocede en el tiempo para disfrutar de tragamonedas clásicas en Vegas Downtown Slots GRATUITAMENTE. Aprovecha tu bonificación de tragamonedas diaria y sumérgete en nuevos juegos de casino directamente desde el corazón de Las Vegas, entre los que se incluyen Bally, Harrah’s Casino, Flamingo y muchos más. Juega a torneos de tragamonedas 777 y tragamonedas gratuitas, disfruta de la combinación de las tragamonedas vertiginosas de Las Vegas GRATUITAMENTE, junta fichas de palabras y resuelve juegos de palabras para ganar premios ENORMES. ¡VIVA LAS VEGAS!

<b>Lobo despreciable detectado en La Franja</b>
¡Ten cuidado! A los personajes de nuestras tragamonedas de Las Vegas los han visto dando vueltas por los casinos regalando premios enormes. Visita Bally’s Las Vegas, Rio, Horseshoe, Planet Hollywood, Flamingo Casino y Harrah’s Casino para recibir muchísimas monedas.
•	Disfruta de tragamonedas 777 clásicas, como el juego de casino Fantastic Fives
•	Disfruta de premios fantásticos en tragamonedas Triple Sweets GRATUITAMENTE, directos desde los casinos de Las Vegas
•	Ten cuidado con el lobo despreciable en esta tragamonedas favorita de Las Vegas

<b>Los juegos de palabras siembran el caos en Las Vegas </b>
¡La gente de la Franja de Las Vegas se está volviendo loca con los juegos de palabras! Conforme gires los juegos de nuestra aplicación de tragamonedas de Las Vegas, conseguirás fichas de palabras para un juego similar al Scrabble con un giro de tuerca del estilo Viva Las Vegas. Resuelve juegos de palabras y crea palabras clásicas con tus fichas para ganar recompensas increíbles como monedas y tiradas gratuitas para cualquier máquina tragamonedas 777. 

✔ Descubre tus tragamonedas clásicas preferidas de Las Vegas
✔ Torneos de tragamonedas vertiginosos de forma ininterrumpida
✔ Tragamonedas clásicas y en formato videojuego fascinantes, ¡como las de la Franja de Las Vegas!
✔ Vegas Downtown Slots & Words es parte de las recompensas de Playtika para los miembros vip

VDS está destinado a personas mayores de 21 años de edad solo con fines de diversión y no ofrece apuestas con ""dinero real"", ni la oportunidad de ganar dinero real o premios reales basados en el juego. Jugar o tener éxito en este juego no implica el éxito futuro en las apuestas con ""dinero real"".

VDS no requiere pagos para descargar y reproducir, pero también le permite comprar artículos virtuales con dinero real dentro del juego, incluidos artículos aleatorios. Puede deshabilitar las compras dentro de la aplicación en la configuración de su dispositivo. [NOMBRE DEL JUEGO] también puede contener publicidad. Es posible que necesite una conexión a Internet para jugar a VDS y acceder a sus funciones sociales. También puede encontrar más información sobre la funcionalidad, la compatibilidad y la interoperabilidad de VDS  en la descripción anterior e información adicional de la tienda de aplicaciones.

Al descargar este juego, acepta futuras actualizaciones del juego tal como se publiquen en su tienda de aplicaciones o red social. Puede optar por actualizar este juego, pero si no lo hace, su experiencia de juego y funcionalidades pueden verse reducidas.
Términos del servicio: https://www.playtika.com/terms-service/
Aviso de privacidad: https://www.playtika.com/privacy-notice/",4.59,101597.0,74.0,613,noticia diario vegas downtown extra extra dej leer playtika creador slotomania slots caesars casino tragamonedas máquina casino importante mundo entero traer experiencia innovadoro mundo tragamoneda vegas juego palabra vegas downtown slots casino combinar tragamonedas vertiginoso espectacular caos juego palabra brindar gente volver loco premio casino deslumbrante franja vegas leer enterarte ver franja vegas girar rodillo retroceder tiempo disfrutar tragamonedas clásico vegas downtown slots gratuitamente aprovechar bonificación tragamonedas diario sumérgete juego casino corazón vegas incluir bally casino flamingo jugar torneo tragamonedas tragamonedas gratuito disfrutar combinación tragamoneda vertiginoso vegas gratuitamente junta ficha palabra resolver juegos palabra ganar premio enorme viva vegas lobo despreciable detectado ten cuidado personaje tragamoneda vegas ver dar vuelta casino regalar premio enorme visita vegas rio horseshoe planet hollywood flamingo casino casino recibir moneda disfruta tragamonedas clásico casino fantastic fives disfrutar premio fantástico tragamonedas triple sweets gratuitamente directo casino vegas ten cuidado lobo despreciable tragamonedas favoritar vegas juegos palabra siembran caos vegas gente franja vegas volver loco juego palabra gires juego aplicación tragamonedas vegas conseguirás ficha palabra similar scrabble giro tuerca estilo viva vegas resolver juegos palabra creer palabra clásico ficha ganar recompensa increíble moneda tirada gratuito máquina tragamonedas descubrir tragamoneda clásico preferida vegas torneos tragamonedas vertiginoso forma ininterrumpido tragamoneda clásico formato videojuego fascinante franja vegas vegas downtown slots words recompensa playtika miembro vip vds destinado persona mayor año edad fin diversión ofrecer apuesta dinero real oportunidad ganar dinero real premio real basado jugar éxito implicar éxito futuro apuesta dinero real vds requerir pago descargar reproducir permitir comprar artículo virtual dinero real incluido artículo aleatorio deshabilitar compra aplicación configuración dispositivo nombre juego contener publicidad necesitar conexión internet vds acceder función social encontrar información funcionalidad compatibilidad interoperabilidad vds descripción información adicional tienda aplicación descargar aceptar futuro actualización publicar tienda aplicación red social optar actualizar experiencia funcionalidad ver él reducido término servicio aviso privacidad,303
air.com.playtika.slotomania,Slotomania™ Slots Tragamonedas,Casino,https://play.google.com/store/apps/details?id=air.com.playtika.slotomania&hl=es&gl=es,"¡Te damos la bienvenida a Slotomania, un paraíso para amantes de las tragaperras! 
¡Aquí, la emoción ininterrumpida de Las Vegas, los botes masivos y los juegos emocionantes de casino se combinan para crear el mejor juego gratuito de tragaperras del mundo! 
Así es: tragaperras, botes y diversión al alcance de tu mano.
 
Únete a más de 100 millones de jugadores que juegan a más de 200 tragaperras premium, con nuevos juegos de tragaperras disponibles cada mes. Desde minijuegos cautivadores hasta diseños asombrosos, Slotomania ofrece los mayores botes que solo un casino de tragaperras de primera podría poner a tu disposición. Vive una experiencia al más puro estilo de un casino de Las Vegas desde tu dispositivo móvil u ordenador de sobremesa.
 
Antes de girar la primera máquina tragaperras, obtén tu bono de bienvenida de 15 000 000 de monedas para iniciar tu aventura en las tragaperras. Cada máquina tragaperras de Slotomania está diseñada para evocar auténticas emociones de casino, desde las clásicas tragaperras de Las Vegas hasta juegos temáticos nuevos de tragaperras. ¡Gira para divertirte, para obtener botes masivos y para vivir la emoción al máximo en las tragaperras!
 
Y la diversión no termina aquí. Disfruta de minijuegos semanales, reúne Slotocards para completar tu Sloto-Album y desbloquea recompensas fabulosas hasta llegar al gran bote. ¿Te apetece socializar? Únete a un clan de casino, forma equipo y compite en juegos de tragaperras para desbloquear premios exclusivos.
  
Slotomania es un juego de Playtika, la empresa creadora de los mejores juegos gratuitos. Al jugar a Slotomania, también ganarás Playtika Rewards para disfrutar en otros juegos de casino como Bingo Blitz, House of Fun y Caesars Slots. Eso significa que tu viaje por las tragaperras no termina en un solo juego: ¡puedes ampliar tu diversión de casino mediante múltiples juegos de tragaperras!
¡Socializa! Chatea con otros jugadores, gana premios adicionales y únete a una comunidad de 14 millones de fans de las tragaperras en Facebook y más de 50 000 en Instagram. ¡Gira las máquinas tragaperras más populares, disfruta de juegos de tragaperras nuevos y descubre por qué Slotomania está en boca de todos! Desde minijuegos hasta botes masivos, cada tragaperras rebosa diversión, emoción y recompensas.
 
No esperes: ¡comienza a girar las mejores tragaperras, gana botes masivos y disfruta de una experiencia que te llevará al mejor casino de tragaperras! Con infinitas máquinas tragaperras, juegos de casino de lo más emocionantes y las mejores tragaperras gratuitas, no hay mejor momento para jugar.
 
Slotomania está dirigida a una audiencia adulta (mayores de 21 años) con fines exclusivamente recreativos. No ofrece juegos de azar con «dinero real» ni la oportunidad de ganar dinero real o premios reales en partidas de ningún juego. Jugar o tener éxito en este juego no implica tener éxito en el futuro en el juego con «dinero real».
 
Slotomania no requiere pago para descargar y jugar, pero también te permite comprar objetos virtuales con dinero real dentro del juego. Puedes desactivar las compras dentro de la aplicación en los ajustes de tu dispositivo. Slotomania también puede contener publicidad. Puede que necesites una conexión a Internet para jugar a Slotomania y acceder a sus funciones sociales. También puedes encontrar más información sobre la funcionalidad, compatibilidad e interoperabilidad de Slotomania en la descripción anterior y en la información adicional de la tienda de aplicaciones.
 
Al descargar el juego, aceptas las futuras actualizaciones del juego que se publiquen en tu tienda de aplicaciones o red social. No es obligatorio actualizar el juego, pero, si dejas de hacerlo, tu experiencia de juego y sus funciones podrían verse reducidas.
 
Términos de servicio: https://www.playtika.com/terms-service/
Aviso de privacidad: https://www.playtika.com/privacy-notice/",4.299511,2177934.0,3750.0,600,dar bienvenida slotomania paraíso amante tragaperra emoción ininterrumpido vegas bote masivo juego emocionante casino combinar crear gratuito tragaperra mundo tragaperra bote diversión alcance mano únete millón jugador jugar tragaperra premium juego tragaperra disponible mes minijuego cautivador diseño asombroso slotomania ofrecer mayor bote casino tragaperra disposición vivir experiencia puro estilo casino vegas dispositivo móvil ordenador sobremesa girar máquina tragaperra obtén bono bienvenida moneda iniciar aventura tragaperra máquina tragaperra slotomania diseñar evocar auténtico emoción casino clásico tragaperra vegas juego temático tragaperra gira divertir tú obtener bote masivo vivir emoción máximo tragaperra diversión terminar disfruta minijuego semanal reúnir slotocards completar desbloquear recompensa fabuloso llegar bote únetir clan casino forma equipo competir juego tragaperra desbloquear premio exclusivo slotomania playtika empresa creador mejor juego gratuito slotomania ganarás playtika rewards disfrutar juego casino bingo blitz house of fun caesars slots significar viaje tragaperra terminar ampliar diversión casino múltiple juego tragaperra socializa chatea jugador ganar premio adicional únetir comunidad millón fan tragaperra facebook instagram gira máquina tragaperras popular disfrutar juego tragaperra descubrir slotomania boca minijuego bote masivo tragaperras rebós diversión emoción recompensa esper comenzar girar mejor tragaperra ganar bote masivo disfrutar experiencia llevar casino tragaperra infinito máquina tragaperras juego casino emocionante mejor tragaperra gratuito momento slotomania dirigido audiencia adulto mayor año fin recreativo ofrecer juego azar dinero real oportunidad ganar dinero real premio real partida jugar éxito implicar éxito futuro dinero real slotomania requerir pago descargar permitir comprar objeto virtual dinero real desactivar compra aplicación ajuste dispositivo slotomania contener publicidad necesitser conexión internet slotomania acceder función social encontrar información funcionalidad compatibilidad interoperabilidad slotomania descripción información adicional tienda aplicación descargar aceptas futuro actualización publicar tienda aplicación red social obligatorio actualizar dejar experiencia función ver él reducido término servicio aviso privacidad,282
air.com.qublix.forestrescue,Forest Rescue - Match 3 Game,Puzles,https://play.google.com/store/apps/details?id=air.com.qublix.forestrescue&hl=es&gl=es,"Los animales felices Forestales encanta pasar sus días de relax en su hermosa arboleda. Árboles altos albergan sus nidos y mantener el aire fresco y limpio. Pero el mal castores tienen otros planes para el Bosque.

Únete a los animales del bosque en su lucha para acabar con el jefe del castor y sus secuaces. Ellos le ayudarán a que se abre camino a través de los obstáculos a los castores han creado para ti.

Juega Bosque Rescate hoy y crea los castores pagan!

Match 3 Features:
◆ Emocionante juego jugar con cientos de niveles únicos
◆ increíbles power-ups y combos
◆ Restaurar el bosque y las casas de los animales
◆ Fácil juego para aprender, pero difícil de dominar

Características adicionales:
◆ Conexión Facebook para que puedas jugar con tus amigos!
Recompensas ◆ cool!
◆ Jugar fuera de línea!
◆ Soporte en múltiples dispositivos y plataformas!",4.5319147,156586.0,1010.0,147,animal feliz forestales encantar pasar relax hermoso arboleda árbol alto albergar nido mantener aire fresco limpio castor plan bosque únete animal bosque lucha acabar jefe castor secuaz ayudar abrir camino obstáculo castor crear juega bosque rescate crea castor pagar match features emocionante nivel único increíble combo restaurar bosque casa animal fácil aprender difícil dominar características adicional conexión facebook amigo recompensas cool jugar línea soporte múltiple dispositivo plataforma,67
air.com.sgn.cookiejam.gp,Cookie Jam™ juego de combinar,Puzles,https://play.google.com/store/apps/details?id=air.com.sgn.cookiejam.gp&hl=es&gl=es,"<b>¡Más de 100 millones de personas están jugando a nuestros juegos de Combina 3!</b>Cookie Jam cuenta con miles de puzles de dulces desafiantes y divertidos. Combina 3 galletas y caramelos para despejar el tablero y superar el puzle de galletas. Los juegos de combinación gratuitos de Cookie Jam son superdivertidos. ¡Juega ya!

<u><b>¡Hemos reinventado la combinación de dulces en este azucarado juego de Conecta 3!</b></u>

Te damos la bienvenida a una franquicia de Conecta 3 de sabrosos puzles de dulces y juegos gelatinosos. Ábrete paso a base de explosiones por las islas con temática desértica y ayuda al chef Panda a aplastar galletas antes de que se desmigajen en Cookie Jam! Juega a miles de juegos de puzles de dulces gratis, con nuevos puzles cada semana para que nunca te quedes sin juegos de Combina 3 desafiantes.

Mueve los dulces y aplasta las deliciosas galletas y tartas. Podrás disfrutar de miles de juegos de Combina 3 y puzles de caramelos. Cada puzle de galletas está lleno de combinaciones de dulces y gelatinas emocionantes.

El chef Panda tiene que cumplir una orden y tú puedes ayudarle. Combina 3 piezas o más para cumplir las órdenes y superar niveles en este relajante juego de Combina 3. Combina 5 dulces para despejar el tablero con un poderoso potenciador que aplasta tartas. Descubre incontables niveles nuevos y recoge increíbles potenciadores en el juego de Combina 3 definitivo.

INGREDIENTES DEL JUEGO DE GALLETAS:

🍪 ¡Diversión gratuita combinando galletas para todos los públicos!
 🍪 Diversión interminable con miles de niveles únicos a los que se añadirán otros nuevos cada semana.
 🍪 Suministros de combos y mejoras para aplastar dulces.
 🍪 Ábrete paso intercambiando, aplastando y empujando por estas fantásticas islas con temática pastelera.
 🍪 Gana recompensas y dulces premios con eventos de tiempo limitado.
 🍪 ¡Conéctate a Facebook para una sincronización sin interrupciones en múltiples dispositivos y desafía a amigos!

DALE A ME GUSTA: https://www.facebook.com/PlayCookieJam
 SIGUE A: @playcookiejam
 INFORMACIÓN DE LA DESARROLLADORA: ¡Jam Cityes la desarrolladora líder en los juegos sociales multiplataforma! ¡Échales un ojo a nuestros otros juegos de Combina 3 y juegos de puzles gratuitos! Te encantará intercambiar, combinar y aplastar en eventos en continua expansión. ¡Vuelve a menudo para ver todos los dulces y las tartas nuevos que hemos añadido! Te encantará aplastar en cada puzle dulce. Empieza hoy tu aventura pastelera en este juego gratuito de Combina 3.",4.2575107,1199426.0,3892.0,396,millón persona jugar juego combina cookie jam puzl dulz desafiant divertido combinar galleta caramelo despejar tablero superar puzle galleta juegos combinación gratuito cookie jam superdivertir jugar reinventado combinación dulz azucarado conecta dar bienvenida franquicia conecta sabroso puzl dulz juego gelatinoso paso base explosión isla temática desértico ayuda chef panda aplastar galleta desmigajen  cookie jam jugar juego puzl dulz puzl semana quedser juego combina desafiant mover dulz aplastar deliciosa galleta tarta disfrutar juego combina puzl caramelo puzle galleta lleno combinación dulz gelatina emocionante chef panda cumplir orden ayudar él combinar pieza cumplir órden superar nivel relajante combina combinar dulz despejar tablero poderoso potenciador aplastar tarta descubrir incontabl nivel recoger increíble potenciador combina definitivo ingrediente juego galletas diversión gratuito combinar galleta público diversión interminable nivel único añadir semana suministros combo mejora aplastar dulz paso intercambiar aplastar empujar fantástico isla temática pastelero ganar recompensa dulce premio evento tiempo limitado conéctate facebook sincronización interrupción múltiple dispositivo desafiar amigo gusta información desarrolladora jam cityes desarrolladora líder juego social multiplataforma échal ojo juego combina juego puzl gratuito encantar intercambiar combinar aplastar evento continuo expansión volver dulz tarta añadir encantar aplastar puzle dulce empezar aventura pastelero gratuito combina,191
air.com.sgn.cookiejamblast.gp,Cookie Jam Blast™ Match 3,Puzles,https://play.google.com/store/apps/details?id=air.com.sgn.cookiejamblast.gp&hl=es&gl=es,"<b>Juega a Cookie Jam Blast, el juego de Combina 3 más reciente de la franquicia Cookie Jam! Mueve los dulces para abrirte paso a base de explosiones por los niveles de Combina 3. Intercambia galletas y combina 3 piezas o más en este dulce juego de Combina 3. Incluye gráficos mejorados, nuevos modos de juego de galletas divertidos y nuevos amigos adorables que te ayudarán a aplastar dulces y superar niveles de Conecta 3. ¡Pura diversión!</b>

<u>¡Intercambia, combina y explota</u> las piezas de los puzles de galletas y mueve los dulces para desbloquear recompensas en una nueva aventura de puzles de Combina 3. Combina 3 piezas o más y usa potenciadores para desencadenar cascadas explosivas de arcoíris. Aplasta el chocolate y recoge ingredientes para crear sabrosas recetas de dulces y galletas para tu pastelería.

Relájate y satisface tus antojos de dulces con los irresistibles juegos gratuitos de combinaciones. ¡Encontrarás tus dulces favoritos: galletas, caramelos, gelatina, mermelada, chocolate, gofres, helados y muchos más! Instala nuestros juegos gratuitos de combinaciones para vivir la intensa experiencia de los juegos de Conecta 3 de galletas.

CARACTERÍSTICAS DEL DELICIOSO JUEGO DE GALLETAS:

🍪Miles de niveles de Combina 3 divertidos en los que podrás abrirte paso a base de explosiones.
 🍪Intercambia galletas y aplasta piezas de puzles de caramelos para descubrir los dulces ocultos.
 🍪Vuelve a diario para hacer girar la ruleta de premios, aplastar los puzles de galletas y recibir sabrosas recompensas.
 🍪Juega a desafíos de tiempo limitado para ganar potenciadores que te ayuden a subir de nivel.
 🍪 Combina piezas de puzles de galletas de Combina 4 para crear poderosas abejas de gelatina que te ayudarán a superar niveles.
 🍪Usa mejoras explosivas para hacer explotar las piezas de los puzles de caramelos y aplastar las galletas.
 🍪Resuelve deliciosos puzles de caramelos y recoge nuevos ingredientes sabrosos.
 🍪Usa ingredientes para crear nuevos dulces sabrosos con el chef Panda en tu pastelería.
 🍪Socializa y envía abejas amistosas a amigos para ayudarles a superar niveles difíciles.
 🍪Consigue dirigibles de edición limitada en eventos especiales.

Si te gusta jugar a juegos de Combina 3, te divertirás con el juego definitivo de la franquicia de combinaciones de galletas. Ábrete paso a base de explosiones por los sabrosos puzles de caramelos en este delicioso juego de puzles de Combina 3. ¡Descarga Cookie Jam Blast hoy y satisface tus antojos de galletas y caramelos!

¿Te gusta Cookie Jam Blast? No dejes de echarles un ojo a otros juegos de Jam City como Disney Emoji Blitz, Cookie Jam, Panda Pop, Harry Potter: Hogwarts Mystery, Genies & Gems y Bingo Pop entre otros.",4.1857924,286643.0,1168.0,430,jugar cookie jam blast combina reciente franquicia cookie jam mover dulz abrirte paso base explosión nivel combina intercambio galleta combinar pieza dulce combina incluir gráfico mejorado modo galleta divertido amigo adorabl ayudar aplastar dulz superar nivel conecta pura combinar pieza puzl galleta mover dulz desbloquear recompensa aventura puzl combina combinar pieza potenciador desencadenar cascada explosivo arcoíris aplasta chocolate recoger ingrediente crear sabroso receta dulz galleta pastelería relájate satisfacer antojo dulz irresistibl juego gratuito combinación encontrarás dulce favorito galleta caramelo gelatina mermelada chocolate gofr helado instala juego gratuito combinación vivir intenso experiencia juego conecta galleta características juego galletas nivel combina divertido abrirte paso base explosión intercambia galleta aplastar pieza puzl caramelo descubrir dulz oculto volver diario girar ruleta premio aplastar puzl galleta recibir sabroso recompensa jugar desafío tiempo limitado ganar potenciador ayudar subir nivel combinar pieza puzl galleta combina crear poderoso abeja gelatina ayudar superar nivel mejora explosivo explotar pieza puzl caramelo aplastar galleta resolver delicioso puzl caramelo recoger ingrediente sabroso ingrediente crear dulz sabroso chef panda pastelería socializa enviar abeja amistoso amigo ayudar él superar nivel difícil dirigibl edición limitado evento especial gustar juegos combina divertirar definitivo franquicia combinación galleta paso base explosión sabroso puzl caramelo delicioso puzl combina descarga cookie jam blast satisfacer antojo galleta caramelo gustar cookie jam blast dej echar él ojo juego jam city disney emoji blitz cookie jam panda pop harry potter hogwarts mystery genies gems bingo pop,233
air.com.sgn.juicejam.gp,Juice Jam,Puzles,https://play.google.com/store/apps/details?id=air.com.sgn.juicejam.gp&hl=es&gl=es,"COMBINAR. EXPRIMIR. SERVIR. ¡REPETIR!

¡Presentando Juice Jam!


Características:
¡Un montón de jugosos niveles!
¡Nuevos potenciadores y modos de juego!
¡Prepárase para las vacaciones - eventos festivos !
¡Atraviesa mundos extravagantes!
¡Derrota a jefes y atiende los pedidos!

¡Únete a nosotros en Zumotopía, donde Kiwi y Mango atraviesan mundos extravagantes mientras sirven zumo a clientes sedientos! ¡Con un elenco de peculiares personajes, un mundo repleto de detalles y una adictiva mecánica de juego de combinar tres piezas, Juice Jam lo tiene todo para pasar un buen rato!

DALE A ME GUSTA: https://www.facebook.com/JuiceJamGame
SÍGUENOS: https://twitter.com/juicejamgame
APRENDE: www.juicejam.com

INFORMACIÓN DEL DESARROLLADOR: SGN es un desarrollador líder en videojuegos sociales auténticamente multiplataforma.",4.4944444,363832.0,885.0,108,combinar repetir presentar juice jam características montón jugoso nivel potenciador prepárase vacación evento festivo atravesar mundo extravagant derrota jefe atender pedido únete zumotopía kiwi mango atravesar mundo extravagant servir zumo cliente sediento elenco peculiar personaje mundo repleto detalle adictivo mecánico combinar pieza juice jam pasar rato gusta síguenos aprende información desarrollador sgn desarrollador líder videojuego social multiplataforma,57
air.com.sticksports.sticktennis,Stick Tennis,Deportes,https://play.google.com/store/apps/details?id=air.com.sticksports.sticktennis&hl=es&gl=es,"◆ WIRED - Un juego esencial ◆ The Telegraph - No te arrepentirás ◆
 
Fácil de jugar, difícil de dominar, Stick Tennis ofrece una jugabilidad rápida y fluida y un enorme rango de jugadores, con su estilo y características propias, para desbloquear y jugar.
 
Con simplemente deslizar un dedo podrás realizar cruzados ganadores. Además Stick Tennis posee un sofisticado motor de físicos que beneficia el juego táctico.
 
* Enfréntate a los más grandes en el modo DOMINIO MUNDIAL.
* Controla a tu jugador favorito para hacerte con los SLAMS
* Gana trofeos en el DESAFÍO DIARIO
* Mejora tu juego en los ENTRENAMIENTOS DEL CLUB.
* Desbloquea DIEZ pistas realistas alrededor del mundo
* Desbloquea más de SETENTA jugadores
 
¡Bolas nuevas!

Nota importante: Este juego incluye compras dentro de la app

***
New York Times
""Si te gusta el tenis aunque sea un poquito, vas a adorar Stick Tennis. Un sorprendente juego con grandes gráficos.""
 
The Sun
""Increíblemente adictivo. Te engancharás sin darte cuenta.""
 
Pocketgamer ‘Top Ten’
""A menudo un juego de deportes es mejor cuanto más frenético sea. Stick Tennis requiere buenos reflejos. Consíguelo.""
 
***
 
Síguenos en Twitter: @StickSports",4.03,180805.0,2426.0,190,wired esencial the telegraph arrepentirás fácil difícil dominar stick tennis ofrecer jugabilidad rápido fluido enorme rango jugador estilo característica desbloquear deslizar dedo cruzado ganador stick tennis poseer sofisticado motor físico beneficiar táctico enfréntatir dominio mundial controla favorito hacerte slams ganar trofeo desafío mejora entrenamiento club desbloquea pista realista mundo desbloquea setenta jugador bolas nota importante incluir compra new york times gustar tenis poquito adorar stick tennis sorprendente gráfico the sun adictivo engancharar darte pocketgamer top ten deporte frenético stick tennis requerir reflejo consíguelo síguenos twitter,85
air.origami.diagram,Diagrama Arte Papel Origami,Arte y diseño,https://play.google.com/store/apps/details?id=air.origami.diagram&hl=es&gl=es,"<h1>¡Descubre la Alegría de Doblar Papel con Nuestra App de Origami!</h1>
<h2>Transforma el Papel en Arte</h2>
Libera tu creatividad y sumérgete en el fascinante mundo del <b>arte en papel origami</b> con nuestra app visualmente instructiva. Ya seas principiante o un experto en el doblado, nuestra app te guía para crear increíbles animales, objetos y juguetes a partir de simples hojas de papel. 📄✨
<h2>Más de 250 Modelos para Elegir</h2>
¡Explora una gran colección con más de 250 modelos de origami! Desde elegantes grullas hasta ranas divertidas y aviones de papel complejos — hay algo para todos. Nuestras instrucciones visuales paso a paso hacen que sea fácil seguirlas y dar vida a tus creaciones. 🐸✈️🦢
<h2>Mejora tus Habilidades en Origami</h2>
Si bien se recomienda tener un conocimiento básico del origami, nuestra app está diseñada para ayudarte a mejorar tus habilidades y dominar el arte de doblar papel. Ideal para quienes desean perfeccionar sus técnicas de <b>arte en papel origami</b> o probar nuevos diseños de <b>aviones de papel origami</b>. 🎨✈️
<h2>Diversión Manual</h2>
Esto no es un juego — es una actividad práctica que fomenta la creatividad y la atención plena. ¡Toma una hoja de papel y empieza a doblar! Perfecto para actividades familiares, proyectos escolares o sesiones creativas en solitario. ✋📐
<h2>¡Comienza Hoy!</h2>
Descarga ahora y comienza tu viaje en el maravilloso mundo del origami. Transforma papel ordinario en extraordinarias obras de arte con facilidad.
📲 <b>¡Descarga la App de Origami Ahora y Crea Tus Obras Maestras!</b> 📲",4.2058825,6651.0,9.0,246,alegría doblar papel app transforma papel libera creatividad sumérgete fascinante mundo arte papel instructiva principiante experto doblado guiar crear increíble animal objeto juguete simple hoja papel modelos explorar colección modelo origami elegante grulla rana divertido avión papel complejo instrucción visual paso paso fácil seguir él vida creación mejora habilidades recomendar conocimiento básico origami diseñado mejorar habilidad dominar arte doblar papel ideal desear perfeccionar técnica arte papel probar diseño avión papel diversión actividad práctico fomentar creatividad atención pleno tomar hoja papel empezar doblar perfecto actividad familiar proyecto escolar sesión creativo solitario descarga comenzar viaje maravilloso mundo origami transforma papel ordinario extraordinario obra arte facilidad app origami crea obras,107
aliens.zombies.invasion,Aliens vs Zombies: Invasion,Estrategia,https://play.google.com/store/apps/details?id=aliens.zombies.invasion&hl=es&gl=es,"La invasión alien ha comenzado. Los zombies atacan tu base.
Prepárate para un intenso juego de tower defense, donde solo la estrategia puede salvarte.

Este juego de aliens combina las clásicas mecánicas de zombie tower defense con un gameplay de invasión rápido y emocionante. Construye poderosas torres de defensa, detén los ataques enemigos y protege tu base de olas interminables de zombies y fuerzas alienígenas.

👾 Juego de estrategia con invasión alien

En este invasion game, los aliens han desatado un brote global. Los zombies devoran todo a su paso. Tu misión es clara:
derrota a los zombies, detén la invasión y protege tu base.

No es solo acción: cada decisión importa, desde la colocación de torres hasta la gestión de recursos. Este es un verdadero juego de estrategia.

🧠 Gameplay Tower Defense

Domina las mecánicas TD:

Construye y mejora diferentes tipos de torres de defensa

Controla los caminos enemigos durante las olas de ataque

Adapta tu estrategia tower defense a nuevas amenazas

Planifica cuidadosamente para sobrevivir más tiempo

Cada nivel hace que los enemigos sean más rápidos, fuertes y peligrosos.

🧟 Defensa de zombies & protección de la base

Este juego de defensa zombie pondrá a prueba tus habilidades tácticas. Cada ataque zombie requiere estrategia y reflejos rápidos. Solo los mejores comandantes podrán mantener la línea.

🚀 Características principales

Tower defense game adictivo con profunda estrategia

Combinación única de aliens, zombies y gameplay de invasión

Varias torres y caminos de mejora

Olas intensas y desafíos crecientes

Jugable offline — defiende tu base en cualquier momento

Perfecto para fans de estrategia, TD y juegos de defensa

🎯 Para fans de estrategia y TD

Si te gustan los tower defense, los juegos de estrategia y los desafíos de defensa de base, este es tu juego. Construye tus torres, detén la invasión y sobrevive a los aliens y zombies.

La invasión no se detendrá.
Los zombies no se rinden.
Tu base es la última línea de defensa.

¡Descárgalo ahora y demuestra que tu estrategia puede sobrevivir a la invasión alien y zombie!

Política de privacidad: https://www.gamegears.online/privacy-policy
Condiciones de uso: https://www.gamegears.online/term-of-use",4.6237626,37110.0,81.0,348,invasión alien comenzar zombi atacar base prepáratir intenso tower defense estrategia salvarte aliens combinar clásico mecánica zombie tower defense gameplay invasión rápido emocionante construir poderoso torre defensa detén ataque enemigo proteger base ola interminable zombi fuerza alienígena juego estrategia invasión alien invasion alien desatar brote global zombi devorar paso misión claro derrota zombi detener  invasión proteger base acción decisión importar colocación torre gestión recurso estrategia gameplay tower defense dominar mecánica td construir mejora tipo torre defensa controla camino enemigo ola ataque adapta estrategia tower defense amenaza planifica sobrevivir tiempo nivel enemigo rápido fuerte peligroso defensa zombies protección base defensa zombie poner prueba habilidad táctico ataque zombie requerir estrategia reflejo rápido mejor comandante mantener línea características principal tower defense adictivo profundo estrategia combinación única alien zombi gameplay invasión torre camino mejora ola intenso desafío creciente jugable offline defender base momento perfecto fan estrategia td juego defensa fan estrategia td gustar tower defense juego estrategia desafío defensa base construir torre detener  invasión sobrevive alien zombi invasión detener zombi rendir base línea defensa descárgalo demostrar estrategia sobrevivir invasión alien zombie política privacidad condiciones,180
and.brainworks.holeemall,Hole Em All: Black hole game,Puzles,https://play.google.com/store/apps/details?id=and.brainworks.holeemall&hl=es&gl=es,"<b>Hole Em All: Collect Master – ¡Traga y relájate!</b>

Prepárate para una experiencia de rompecabezas de agujero negro divertida y relajante en Hole Em All: Collect Master. Toma el control de un agujero negro para tragar todo lo que veas, resuelve desafíos de rompecabezas épicos y relájate con infinitas horas de diversión en satisfactorios juegos de comer agujeros negros.

Haz equipo con amigos, chatea, comparte corazones y monedas y colabora para resolver rompecabezas épicos juntos. Reúne baterías, potenciadores de tiempo y recompensas increíbles para continuar con este satisfactorio viaje. ¡Si los juegos satisfactorios no son tu estilo, participa en el Torneo Black Hole! ¡Enfrenta desafíos emocionantes y compite contra jugadores de todo el mundo para convertirte en el campeón definitivo del agujero negro!

🕳️ Por qué te encantará Hole Em All ✔ Simple pero adictivo: ¡simplemente arrastra un agujero negro, traga los elementos necesarios y supera los niveles!
✔ Jugabilidad satisfactoria: observa cómo todo se desvanece en un agujero negro a medida que crece. ¡Es pura diversión de resolución de acertijos!
✔ Diversión que estimula el cerebro: desafíate a ti mismo con niveles difíciles con movimientos estratégicos y pensamiento inteligente
✔ Relajante y atractivo: perfecto para descansos rápidos o sesiones de juego profundas, ¡puedes disfrutarlo en cualquier momento, en cualquier lugar, incluso sin conexión!

✨<b>Características principales</b> ✨ 
🕳️ Controla un agujero negro, devora objetos y resuelve acertijos en niveles creativos 
🏆 Compite en torneos, gana recompensas épicas y conviértete en el maestro definitivo de los agujeros negros 
🎉 Desbloquea objetos únicos y temas emocionantes a medida que avanzas en los niveles
🤝 Forma equipo con amigos, chatea, comparte recompensas y sube en la clasificación juntos
🏅 Acepta emocionantes desafíos en solitario y en equipo, además de eventos especiales llenos de sorpresas 
🔅 Juega sin conexión en cualquier momento y en cualquier lugar: no necesitas Internet para un juego de comer satisfactorio 
🎮 Cómo jugar 
・ Arrastra el agujero negro para succionarlo todo 
・ Traga objetos para crecer más y absorber aún más cosas 
・ Resuelve acertijos desafiantes recolectando elementos en el orden correcto.
・ ¡Desbloquea nuevos niveles, potenciadores y recompensas a medida que dominas el juego del agujero negro!
Si te gustan los juegos de comer agujeros negros, prepárate para una aventura de rompecabezas relajante y satisfactoria. ¡Sumérgete y comienza tu viaje de deglución hoy mismo!",4.673367,169925.0,146.0,386,all collect master traga prepárate experiencia rompecabeza agujero negro divertido relajante hole em all collect master tomar control agujero negro tragar ver resolver desafío rompecabeza épico relájatir infinito hora diversión satisfactorio juego comer agujero negro haz equipo amigo chatear compartir corazón moneda colaborar resolver rompecabeza épico junto reúnir batería potenciador tiempo recompensa increíble continuar satisfactorio viaje juego satisfactorio estilo participar torneo black hole enfrentar desafío emocionante competir jugador mundo convertirte campeón definitivo agujero negro hole em all simple adictivo arrastrar agujero negro tragar elemento necesario superar nivel jugabilidad satisfactorio observar desvanezar agujero negro medida crecer puro diversión resolución acertijo diversión estimular cerebro desafíate nivel difícil movimiento estratégico pensamiento inteligente atractivo perfecto descanso rápido sesión profundo disfrutar él momento lugar conexión características controla agujero negro devorar objeto resolver acertijo nivel creativo compite torneo ganar recompensa épica conviértetir maestro definitivo agujero negro desbloquea objeto único tema emocionante medida avanzar nivel formar equipo amigo chatear compartir recompensa subir clasificación junto aceptar emocionante desafío solitario equipo evento especial lleno sorpresa juega conexión momento lugar necesitar internet comer satisfactorio arrastra agujero negro succionar él traga objetos crecer absorber cosa resolver acertijo desafiant recolectar elemento orden correcto desbloquea nivel potenciador recompensa medida domina agujero negro gustar juego comer agujero negro prepáratir aventura rompecabeza relajante satisfactorio sumérgete comenzar viaje deglución,213
and.lihuhu.tilesinhole,Tiles in Hole: Black Hole,Casuales,https://play.google.com/store/apps/details?id=and.lihuhu.tilesinhole&hl=es&gl=es,"<h1>🕳️ Tiles in Hole - Uno de los juegos de agujero negro más adictivos</h1>
Entra en Tiles in Hole, un juego de agujero negro divertido y relajante.
Mueve tu agujero negro, traga fichas de colores y observa cómo tu hoyo crece sin parar.

<h3>✨ Por qué te encantará este juego de agujero negro</h3>
- Desliza para comer fichas y hacer que tu agujero negro crezca más rápido.

- Colecciona fichas preciosas y desbloquea skins únicas para personalizar tu hoyo.

- Participa en eventos semanales con recompensas exclusivas de juegos de agujeros.

- Personaliza tu experiencia con diseños de agujero increíbles y disfruta de una de las sensaciones más satisfactorias.

- Juega sin conexión, ideal para los fans de los juegos de agujero negro y de fichas.

- Relajante, adictivo y muy satisfactorio: perfecto para quienes disfrutan de la diversión de los agujeros negros.

<h3>🎮 Cómo jugar a Tiles in Hole</h3>
- Arrastra tu agujero negro para comer fichas y limpiar cada nivel.

- Evita obstáculos mientras tu hoyo crece con cada ficha.

- Desbloquea nuevos niveles y skins en este adictivo juego de agujero negro.

<b>🌟 La experiencia definitiva de agujero negro</b>

Tiles in Hole combina controles suaves, fichas coloridas y una jugabilidad relajante. Mira cómo crece tu agujero negro, disfruta de la sensación de absorber fichas y presume de tus skins favoritas. Sumérgete en una de las experiencias más satisfactorias de agujeros negros disponibles.

📬 Si necesitas ayuda o tienes alguna duda, contáctanos en support@lihuhugames.com

<h1>🕳️ Tiles in Hole – One of the Most Addictive Black Hole Games</h1>
Step into Tiles in Hole, a relaxing and fun black hole game! Move your black hole, eat colorful tiles, and watch your hole grow.

<h3>✨ Why You’ll Love This Black Hole Game</h3>
- Swipe to eat tiles in hole and grow your black hole bigger and faster.

- Collect beautiful tiles and unlock stunning hole skins to personalize your style.

- Join weekly events for exclusive rewards in hole games.

- Customize your gameplay with unique hole skins and enjoy one of the most satisfying in hole experiences.

- Play offline anytime - perfect for fans of black hole and tile games.

- Addictive, satisfying, and relaxing for everyone who loves in hole fun.

<h3>🎮 How to Play Tiles in Hole</h3>
- Drag your black hole to eat tiles and clear each stage.

- Avoid obstacles while your hole grows with every tile.

- Unlock new hole skins and endless levels in this ultimate black hole game.

<b>🌟 The Ultimate Black Hole Experience</b>

Tiles in Hole combines smooth controls, colorful tiles, and relaxing gameplay. Watch your black hole expand, enjoy tile-eating satisfaction, and show off your favorite hole skins.
Dive into one of the most relaxing in hole adventures available!

📬 If you have any questions or need assistance, feel free to contact us at support@lihuhugames.com.",4.88,81222.0,51.0,475,til hole juego agujero negro entrar tiles hole agujero negro divertido relajante mueve agujero negro tragar ficha color observar hoyo crecer parar encantar agujero deslizar comer ficha agujero negro crecer rápido colecciona ficha precioso desbloquea skins único personalizar hoyo participar evento semanal recompensa exclusivo juego agujero personaliza experiencia diseño agujero increíble disfrutar sensación satisfactorio jugar conexión ideal fan juego agujero negro ficha adictivo satisfactorio perfecto disfrutar diversión agujero negro tiles arrastra agujero negro comer ficha limpiar nivel evitar obstáculo hoyo crecer ficha desbloquea nivel skins adictivo agujero negro experiencia definitivo agujero tiles hole combinar control suave ficha colorida jugabilidad relajante mirar crecer agujero negro disfrutar sensación absorber ficha presumir skins favorito sumérgete experiencia satisfactorio agujero negro disponible necesitar ayuda tener duda contacta yo til hole one of the most addictive black hole step into tiles hole relaxing and fun black hole move your black hole eat colorful til and watch your hole grow why love this black hole swipe to eat til hole and grow your black hole bigger and faster collect beautiful til and unlock stunning hole skins to personalize your style join weekly events for exclusive rewards hole gam customize your gameplay with unicar hole skins and enjoy one of the most satisfying hole experiences play offline anytime perfect for fans of black hole and tile games addictive satisfying and relaxing for everyone who loves hole fun how to play tiles drag your black hole to eat til and clear each stage avoid obstacl while your hole grows with every tile unlock hole skins and endless levels this ultimate black hole the ultimate black hole tiles hole combinser smooth controls colorful til and relaxing gameplay watch your black hole expand enjoy satisfaction and show off your favorite hole skins dive into one of the most relaxing hole adventures available if you have any questions or need assistance feel to contact,312
app.gotall.play,GoTall,Salud y bienestar,https://play.google.com/store/apps/details?id=app.gotall.play&hl=es&gl=es,"CÓMO USAR GOTALL:

Responde algunas preguntas rápidas sobre tu estilo de vida para que podamos adaptar tu estrategia de crecimiento.

Consulta una proyección de tu estatura potencial adulta.

¿Intentas superar tu límite de estatura? GoTall te ayuda a comprender y maximizar tu potencial de crecimiento con información y planificación personalizadas.

Nosotros te proporcionamos las herramientas con respaldo científico; tú pones el compromiso. Sigue el plan y te guiaremos en cada paso del camino.

También ofrecemos funciones premium con suscripciones o compras, como un plan personalizado diseñado para estimular la producción natural de HGH y un crecimiento óptimo, o actualizaciones mensuales que ajustan tu plan según tus hábitos y progreso, para que puedas mantenerte en el buen camino.

Aviso legal: GoTall no ofrece asesoramiento médico. Nuestras recomendaciones se basan en prácticas ampliamente conocidas relacionadas con el crecimiento en altura. Consulta siempre con un profesional de la salud para obtener orientación individualizada.

Algunas funciones, como el análisis completo y las herramientas avanzadas, requieren una suscripción o compra premium.",4.71875,7835.0,0.0,166,gotall responder pregunta rápido estilo vida adaptar estrategia crecimiento consultar proyección estatura potencial adulta superar límite estatura gotall ayudar comprender maximizar potencial crecimiento información planificación personalizado proporcionar herramienta respaldo científico poner compromiso plan guiarer paso camino ofrecer función premium suscripción compra plan personalizado diseñado estimular producción natural hgh crecimiento óptimo actualización mensual ajustar plan hábito progreso mantener tú camino aviso legal gotall ofrecer asesoramiento médico recomendación basar práctica conocido relacionado crecimiento altura consulta profesional salud obtener orientación individualizado función análisis completo herramienta avanzado requerir suscripción compra premium,87
app.jumpjumpvpn.jumpjumpvpn,JumpJumpVPN: Rápido y Seguro,Herramientas,https://play.google.com/store/apps/details?id=app.jumpjumpvpn.jumpjumpvpn&hl=es&gl=es,"JumpJumpVPN - Proxy VPN Rápido y Estable
 JumpJumpVPN te ayuda a disfrutar de una conexión a Internet fluida y confiable en cualquier lugar.
 Con un diseño limpio y una operación sencilla, solo toca “Conectar” para acceder a nuestra red global de servidores con un rendimiento rápido y estable.
¿Por qué elegir JumpJumpVPN?
 JumpJumpVPN ofrece una experiencia simple y fácil de usar, con una calidad de conexión constante y opciones flexibles de servidores.
Características principales:
 • Gratis para usar: Conéctate a servidores globales gratuitos sin límites de datos.
 • Red de alta velocidad: Enrutamiento optimizado para una conexión rápida y estable.
 • Rendimiento confiable: Mantén tu conexión fluida en todo momento.
 • Fácil de usar: Conexión con un solo toque, sin configuraciones complicadas.
Detalles de renovación automática:
 • El pago se cargará a tu cuenta de Google al confirmar la compra.
 • La suscripción se renovará automáticamente a menos que se cancele al menos 24 horas antes del final del período de facturación.
 • Puedes administrar o cancelar en cualquier momento desde la configuración de tu cuenta de Google Play.
 • Cualquier parte no utilizada de un período de prueba gratuito se perderá al realizar la compra.
Legal:
 • Términos de servicio: https://jumpjump.io/#/termsofservice/index
 • Política de privacidad: https://jumpjump.io/#/privacyterms/index
Contáctanos:
 support@jumpjump.io",4.59,709032.0,51.0,209,jumpjumpvpn proxy vpn rápido estable jumpjumpvpn ayudar disfrutar conexión internet fluido confiable lugar diseño limpio operación sencillo tocar conectar acceder red global servidor rendimiento rápido estable elegir jumpjumpvpn jumpjumpvpn ofrecer experiencia simple fácil calidad conexión constante opción flexible servidor características principal gratis conéctate servidor global gratuito límite dato red alto velocidad enrutamiento optimizado conexión rápido estable rendimiento confiable mantén conexión fluido momento fácil conexión toque configuración complicado detalles renovación automático pago cargar google confirmar compra suscripción renovar cancelar hora período facturación administrar cancelar momento configuración google play utilizado período prueba gratuito perder compra legal término servicio política privacidad contáctanos,99
app.loopad.loopad,Padmaster: Music & Beat Maker,Música y audio,https://play.google.com/store/apps/details?id=app.loopad.loopad&hl=es&gl=es,"🎹 Padmaster es un emocionante creador de música y ritmos, con varias funciones que pueden ayudarte a crear tu propia música y generar ritmos. ¡Estudio de pad de música personalizado con muchos paquetes de sonido para todos los gustos! Mezclador de música único: ¡graba tu sesión! <b>¡Crea increíbles ritmos</b> con el extraordinario creador de melodías!

¿Por qué deberías usar nuestro creador de ritmos y música? <b>¡Nuestros loops de música duran hasta 45 segundos</b>, creados por productores profesionales! Y esa es solo una de las características que nos diferencia de apps similares. Cumple tu sueño - ¡Conviértete en DJ!

Padmaster es una aplicación para todos los creadores de música. Es conveniente de usar. Crea ritmos increíbles con solo tocar un botón y cambia de música con facilidad. La música que hagas se visualizará para que la disfrutes. También puedes compartir tu creación para mostrar lo increíbles que son tus habilidades como DJ.

⏩<b>Características principales de Padmaster: Music & Beat Maker – Music Pad Studio:</b>⏪
⭐ <b>Bucles de música profesional</b>: nuestros bucles son de hasta 45 segundos, con música compleja creada por productores profesionales.
⭐ <b>Variedad de capas</b>: selecciona varios tipos de capas, como ritmo, bajo y otras, ¡y personaliza la pista como quieras!
⭐ <b>Pad de música personalizado</b>: personaliza tu pad de música con diferentes visualizadores de audio o con un lanzador de confeti, ¡y muchas otras opciones!
⭐ <b>Ritmos de música prediseñados</b>: ¡guarde varios botones prediseñados y reproduzca varios botones con un solo toque!
⭐ <b>Botones prefabricados</b>: esto te ayudará a cambiar instantáneamente a diferentes partes de la pista en un pad de música.
⭐ <b>Post audio FX</b>: agregue post audio FX como filtro, puerta, ruido, eco, flanger, phaser, vibrato, tremolo, roll a su pista. Algunos de estos FX tienen modos que cambian completamente los FX, como la potencia, la amplitud y la frecuencia del FX.
⭐ <b>Elija capas</b>: seleccione fácilmente la capa que desea que aplique el FX activando o desactivando el FX para la capa deseada.
⭐ <b>Mezclador de música</b>: mezcla varios sonidos para crear tu propia música y generar ritmos. Grabe su mezcla en vivo durante la sesión de pad y compártala con otras personas. ¡Crea surcos fácilmente!
⭐ <b>Biblioteca</b>: una extensa biblioteca con muchos paquetes de sonido de diferentes géneros. Aquí también puedes encontrar tus grabaciones.
⭐ <b>Compártelo</b>: ¡comparte la música y los ritmos que creaste con otras personas!

¡Hay muchos paquetes disponibles para ti, incluidos: EDM, Bigroom, Hip-hop, House, Deep House y muchos más!

Ritmos y secuencias de calidad que te permiten crear ritmos fácilmente, sin importar si eres un profesional o un aficionado.

➡️➡️➡️ Descargue nuestra aplicación de creación de ritmos y música: ¡haga su propia música y genere ritmos! Un creador de melodías y mezclador de música que te sorprenderá con sus funciones y lo fácil que es crear ritmos. Disfruta en el exclusivo estudio de música pad - ¡Conviértete en DJ!",4.347826,3866.0,15.0,479,padmaster emocionante creador música ritmo función crear música generar ritmo estudio pad música personalizado paquete sonido gusto mezclador música único grar sesión increíble extraordinario creador melodía creador ritmo música loop música durar creado productor profesional característica diferenciar app similar cumplir sueño conviértete dj padmaster aplicación creador música conveniente crear ritmo increíble tocar botón cambiar música facilidad música hagas visualizar disfrutar compartir creación mostrar increíble habilidad dj características principal padmaster music beat maker music pad bucles música bucle segundo música complejo creado productor profesional variedad seleccionar tipo capa ritmo personalizar pista querer pad música personalizar pad música visualizador audio lanzador confeti opción ritmos música guarde botón prediseñado reproduzca botón toque botones ayudar cambiar parte pista pad música post audio agregar post audio fx filtro puerta ruido eco flanger phaser vibrato tremolo roll pista fx modos cambiar fx potencia amplitud frecuencia fx elija seleccionar capa desear aplicar fx activar desactivar fx capa deseado mezclador mezclar sonido crear música generar ritmo grabe mezcla vivo sesión pad compártalar persona crear surco extenso biblioteca paquete sonido género encontrar grabación compartir música ritmo creastar persona paquete disponible incluido edm bigroom house deep house ritmo secuencia calidad permitir crear ritmo importar profesional aficionado descargue aplicación creación ritmo música hacer música genere ritmo creador melodía mezclador música sorprender función fácil crear ritmo disfrutar exclusivo estudio música pad conviértete dj,221
ata.squid.kaw,Kingdoms at War,Estrategia,https://play.google.com/store/apps/details?id=ata.squid.kaw&hl=es&gl=es,"¡Dirige el ejército más poderoso del reino! Enfréntate a millones de jugadores, conquista nuevas tierras, lucha con monstruos ancestrales y hazte con valiosos objetos.

¡El poder está al alcance de tu mano! Forma un clan, consigue aliados y saquea en Kingdoms at War, el nuevo juego de estrategia y fantasía. Forma equipos para derrotar a monstruos ancestrales en Combates épicos o lucha contra otros jugadores en las nuevas Pruebas de Estoc.

Dirige tu ejército y demuestra tu valor en el campo de batalla: ¡CONSIGUE TU REINO!

=CARACTERÍSTICAS=
★ ¡Frecuentes actualizaciones gratuitas!
★ ¡Une tus fuerzas para formar clanes poderosos y acabar con tus enemigos!
★ Explora, asesina y roba en los reinos rivales.
★ Construye tu reino con catapultas, atalayas y dragones.
★ Elige tu estandarte: conquistador, monarca o defensor.
★ Usa elixires mágicos y poderosos hechizos contra tus enemigos.
★ Visita al mago para encantar tus armas e incrementar su poder.
★ Dirige combates épicos contra monstruos ancestrales.
★ Enfréntate a otros jugadores en tiempo real.
¡Y mucho más!",4.125,34131.0,122.0,170,dirigir ejército poderoso reino enfréntatir millón jugador conquista tierra lucha monstruo ancestral haztir valioso objeto alcance mano formar clan aliado saquea kingdoms at war estrategia fantasía formar equipo derrotar monstruo ancestral combates épico lucha jugador pruebas estoc dirigir ejército demostrar valor campo batalla reino frecuente actualización gratuito une fuerza formar clan poderoso acabar enemigo explora asesina robar reino rival construye reino catapulta atalaya dragón elegir estandarte conquistador monarca defensor elixir mágico poderoso hechizo enemigo visita mago encantar arma incrementar dirigir combate épico monstruo ancestral enfréntatir jugador tiempo real,88
azurgames.idle.war,Kingdom Clash: Sim de batallas,Estrategia,https://play.google.com/store/apps/details?id=azurgames.idle.war&hl=es&gl=es,"¿Estás listo para unirte a las batallas épicas para luchar por la libertad de tu reino? ¡Embárcate en un viaje a un reino medieval sumido en crueles guerras entre reinos! ¡Juega al épico juego de estrategia de guerra Kingdom Clash y gana todas las batallas!

TÁCTICAS MAESTRAS DE BATALLA

En esta estrategia de simulador de batalla del ejército, debes desplegar tus unidades de soldados en el campo de batalla para luchar contra el ejército enemigo de guerreros medievales y criaturas no muertas. Necesitas fusionar, mejorar y colocar a tus guerreros en la arena. Mejora tu táctica de guerra, toma decisiones estratégicas acertadas basadas en la capacidad de tus legiones de batalla, las fuerzas militares de los enemigos y las condiciones del mapa. ¡El arte de la guerra es mucho más difícil de lo que piensas!

LUCHA CONTRA JEFES ÉPICOS

¡El antiguo mal ha despertado! ¡Solo tú puedes derrotar a las poderosas criaturas y liberar tus tierras! ¡Lleva a tu ejército a guaridas peligrosas y no dejes que tu ejército falle en el juego de simulador de guerra de batalla!

ACTUALIZAR A LOS GUERREROS VALIENTES

Reúne, fusiona y mejora a los héroes de guerra de tu legión para ganar todas las batallas medievales. ¡Lanceros, bombarderos, paladines, arqueros y docenas de otras tropas están listas para luchar por usted, comandante! ¡Desbloquea y sube de nivel a todos los guerreros para construir el ejército más fuerte del mundo de ""Kingdom Clash""!

CONVOCA HÉROES PODEROSOS

¡Reúne héroes legendarios en tu poderoso escuadrón para combatir a los enemigos más rápido! ¡Cada personaje tiene sus propias habilidades y destrezas únicas que pueden llevar a tu legión a la victoria!

ENFRENTARSE A VARIOS ENEMIGOS

¡Lucha contra oponentes peligrosos que van desde guerreros armados hasta criaturas no-muertas sedientas de sangre! ¡Perfecciona tu estrategia de batalla única para derrotar a cada uno de ellos! ¡Conviértete en el guardián invencible de tu reino!

CONQUISTA TIERRAS LEJANAS

Instala la estrategia del simulador de batalla de legiones y lucha contra ejércitos enemigos en campos de batalla en 3D. Desiertos secos, tierras heladas, bosques verdes y otros campos de batalla bien diseñados esperan que comiencen las batallas épicas. ¡Pronto habrá más ubicaciones!

ELIGE TUS TÁCTICAS DE BATALLA

¡Prepárate tanto para el asedio como para la defensa de la fortaleza! ¡Piensa y aplica diferentes tácticas de batalla dependiendo de las condiciones del campo de batalla medieval!

¡Definitivamente te encantará la estrategia de guerra del simulador de batalla táctico ""Kingdom Clash"" si eres fanático de los juegos de batalla y los mejores juegos de estrategia de simulador de guerra!

¿Estás listo para convertirte en un comandante estratégico del ejército de guerra del reino? ¡Defiende tus tierras y conviértete en un verdadero campeón del reino en este gran juego de estrategia de simulador de batalla antiguo! ¡Juega gratis a la estrategia de simulación de batalla Kingdom Clash ahora mismo!

======================
<strong>COMUNIDAD DE JUEGO:</strong>
======================
Facebook: https://www.facebook.com/KingdomClashAzurGames
Instagram: https://www.instagram.com/kingdom_clash_game
Discordia: https://discord.gg/9dK2yT2cFb",4.417047,393420.0,455.0,484,estar listo unirte batalla épica luchar libertad reino embárcate viaje reino medieval sumido cruel guerra reino jugar épico estrategia guerra kingdom clash ganar batalla tácticas maestras batalla estrategia simulador batalla ejército desplegar unidad soldado campo batalla luchar ejército enemigo guerrero medieval criatura muerto fusionar mejorar colocar guerrero arena mejora táctica guerra tomar decisión estratégico acertado basado capacidad legión batalla fuerza militar enemigo condición mapa arte guerra difícil pensar lucha jefes épicos antiguo despertar derrotar poderoso criatura liberar tierra ejército guarida peligroso dejar ejército fallir simulador guerra batalla actualizar valiente reúne fusionar mejora héroe guerra legión ganar batalla medieval lanceros bombardero paladín arquero docena tropa lista luchar comandante desbloquea subir nivel guerrero construir ejército fuerte mundo kingdom clash convoca poderoso reúnir héroe legendario poderoso escuadrón combatir enemigo rápido personaje habilidad destreza único legión victoria enfrentarse enemigos lucha oponente peligroso guerrero armado criatura sedienta sangre perfecciona estrategia batalla único derrotar conviértete guardián invencible reino conquista tierra instala estrategia simulador batalla legión lucha ejército enemigo campo batalla desiertos seco tierra helado bosque verde campo batalla diseñado esperar comiencir batalla épica ubicación elegir tácticas batalla prepáratir asedio defensa fortaleza piensa aplicar táctica batalla depender condición campo batalla medieval encantar estrategia guerra simulador batalla táctico kingdom clash fanático juego batalla mejor juego estrategia simulador guerra estar listo convertirte comandante estratégico ejército guerra reino defender tierra conviértetir campeón reino estrategia simulador batalla antiguo juega estrategia simulación batalla kingdom clash strong comunidad facebook instagram discordia,238
ball.sort.puzzle.color.sorting.bubble.games,Clasificación de Bolas,Puzles,https://play.google.com/store/apps/details?id=ball.sort.puzzle.color.sorting.bubble.games&hl=es&gl=es,"<b>Como el juego de clasificación de colores más relajante y adictivo, este rompecabezas de bolas está diseñado para entretener y agudizar tu mente al mismo tiempo.</b> Mientras clasificas las bolas de colores para llenar cada botella con el mismo color, la relajación es trae aliviará el estrés y lo distraerá de sus preocupaciones diarias.

Este clásico juego de clasificación de colores es bastante simple de jugar, pero difícil de dominar. Simplemente toque para tomar una bola de color de una botella y apilarla en otra botella, hasta que todas las bolas del mismo color estén en la misma botella. Sin embargo, hay miles de acertijos de diferente dificultad. Cuanto más desafiantes sean los rompecabezas que juegas, más cuidadoso debes ser con cada movimiento. ¡Cada movimiento no puede tomarse a la ligera, o puede quedarse atascado! Este juego Ball Sort es definitivamente el mejor juego de rompecabezas para que ejercites tu cerebro y entrenes tu pensamiento lógico.

<b>⭐ CARACTERÍSTICAS PRINCIPALES ⭐</b>
🆓 Juego de clasificación de colores absolutamente GRATIS
🤩 Control con un dedo, solo toque para ordenar la pelota
🥳 Miles de niveles para desafiar, dificultad variable y alegría infinita
⏳ SIN TEMPORIZADOR, disfruta de la Bola Clasificando acertijos a tu propio ritmo
▶️ SIN penalizaciones, puede reiniciar su nivel actual en cualquier momento
💡 Use ""Deshacer"" para volver a los pasos anteriores, o haga clic en ""Agregar"" para agregar una botella adicional
🧠 Entrena tu cerebro en juegos relajantes
🎮 Juego simple pero adictivo
📶 Juego SIN CONEXIÓN, sin necesidad de conexión a la red
☕ Juego familiar, apto para todas las edades.

<b>⭐ CÓMO JUGAR ⭐</b>
🟡 Toca cualquier botella para recoger la bola superior, luego toca otra botella para mover la bola hacia ella.
🟢 Solo puedes apilar la bola en una botella con la bola del mismo color encima y suficiente espacio.
🔴 Cuando las bolas del mismo color se clasifican en una sola botella, ¡tú ganas!
🟣 Cada botella solo se puede colocar con 4 bolas.
⚫ Use ""Deshacer"" para volver a los pasos anteriores.
🟤 Agrega una botella extra si te quedas atascado.
🔵 Puede reiniciar el nivel actual en cualquier momento.

Este desafiante pero relajante juego de Clasificación de Bolas nunca te aburrirá cuando juegues los rompecabezas de clasificación de colores. Comparta nuestro juego de entrenamiento mental con su familia y disfrute de un día completo de tiempo familiar entretenido y relajante en la clasificación de colores.

¿Estás listo para una experiencia de juego colorida con este juego de combinación de colores de bolas? ¡Descárgalo ahora y juega con tu familia y amigos! ¿Quién será el maestro de la Clasificación por Colores?

Política de privacidad: https://ballsort.gurugame.ai/policy.html
Términos de servicio: https://ballsort.gurugame.ai/termsofservice.html",4.8545036,796804.0,282.0,447,clasificación color relajante adictivo rompecabezas bola diseñado entretener agudizar mente clasificar bola color llenar botella color relajación traer aliviar estrés distraer preocupación diario clásico clasificación color simple difícil dominar tocar tomar bola color botella apilar él botella bola color botella acertijo dificultad desafiant rompecabeza jugar cuidadoso movimiento movimiento tomar él ligera quedar él atascado ball sort rompecabeza ejercites cerebro entrén pensamiento lógico características principales juego clasificación color control dedo toque ordenar pelota nivel desafiar dificultad variable alegría infinito temporizador disfrutar bola clasificando acertijo ritmo penalización reiniciar nivel actual momento use deshacer volver paso anterior haga clic agregar agregar botella adicional entrena cerebro juego relajante juego simple adictivo juego conexión necesidad conexión red juego familiar apto edad jugar toca botella recoger bola superior tocar botella mover bola apilar bola botella bola color suficiente espacio bola color clasificar botella gana botella colocar bola use deshacer volver paso anterior agregar botella extra quedar atascado reiniciar nivel actual momento desafiante relajante clasificación bolas aburrir jugar rompecabeza clasificación color compartar entrenamiento mental familia disfrute completo tiempo familiar entretenido relajante clasificación color estar listo experiencia colorido combinación color bola descárgalo jugar familia amigo maestro clasificación colores política privacidad término servicio,194
ball.sort.water.color.hoop.stack.puzzle,Juego de clasificación de bola,Puzles,https://play.google.com/store/apps/details?id=ball.sort.water.color.hoop.stack.puzzle&hl=es&gl=es,"Rompecabezas de colores de clasificación de bolas: un juego de clasificación de colores, es un juego divertido y relajante para matar el tiempo. Simplemente toque la bola y cambie las mismas bolas a tubos y haga que se clasifiquen correctamente. Es fácil de aprender con un sinfín de desafíos.

Cómo jugar:
Toque los tubos para hacer estallar la bola superior.
Mueva la bola a otro tubo con una bola del mismo color en la parte superior.
Haz que cada tubo sea de un solo color para completar el nivel.

Característica:
• Bolas de colores
• Increíble juego de clasificación.
• 5 temas de bolas gratis.
• Más de 1000 niveles
• Sin límite de tiempo
• No necesita WIFI
• Juega con familiares y amigos
• Tabla de clasificación mundial para rompecabezas de clasificación de bolas.

Descarga el rompecabezas de colores de clasificación de bolas y disfruta de tu viaje sin fin. :)",4.3675213,45168.0,163.0,153,rompecabezas color clasificación bola clasificación color divertido relajante matar tiempo toquir bola cambie bola tubo hacer clasifiquir fácil aprender sinfín desafío toquir tubo estallar bola superior mueva bola tubo bola color superior haz tubo color completar nivel característica bolas color increíble clasificación tema bola nivel límite tiempo necesitar jugar familiar amigo tabla clasificación mundial rompecabeza clasificación bola descargar rompecabezas color clasificación bola disfrutar viaje,64
beatmaker.edm.musicgames.pianofire2,Piano Fire 2: Slide Challenge,Música,https://play.google.com/store/apps/details?id=beatmaker.edm.musicgames.pianofire2&hl=es&gl=es,"¿Te encanta la música y quieres mostrar tu sentido del ritmo?
Entonces juega el ""Piano Fire 2"", ¡El nuevo juego ideal para los amantes de la música! ¡Aquí puedes disfrutar de los ritmos musicales que te encantan y al mismo tiempo desafiar tus reflejos!

<b>¿Cómo jugar? <b>
<b>Toca<b> los bloques de colores al ritmo y haz sonidos increíbles!
<b>Reproduce<b> tus canciones favoritas y domine las melodías!

<b>Características del juego<b>
Una variedad de géneros musicales: más de 300 canciones para elegir, ¡Aseguramos que haya una melodía para todos!
Un tesoro de recompensas: desbloquea <b>NUEVAS<b> canciones, diseños increíbles y conmemora tu desafío con logros especiales.
Una armonía sensorial: experimente un juego donde los sonidos y las imágenes se combinan perfectamente, brindando una experiencia de juego cautivadora.
Una emoción sin fin: ¡Niveles innovadores con desafíos continuos!

¡Únete al mundo de ""Piano Fire 2"" y lleva tu experiencia musical al siguiente nivel!
Ya seas un jugador que busca relajarse en tu tiempo libre o un aspirante maestro musical desafiante, ¡Este juego es la combinación <b>PERFECTA<b> para cualquiera que ame la música!</b></b></b></b></b></b></b></b></b></b></b></b>",4.49,78213.0,31.0,177,encantar música querer mostrar sentido ritmo jugar piano fire ideal amante música disfrutar ritmo musical encantar tiempo desafiar reflejo toca bloque color ritmo haz sonido increíble reproducir canción favorito domine melodía características variedad género musical canción elegir asegurar melodía tesoro recompensa desbloquea canción diseño increíble conmemorar desafío logro especial armonía sensorial experimente sonido imagen combinar brindar experiencia cautivadoro emoción nivel innovador desafío continuo únete mundo piano fire experiencia musical nivel buscar relajar él tiempo libre aspirante maestro musical desafiante combinación ame,81
beats.color.sing.star.rush,Magic Level 9: Juego de Música,Música,https://play.google.com/store/apps/details?id=beats.color.sing.star.rush&hl=es&gl=es,"Magic Level 9: Juego de Música
¡Desbloquea canciones, descubre secretos y siente el ritmo! 🎵

¡Entra en un mundo donde cada toque revela una sorpresa musical! 🎹 Piano Secret Tiles es una aventura rítmica llena de diversión y misterio. Toca al compás, desbloquea canciones ocultas y explora increíbles temas mientras recoges regalos por el camino.

🎵 Toca y Disfruta
¡Fácil de aprender y emocionante de dominar! Siente cómo fluye la música mientras superas desafiantes niveles de piano. ¡Toca las notas correctas y sigue el ritmo... si fallas, se acaba el juego!

🎶 Desbloquea Canciones Secretas
¡Cada melodía es un secreto por descubrir! Avanza y revela grandes éxitos, canciones virales y melodías exclusivas que solo encontrarás aquí.

🎁 Colecciona Regalos y Sorpresas
Monedas, temas raros y canciones premium te esperan. ¡Gana recompensas diarias y desbloquea nuevas sorpresas cada vez que juegues!

🌈 Personaliza tu Mundo
Descubre fondos de ensueño, colores brillantes y efectos únicos. ¡Haz que cada toque sea mágico!

🔥 Compite con tus Amigos
¿Eres el más rápido? ¡Demúestralo! Escala posiciones en el ranking y presume de tus habilidades al piano en tiempo real.

🎼 Características principales:
• Gran biblioteca musical: pop, piano y temas relajantes
• Múltiples modos de juego para todos los niveles
• Visuales preciosos y temas desbloqueables
• Recompensas y desafíos diarios
• Clasificaciones globales y entre amigos
• Nuevas canciones y sorpresas en cada actualización

Si te encanta la música o simplemente quieres tu nuevo juego favorito, Magic Level 9: Juego de Música te enganchará desde el primer toque.
🎶 ¡Descárgalo ahora y empieza a desbloquear la magia, una tecla a la vez!",4.548077,49556.0,33.0,268,magic level juego música desbloquea canción descubrir secreto sentir ritmo entrar mundo toque revelar sorpresa musical piano secret tiles aventura rítmico lleno diversión misterio tocar compás desbloquear canción oculto explorar increíble tema recoger regalo camino toca disfrutar fácil aprender emocionante dominar sentir fluir música superas desafiant nivel piano tocar nota correcto ritmo falla acabar desbloquea canciones secretas melodía secreto descubrir avanza revelar éxito canción viral melodía exclusivo encontrarás colecciona regalos sorpresas monedas tema raro canción premium esperar ganar recompensa diario desbloquear sorpresa jugar personaliza mundo descubre fondo ensueño color brillante efecto único haz toque mágico competir amigos rápido demúestralo escala posición ranking presumir habilidad piano tiempo real características principal biblioteca musical pop piano tema relajante múltiple modos nivel visual precioso tema desbloqueabl recompensa desafío diario clasificaciones global amigo canción sorpresa actualización encantar música querer favorito magic level juego música enganchar toque descárgalo empezar desbloquear magia tecla,146
bible.wordgame.words.connect.crossword.cookies,Sopa de letras de la Biblia,Palabras,https://play.google.com/store/apps/details?id=bible.wordgame.words.connect.crossword.cookies&hl=es&gl=es,"Juega este divertido divertido juego de palabras de la Biblia! ¡DESCARGA este sencillo juego de palabras bíblicas!                                                                                                                                                                                                                                                                                                                                                                                                Es un juego de conexión de palabras con el que aprenderás palabras de la Biblia, desbloquearás versículos de la Biblia, pasarás el cuestionario de la Biblia y resolverás rompecabezas de la Biblia con amigos y familiares. Sopa de letras de la Biblia comienza como un juego de palabras fácil, pero se complica a medida que juega más desafíos de rompecabezas de palabras y cuestionarios bíblicos. DESCARGA Sopa de letras de la Biblia, el fácil, pero ADICTIVO juego de conexión de palabras！

¿Cómo se juega? 
- Conecta las letras para construir una palabra válida
- Busca todas las palabras ocultas para conseguir toneladas de monedas extra
- Baraja o consigue una pista para encontrar varias palabras
- ¡Haz una captura de pantalla y juega con tu familia y amigos en Facebook!

¿Por qué Sopa de letras de la Biblia?
- Un juego de rompecabezas de palabras bíblicas
- Juega juegos de palabras OFFLINE en cualquier momento y lugar
- Juega juegos de palabras con amigos y familiares                                                                                       

Características                                                                                                                                                                                 
 - Recopila palabras y versos para desbloquear juegos de palabras y concursos bíblicos                                                                 
 - Recompensas y monedas diarias                                                                                                                                                   
 - Más de 900 niveles para juegos de palabras                                                                                                                                 
 - Desafiantes cuestionarios bíblicos y divertidas sopas de letras                                                                                                   
 - Los juegos de palabras bíblicos son perfectos para los niños y los cuestionarios bíblicos están diseñados para los adultos

Sopa de letras de la Biblia es un juego de conexión de palabras para niños y adultos. Cuantas más palabras se encuentren, más divertido será. ¡Empieza fácil pero luego se hace más difícil! 

Juega a Coleccionar Versos de la Biblia, resuelve rompecabezas de juegos de palabras, ¡comparte la experiencia del juego de palabras de la Biblia con tus amigos!

Juega juegos de conexión de palabras bíblicas y puzles de palabras ahora en Sopa de letras de la Biblia. La buena manera de estudiar la Biblia y aprender palabras bíblicas mientras juegas al juego de preguntas bíblicas. Sopa de letras de la Biblia incluye juegos educativos de la Biblia, juegos de búsqueda de palabras de la Biblia, y juegos de la Biblia para adultos

Disfruta juegos de palabras y resuelve puzles de palabras en Sopa de letras de la Biblia.

Sigue en contacto con Sopa de letras de la Biblia

Envíanos un email a: support@oakevergames.com

Sigue nuestra página: https://www.facebook.com/bibleVerseCollect

Visita nuestra página: https://oakevergames.com",4.60241,412275.0,750.0,402,jugar divertido divertido palabra biblia sencillo palabra bíblica conexión palabra aprenderás palabra biblia desbloquearás versículo biblia pasarás cuestionario biblia resolverás rompecabezas biblia amigo familiar sopa letra biblia comenzar palabra fácil complicar medida jugar desafío rompecabeza palabra cuestionario bíblico sopa letra biblia fácil adictivo conexión palabra jugar conectar letra construir palabra válido buscar palabra oculto tonelada moneda extra baraja pista encontrar palabra haz captura pantalla jugar familia amigo facebook sopa letra biblia rompecabeza palabra bíblica juega juegos palabra offline momento lugar juega juegos palabra amigo familiar características recopila palabra verso desbloquear juego palabra concurso bíblico recompensa moneda diario nivel juego palabra desafiant cuestionario bíblico divertido sopa letra juegos palabra bíblico perfecto niño cuestionario bíblico diseñado adulto sopa letra biblia conexión palabra niño adulto palabra encontrar divertido empezar fácil difícil jugar coleccionar versos biblia resolver rompecabeza juegos palabra compartir experiencia palabra biblia amigo juega juegos conexión palabra bíblica puzl palabra sopa letra biblia estudiar biblia aprender palabra bíblica jugar pregunta bíblica sopa letra biblia incluir juego educativo biblia juegos búsqueda palabra biblia juego biblia adulto disfruta juegos palabra resolver puzl palabra sopa letra biblia contacto sopa letra biblia envíanos email página visita página,191
biggiant.prisonescape,Puzle de escape de la prisión,Aventura,https://play.google.com/store/apps/details?id=biggiant.prisonescape&hl=es&gl=es,"JUEGO DE ESCAPE – ENCUENTRA PISTAS, OBJETOS Y RESUELVE LOS ROMPECABEZAS DE BIG ESCAPE 
¿Te gusta la emoción de los juegos de aventura y juegos de estrategia donde el objetivo es de escapar de prisión?
¿O tal vez te gusta desafiar tu mente con tentadores desafíos de escape puzzle?

Presentamos Prison Escape Puzzle, uno de los mejores juegos de prison break con más de 18 millones de jugadores en todo el mundo.  Con una mezcla de escapes de la prisión y aventura, en Prison Escape Puzzle tienes que encontrar una salida y escapa de la prisión usando tu mente y lógica.

¿Puedes escapar de la prisión aventura y completar todos los escape puzzle? Demuestra que eres un escape master resolviendo los 
desafíos del escape puzzle con el fin de escapar de prisión

ESCAPA DE LA PRISON 
De repente te encuentras acusado de ser un criminal y encerrado en una antigua prisión en la ciudad de Alcatraz. Rápidamente te das cuenta de que tienes que desempeñar el papel de fugitivo de la prisión y sobrevivir. Resuelve los rompecabezas y encuentra objetos que te ayudarán a salir de la prisión. Deleita tu mente jugando los siguientes niveles de escape de la prisión:
• Celda de prisión
• Celda de seguridad
• Ala Fácil
• Almacén
• Bloques de celdas
• Taller
• Nivel de seguridad
• Pisos superiores

ESCAPE ROOM PRISON DE ALCATRAZ
El escape de la prisión comienza con el aislamiento en Alcatraz, pero una vez que completa el escapes game y resuelves todos los niveles de escape de la prisión, te encontrarás en una verdadera port aventura de escape.
• Alcatraz Día 1-3
• Alcantarillas
• Puesto de avanzada
• Muelle

ESCAPE PUZZLE DE LA INSTALACIÓN NEW DAWN
Obtén la vacuna de la instalación New Dawn, considerada la única forma de proteger a las personas de los
 efectos devastadores del pandemic.
• En el bosque
• Instalación New Dawn
• Niveles superiores
• Laboratorio subterráneo
• Centro de investigación
• Laboratorio
• Ribera
• Zona residencial
• Apartamento 
• Estanque

ìESCAPE PUZZLE AVENTURA ALREDEDOR DEL MUNDO
Viaja a las cumbres del Himalaya como un verdadero  fugitivo de la prisión. Escapa de las remotas islas boscosas y descubre la salida de un antiguo templo Maya. Aquí hay una lista de todos los niveles de aventura del escape puzzle:
• Aeropuerto
• Perdido en el bosque
• En la cumbre del Himalaya
• Ruinas Mayas
• Trabajos del Ministerio del Interior

ESCAPE ROOM DE SUSPENSE Una
vez que hayas resuelto todos los niveles de escape de la prisión y puzzle de aventura, te retamos a que pruebes nuestro Escape Puzzle Thriller, no hay forma de volver a casa.
Estos emocionantes niveles de scape room de aventura incluyen:
• Escape del Hospital
• Cabaña de Madera
• Aldea Tribal
• Escape room puzzle de la Ciudad Fantasma.

UNA MISIÓN LÓGICA LLENA DE MISTERIO
Todas las scape room en este rompecabezas de escape de la prisión requieren que domines tu lógica y desbloquees la misión misteriosa. Busca, descubre, recolecta objetos y excava para salir del enigmático laberinto y completar con éxito tu salida de la prisión.

JUEGA SIN CONEXIÓN
¿Estás buscando divertidas aventuras de rompecabezas offline para jugar durante tus trayectos diarios o mientras viajas? Con nuestro juegos misterio de escape puzzle puedes jugar sin conexión. 

PRISON ESCAPE - CARACTERÍSTICAS DE LA MISTERIOSA SCAPE ROOM DE LA PRISIÓN: 
• clásico escape puzzle de escape de la prisión
• investiga, encuentra pistas, recolecta objetos para escapar de la prisión 
• gráficos HD nítidos 
• modo de juego simple 
• pistas 
• niveles adicionales de juego de escape de port aventura en el mundo 
• niveles adicionales de escape puzzle de suspense 
• disponible en varios idiomas 
• juega sin conexión al juego de escape de aventuras 

¡Es hora de ponerse a prueba en esta divertida aventura y emocionante juegos misterio de puzzle escape! Resolver los desafíos de las aventuras de prison escape es un excelente enigma lógico, desafío para la mente y entrenamiento mental.",4.3120804,274587.0,1259.0,669,juego escape pistas objetos resuelve rompecabezas big gustar emoción juego aventura juego estrategia objetivo escapar prisión gustar desafiar mente tentador desafío escape puzzle presentar prison escape puzzle mejor juego prison break millón jugador mundo mezcla escapes prisión aventura prison escape puzzle tener encontrar salida escapar prisión usar mente lógico escapar prisión aventura completar escape puzzle demostrar escape master resolver desafío escape puzzle escapar prisión escapa prison encontrar acusado criminal encerrado antiguo prisión ciudad alcatraz dar tener desempeñar papel fugitivo prisión sobrevivir resolver rompecabeza objeto ayudar salir prisión deleitar mente jugar siguiente nivel escape prisión celda prisión celda seguridad ala fácil almacén bloques celda taller nivel seguridad piso superior room prison alcatraz escape prisión comenzar aislamiento alcatraz completar escapes resuelves nivel escape prisión encontrarás port aventura escape alcatraz alcantarillas puesto avanzado muelle puzzle instalación new dawn obter vacuna instalación new dawn considerado único forma proteger persona efecto devastador pandemic bosque instalación new dawn nivel superior laboratorio subterráneo centro investigación laboratorio ribera zona residencial apartamento estanque ìescape puzzle aventura mundo viajar cumbre himalaya fugitivo prisión escapa remoto isla boscoso descubrir salida antiguo templo maya lista nivel aventura escape puzzle aeropuerto perdido bosque cumbre himalaya ruinas mayas trabajos ministerio interior room suspense resolver nivel escape prisión puzzle aventura retar pruebes escape puzzle thriller forma volver casa emocionante nivel scape room aventura incluir escape hospital cabaña madera aldea tribal escape room puzzle ciudad fantasma misión lógico lleno misterio scape room rompecabezas escape prisión requerir domines lógica desbloquees misión misterioso busca descubrir recolecta objeto excava salir enigmático laberinto completar éxito salida prisión juega conexión buscar divertido aventura rompecabeza offline trayecto diario viajar juegos misterio escape puzzle conexión prison escape misteriosa scape room prisión clásico escape puzzle escape prisión investigar pista recolecta objeto escapar prisión gráfico hd nítido simple pista nivel adicional escape port aventura mundo nivel adicional escape puzzle suspense disponible idioma jugar conexión escape aventura hora poner él prueba divertido aventura emocionante juegos misterio puzzle escape resolver desafío aventura prison escape excelente enigma lógico desafío mente entrenamiento mental,334
block.puzzle.sudoku.free.game.classic.offline,Bloque Sudoku Puzzle de madera,Puzles,https://play.google.com/store/apps/details?id=block.puzzle.sudoku.free.game.classic.offline&hl=es&gl=es,"<b>Juego Sudoku de Bloque de Madera</b> es un juego de Sudoku de Bloques. Combina el clásico rompecabezas de Bloque y Sudoku! Es sencillo de jugar y divertido para desafiarte a ti mismo. No solo podrás aplastar bloques en líneas, también bloques en celdas de 3x3. Por lo tanto, Sudoku de Bloque de Madera tiene múltiples formas de bloques para que los ubiques!


En Sudoku de Bloques de Madera, encontrarás:

<b>Experiencia de Juego Única!</b> El Juego Sudoku de Bloque de Madera es un juego clásico de bloques con un cojunto de nuevas reglas! Lo único que necesitas en este Sudoku de Bloque de Madera es despejar la mayor cantidad de baldosas en un tablero de celdas de 9x9. Puedes colocar los bloques de manera horizontal o vertical para despejar todos los bloques. En este Juego Sudoku de Bloques de Madera puedes despejar baldosas también en celdas de 3x3! Y puedes traer tu sabiduría al juego para organizar distintas líneas y celdas y conseguir el <b>MODO COMBO</b>!

<b>Un Reglamento Especial!</b> Tenemos un reglamento para el juego en Sudoku de Bloque de Madera especial para ti! Dado que los bloques no pueden rotarse, es muy común para los jugadores de rompecabezas encontrarse en situaciones donde los bloques no encajan en ningún lugar, y el juego termina. Ahora diseñamos especialmente una caja para ti para almacenar bloques que no tengan lugar en tu tablero. Déjalos en la caja y obtén nuevos bloques con nuevas formas! Retíralos cuando tengas espacio en el tablero para ellos! Esta caja especial hace facil y divertidos a los juegos de bloques! Obtén tu mejor resultado con ella!

<b>¡Sin tiempo límite!</b> Sudoku de Bloque de Madera provee puro ambiente de juego para sus participantes! No hay tiempo límite en el que los jugadores puedan salir a eliminar tantos bloques como sea posible y obtener el mayor puntaje!

<b>Modo de Puntaje Múltiple!</b> Los jugadores de Sudoku de Bloque de Madera pueden puntuar cuando eliminen bloques en forma vertical u horizontal, o por celdas de 33. Además, los jugadores pueden utilizar su sabiduría para organizar múltiples líneas y celdas para obtener el <b>PUNTAJE COMBO</b>! Y lo que es mejor, cuando los jugadores puntúen continuamente obtendrán la <b>CADENA DE PUNTAJE</b>!

Sudoku de Bloque de Madera es simple de jugar pero lleno de desafíos! Los jugadores pueden tomar ventaja con su pensamiento lógico para ubicar bloques de diferentes formas justo en el lugar adecuado. Requiere estrategia tomar decisiones. Un pequeño paso puede darle al jugador el trofeo de mayor puntaje o terminar el juego!

Sudoku de Bloque de Madera es clásico y desafiante! Puedes afilar tu mente y mejorar tu IQ con Sudoku de Bloque de Madera! Descarga Sudoku de Bloque de Madera y compártelo con tus amigos y familia. Desafíalos con tu puntaje para comprobar si son capacez de vencerte!

Sudoku de Bloque de Madera es apto para personas de todos los géneros y edades! Diviertete con Sudoku de Bloque de Madera! Puedes jugar Sudoku de Bloque de Madera mientras esperas por tu café, o mientras haces la fila. Sudoku de Bloque de Madera también es un juego fuera de línea! Puedes jugarlos en cualquier momento y lugar!

Jugar Sudoku de Bloque de Madera es adictivo! Desafíate a ti mismo para lograr mayores puntajes! Este Sudoku de Bloque de Madera es un consumidor de tiempo! No es facil romper tu propio record. Pero es adictivo hacer el esfuerzo! Ajusta tu estrategia y haz el esfuerzo!

Descarga Sudoku de Bloque de Madera. Obtén una eperiencia única de juego. Comparte el Sudoku de Bloque de Madera con tus amigos y familia! Diviertete y ejercita tu mente con este Sudoku de Bloque de Madera!",4.4456353,250862.0,1467.0,608,juego sudoku bloque sudoku bloques combinar clásico rompecabezas bloque sudoku sencillo divertido desafiarte aplastar bloque línea bloque celda sudoku bloque madera múltiple forma bloque ubicar sudoku bloques madera encontrarás experiencia juego juego sudoku bloque madera clásico bloque cojunto regla único necesitar sudoku bloque madera despejar cantidad baldosa tablero celda colocar bloque horizontal vertical despejar bloque juego sudoku bloques madera despejar baldosa celda traer sabiduría organizar línea celda reglamento reglamento sudoku bloque madera especial bloque rotar él común jugador rompecabeza encontrar él situación bloque encajar lugar terminar diseñar caja almacenar bloque tener lugar tablero deja él caja obtén bloque forma retira él tengas espacio tablero caja especial facil divertido juego bloque obtén resultado tiempo sudoku bloque madera proveer puro ambiente participante tiempo límite jugador salir eliminar bloque obtener puntaje puntaje jugador sudoku bloque madera puntuar eliminir bloque forma vertical horizontal celda jugador utilizar sabiduría organizar múltiple línea celda obtener puntaje jugador puntuar obtener cadena sudoku bloque madera simple lleno desafío jugador tomar ventaja pensamiento lógico ubicar bloque forma lugar adecuado requerir estrategia tomar decisión pequeño paso dar él trofeo puntaje terminar sudoku bloque madera clásico desafiante afilar mente mejorar iq sudoku bloque madera descarga sudoku bloque madera compártelir amigo familia desafíalos puntaje comprobar capacez vencerte sudoku bloque madera apto persona género edad diviertete sudoku bloque madera sudoku bloque madera esperar café fila sudoku bloque madera línea jugar él momento lugar jugar sudoku bloque madera adictivo desafíate lograr mayor puntaj sudoku bloque madera consumidor tiempo facil romper record adictivo esfuerzo ajustar estrategia haz esfuerzo descarga sudoku bloque madera obtén eperiencia único comparte sudoku bloque madera amigo familia diviertete ejercita mente sudoku bloque madera,271
blockpuzzle.wood.sudoku.puzzlegames,Wood Block 99 - Sudoku Puzzle,Puzles,https://play.google.com/store/apps/details?id=blockpuzzle.wood.sudoku.puzzlegames&hl=es&gl=es,"<b> Wood Block 99 </b>, un juego de rompecabezas estilo madera con una nueva jugabilidad, que <b> ¡combina Sudoku y Puzzle! </b> 🤩
Es más tranquilo y adictivo. <b> Un espacio más para los bloques de repuesto </b>, puedes usar tu ingenio para crear más combos. Relájese en cualquier lugar mientras mejora sus habilidades geométricas espaciales.

💗 ¡Conviértete en un fan de Wood Block 99, alivia tu estrés y aumenta tu capacidad intelectual! 💗

💕 <b> Más personas lo están disfrutando </b>
-El estilo de madera te acerca a la naturaleza.
-Una cuadrícula para colocar un bloque temporalmente no deseado.
-Juega sin conexión sin WIFI.
-Sudoku de madera 100% gratis.
-Ligero de instalar.
-Juego relajante sin límites de tiempo.

🌈 <b> Fácil y divertido de jugar </b>
-Arrastra y mueve bloques de madera para llenar la cuadrícula del tablero de 9x9.
-Limpie los bloques haciendo líneas horizontales, verticales completas o filas cuadradas de 3x3.
-Quitar varias líneas a la vez obtendrá una puntuación más alta.
-La ronda terminará si no hay espacio para bloques extra.

🤔 <b> ¿Cómo ser un maestro? </b>
-¡Usa tus estrategias para eliminar bloques continuamente para obtener <b> PUNTOS COMBO </b>!
-Uso inteligente de la rejilla sobrante.
-Trata de no dejar ningún espacio en blanco.

<b> Juega Wood Block 99 tan gratis como quieras. ¡Esperamos que puedas pasar un buen rato con él! </b>",4.41,72925.0,178.0,228,wood block rompecabeza estilo madera jugabilidad combinar sudoku puzzle tranquilo adictivo espacio bloque repuesto ingenio crear combo relájese lugar mejorar habilidad geométrico espacial conviértete fan wood block alivia estrés aumentar capacidad intelectual persona disfrutar estilo madera acerca naturaleza cuadrícula colocar bloque deseado conexión wifi madera instalar relajante límite tiempo fácil divertido mover bloque madera llenar cuadrícula tablero bloque línea horizontal vertical completo fila cuadrado línea obtener puntuación alto ronda terminar espacio bloque extra maestro estrategia eliminar bloque obtener puntos combo inteligente rejilla dejar espacio blanco juega wood block querer esperar pasar rato,92
bubbleshooter.orig,Bubble Shooter,Puzles,https://play.google.com/store/apps/details?id=bubbleshooter.orig&hl=es&gl=es,"Juega al clásico y más adictivo juego bubble pop GRATIS.  Combina 3 colores y despeja niveles.  No te pierdas este divertido juego!  En esta buena versión antigua necesitas apuntar y disparar para hacer caer y reventar todas las burbujas.  Agiliza tu mente con este original puzzle a medida que aplastas bolas online u offline – en cualquier momento!  Bubble Shooter ™ es la mejor aplicación gratis disponible en Google Play.

<b>Descarga AHORA el Mejor Juego de Explosión de Bubble y Comienza a Reventar Burbujas!</b>
¿Listo para comenzar la acción?
Apunta, combina y revienta todas las bolas en esta relajante aventura de combinar colores.  Este shooter increíble es simple y fácil de aprender, perfecto para que lo disfruten tanto niños como adultos!
¡Pon a prueba tus habilidades estrategas!  Compite contra amigos y familia para ver quién consigue el puntaje más alto y 3 estrellas en cada nivel.  Gana monedas mientras juegas y 
utilízalas para conseguir potenciadores espectaculares.  Utiliza tus habilidades de lógica y de resolución de puzzle para completar las divertidas misiones y así despejar la pantalla (asegúrate de recoger los bonus diarios especiales!).

<b>Juega el Modo Clásico – Muy Simple, Muy Divertido.</b>
Combina 3 bolas para reventarlas y despejar la pantalla.  Completa las misiones y gana fabulosos premios.  Toca la pantalla para arrastrar la puntería del laser y suelta para realizar el disparo.  Es importante tener una estrategia según las diferentes disposiciones de las burbujas en cada nivel.  Dispara y explota todas las bolas de colores en este divertido juego gratis.  Apunta con cuidado y dale al blanco!  Atraviesa los diferentes desafíos y puzzles, resuelve rompecabezas y ganas niveles.

<b>Prueba el Modo Puzzle y Descubre lo Último en Diversión de Bubble Popping!</b>
Este shooter es una emocionante aplicación gratis para explotar burbujas con miles de puzzles desafiantes que dominar.  Dispara a las bolas de colores para avanzar al próximo apasionante nivel de puzzle.  Agiliza tu mente y prueba tus habilidades para combinar mientras juegas a este adictivo juego gratis.
Apresúrate y únete a la manía de explosión de burbujas, pero ten cuidado – una vez que empiezas a explotar burbujas, simplemente no podrás parar!


<b>Juego retro, nuevas características</b>
Tomamos al clásico juego de árcade y agregamos algunas características nuevas que definitivamente te encantarán.

CARACTERÍSTICAS PARA LA DIVERSIÓN: 
★ Más de 6,500 emocionantes niveles y otros más que se van agregando todo el tiempo.
★ Nuevos elementos y grandes premios.
★ Flamantes efectos y sonidos.
★ Recoge impresionantes premios diarios.
★ Conéctate a Facebook y comparte la diversión con tus amigos!
★ Mantente al tanto: ahora tienes la opción de enviar un mensaje directo para ayuda.
★ Marcador, logros desafiantes.
★Despeja obstáculos y derrota a los desafíos.
★ Modo daltónico – para que todos puedan disfrutar gratis de los divertidos juegos de combinar.
★ Explotar 7 burbujas en una fila para desbloquear la fireball.
★ Haz caer más de 10 burbujas de una sola vez para conseguir una bomba,
★ Juega en cualquier momento, en cualquier lugar.  No se necesita conexión WiFi!

<b>Prepárate, apunta y dispara las bolas!!</b>

Descarga y juega a este divertido juego de árcade gratis. Es la aplicación perfecta para jugar sin WiFi!

Bubble Shooter ™ es completamente gratis para jugar, pero algunos ítems opcionales dentro del juego requerirán el pago.  Puedes desactivar la opción de pago deshabilitando las compras in-app (dentro de la aplicación) en la configuración de tu dispositivo.

Ten en cuenta que los anuncios de Bubble Shooter no muestran la jugabilidad real del juego.

Síguenos para las novedades, actualizaciones y sorpresas divertidas!
Visita nuestra página de Facebook: https://www.facebook.com/BubbleShooterOriginal/",4.5054946,2331179.0,2004.0,593,jugar clásico adictivo bubble pop gratis combina color despeja nivel pierdar divertido versión antiguo necesitar apuntar disparar caer reventar burbuja agilizar mente original puzzle medida aplasta bola online offline momento bubble shooter aplicación disponible google play descarga juego explosión bubble comenzar reventar listo comenzar acción apuntar combinar reventar bola relajante aventura combinar color shooter increíble simple fácil aprender perfecto disfrutar niño adulto pon prueba habilidad estratega compite amigo familia puntaje alto estrella nivel ganar moneda jugar utilízalar potenciador espectacular utilizar habilidad lógica resolución puzzle completar divertido misión despejar pantalla asegúratar recoger bonu diario especial jugar clásico simple combina bola reventarla despejar pantalla completar misión ganar fabuloso premio tocar pantalla arrastrar puntería laser suelta disparo importante estrategia disposición burbuja nivel dispara explotar bola color divertido apuntar cuidado da él blanco atravesar desafío puzzle resolver rompecabeza gana nivel probar puzzle descubrir diversión bubble shooter emocionante aplicación explotar burbuja puzzle desafiant dominar disparar bola color avanzar apasionante nivel puzzle agilizar mente probar habilidad combinar jugar adictivo apresúrate únetir manía explosión burbuja ten cuidado empiezas explotar burbuja parar juego retro tomar clásico árcade agregar característica encantar características diversión emocionante nivel agregar tiempo elemento premio flamantes efecto sonido recoger impresionante premio diario conéctate facebook compartir diversión amigo mantente tener opción enviar mensaje directo ayuda marcador logro desafiant despejo obstáculo derrota desafío daltónico disfrutar divertido juego combinar explotar burbuja fila desbloquear fireball haz caer burbuja bomba jugar momento lugar necesitar conexión prepárate apuntar disparar descarga jugar divertido árcade aplicación perfecto wifi bubble shooter ítem opcional requerir pago desactivar opción pago deshabilitar compra aplicación configuración dispositivo ten anuncio bubble shooter mostrar jugabilidad real sígueno novedad actualización sorpresa divertido visita página facebook,274
ca.dominospizza,Domino's Canada,Comer y beber,https://play.google.com/store/apps/details?id=ca.dominospizza&hl=es&gl=es,"Descarga la app de Domino's Canadá hoy mismo y personaliza tu pedido como quieras. Rastrea tu pedido y regístrate en Domino's Rewards para ganar puntos y obtener pizza GRATIS. Toca. Pide. Disfruta.

Características de Domino's:

COME LO QUE TE ENCANTA
- Consigue tus pizzas, ingredientes y acompañamientos favoritos
- Personaliza tu pizza con el creador de Domino's

DOMINO'S EN CUALQUIER LUGAR
- Pide de forma segura tus delicias favoritas con la entrega y recogida sin contacto de Domino's
- Guarda tus favoritos y paga más rápido con tus pedidos fáciles
- Rastrea tu pedido en cualquier momento y lugar con Domino's Tracker

DOMINO'S REWARDS
- Obtén cupones y ofertas exclusivas
- Gana puntos y obtén pizza GRATIS

Requisitos:
Android 4.4 o superior.

Si tienes preguntas o comentarios sobre esta app, nos encantaría leerlos. Envía un correo electrónico a customersfirst@dominos.ca

¿Prefieres la versión de escritorio? Visita http://www.dominos.ca",,,,146,descargar canadá personalizar pedido querer rastrea pedido regístrate rewards ganar punto obtener pizza gratis disfrutar características pizza ingrediente acompañamiento favorito personaliza pizza creador lugar pedir forma seguro delicia favorito entrega recogido contacto guarda favorito pagar rápido pedido fácil rastrea pedido momento lugar tracker rewards obter cupón oferta exclusivo ganar punto obtén pizza gratis requisito android superior tener pregunta comentario encantar leer él enviar correo electrónico prefieres versión escritorio,68
ch.hbenecke.sunday,"Sunclock: Sol, Luna y Luz",Herramientas,https://play.google.com/store/apps/details?id=ch.hbenecke.sunday&hl=es&gl=es,"Sunclock es un reloj astronómico que muestra no solo la hora civil, sino también las horas de salida y puesta del sol, y las distintas fases del crepúsculo. De este modo, ofrece una visión precisa del transcurso natural del día.

Sin embargo, la aplicación ofrece mucho más que la simple visualización de la hora actual: también permite medir el tiempo en diversos sistemas históricos y culturales utilizados en civilizaciones como el Imperio bizantino, el Imperio romano, el judaísmo y el islam. Esto permite comprender los diferentes métodos de medición del tiempo utilizados por diferentes culturas, desde las Horas Temporales hasta la Liturgia de las Horas, pasando por el Zmanim y el Salat.

Sunclock es una herramienta útil para fotógrafos. Basándose en la ubicación y la fecha, calcula las condiciones óptimas de iluminación, como las horas doradas y azules, y el crepúsculo. Esto permite a los fotógrafos aprovechar las mejores condiciones de iluminación para sus fotos.

La aplicación también proporciona horas precisas de salida y puesta de la luna, así como de las fases lunares. Además, permite simular eventos celestes, lo que permite una observación precisa del cielo nocturno.

Sunclock es totalmente personalizable y se puede diseñar según tus preferencias. Puedes elegir entre varios diseños de reloj, incluyendo analógicos, digitales o zodiacales. También puedes personalizar los colores y la disposición. La app ofrece una percepción del tiempo única y flexible y se puede usar de diferentes maneras: como widget interactivo, como fondo de pantalla animado o como aplicación independiente.

Sunclock es la solución ideal para cualquier persona interesada en el tiempo, la cultura y la astronomía. El dispositivo cuenta con detección de ubicación automática o manual y es compatible con varias plataformas. Ya seas fotógrafo, aficionado a la historia, buscador espiritual o simplemente te fascine la inmensidad del cosmos, Sunclock te ayuda a experimentar el tiempo de una forma completamente nueva.",4.57,12682.0,57.0,310,sunclock reloj astronómico mostrar hora civil hora salida puesto sol distinto fase crepúsculo ofrecer visión preciso transcurso natural aplicación ofrecer simple visualización hora actual permitir medir tiempo sistema histórico cultural utilizado civilización imperio bizantino imperio romano judaísmo islam permitir comprender método medición tiempo utilizado cultura hora temporal liturgia hora pasar zmanim salat sunclock herramienta útil fotógrafo basar él ubicación fecha calcular condición óptimo iluminación hora dorado azul crepúsculo permitir fotógrafo aprovechar mejor condición iluminación foto aplicación proporcionar hora preciso salida puesto luna fase lunar permitir simular evento celeste permitir observación preciso cielo nocturno sunclock personalizable diseñar preferencia elegir diseño reloj incluir analógico digital zodiacal personalizar color disposición ofrecer percepción tiempo único flexible manera widget interactivo fondo pantalla animado aplicación independiente sunclock solución ideal persona interesado tiempo cultura astronomía dispositivo detección ubicación automático manual compatible plataforma fotógrafo aficionado historia buscador espiritual fascine inmensidad cosmo sunclock ayudar experimentar tiempo forma,148
ch.protonvpn.android,Proton VPN: Rápida y segura,Herramientas,https://play.google.com/store/apps/details?id=ch.protonvpn.android&hl=es&gl=es,"<b> Proton VPN: Privacidad y Seguridad Ilimitada </b>

Proton VPN es la única aplicación VPN gratuita del mundo diseñada para ofrecer una seguridad excepcional y respetar tu privacidad por encima de todo. Nuestra VPN rápida garantiza un acceso a Internet privado, cifrado e ilimitado mediante funciones de protección avanzadas. Diseñada por los científicos del CERN, Proton VPN desbloquea el acceso a sitios web y plataformas de streaming globales con total libertad.

<b> Seguridad sin concesiones 🛡 </b>
Utilizada por millones de personas, nuestra VPN ofrece un refugio para tu privacidad online las 24 horas. A diferencia de otros servicios, no registramos tu historial de navegación, no mostramos anuncios molestos y nunca vendemos tus datos a terceros. Tu conexión permanece privada gracias a nuestro cifrado de disco completo.

<b> Funciones Gratuitas para Todos 🌐 </b>
● Acceso Ilimitado: Disfruta de una navegación sin restricciones de ancho de banda ni límites de velocidad.
● Privacidad Total: Nuestra política de no guardar registros asegura que tu actividad sea solo tuya.
● Supera la Censura: El protocolo inteligente supera bloqueos y permite el acceso a contenido restringido.
● Protección DNS: Ciframos tus consultas para evitar filtraciones y mantener tu seguridad intacta.

<b> Experiencia Prémium y Velocidad ⚡ </b>
● Red Global: Más de 20,000 servidores de alta velocidad en 140 países.
● Acelerador VPN: Tecnología que incrementa la velocidad de tu conexión hasta un 400%.
● Streaming Global: Accede a contenido de Netflix, Disney+ y más con una conexión ultra rápida.
● NetShield: Bloqueador de anuncios y protección contra malware integrado. 

<b> ¿Por qué elegir Proton VPN? 🚀 </b>
Nuestra arquitectura de código abierto garantiza que cualquier usuario pueda verificar nuestra seguridad. Con protocolos como WireGuard y cifrado AES-256, ofrecemos una protección superior a la de cualquier proxy estándar. Ya sea en Wi-Fi público o en casa, tu privacidad es nuestra prioridad absoluta.

Únete a la revolución de la privacidad y recupera el control de tu navegación hoy mismo.

Contáctanos en: https://protonvpn.com/support/contact",4.697968,919300.0,1725.0,328,proton vpn privacidad seguridad ilimitada proton vpn único aplicación vpn gratuito mundo diseñado ofrecer seguridad excepcional respetar privacidad vpn rápido garantizar acceso internet privado cifrado ilimitado función protección avanzado diseñado científico cern proton vpn desbloquear acceso sitio web plataforma streaming global libertad seguridad concesión utilizado millón persona vpn ofrecer refugio privacidad online hora diferencia servicio registrar historial navegación mostrar anuncio molesto vender dato tercero conexión permanecer privado gracias cifrado disco completo función gratuitas acceso ilimitado disfrutar navegación restricción ancho banda límite velocidad privacidad política guardar registro asegurar actividad superar censura protocolo inteligente superar bloqueo permitir acceso contenido restringido protección dns cifrar consulta evitar filtración mantener seguridad intacto experiencia prémium velocidad red global servidor alto velocidad país acelerador vpn tecnología incrementar velocidad conexión streaming global acceder contenido netflix conexión ultro rápido netshield bloqueador anuncio protección malware integrado elegir proton vpn arquitectura código abierto garantizar usuario verificar seguridad protocolo wireguard cifrado ofrecer protección superior proxy estándar público casa privacidad prioridad absoluto únete revolución privacidad recuperar control navegación contáctano,166
chessfriends.online.chess,Ajedrez Online (en línea),Juegos de mesa,https://play.google.com/store/apps/details?id=chessfriends.online.chess&hl=es&gl=es,"Juegue al ajedrez online con más de 1.600.000 jugadores registrados de todo el mundo o contra el fuerte ordenador gratis.
La aplicación ChessFriends.com es la mejor herramienta para todo el mundo, incluyendo aficionados, jugadores profesionales o niños.

Características:
•	Gran comunidad internacional, ajedrez multijugador – Más de 1.600.000 jugadores registrados en http://www.chessfriends.com
•	Prevenir Errores – No cometer nunca un error o un fallo pinchando de nuevo
•	Varias opciones de control de tiempo: Juego de ajedrez clásico, bombardeo o bala
•	Juegos clasificados – Siga su clasificación y rendimiento
•	Juegue al ajedrez gratis con amigos
•	Fuerte ordenador para jugar offline, 20 niveles de dificultad
•	Clasificaciones y estadísticas detalladas con tablas
•	Cuenta de jugador – Perfiles de usuario con clasificación real       
•	Acceda a su cuenta desde varias plataformas, incluyendo navegadores web y dispositivos móviles
•	Múltiples lenguas soportadas - Jugar al ajedrez en linea en español.",4.5054946,179263.0,936.0,151,juegue ajedrez online jugador registrado mundo fuerte ordenador aplicación herramienta mundo incluir aficionado jugador profesional niño características comunidad internacional ajedrez multijugador jugador registrado prevenir error cometer error fallo pinchar opción control tiempo juego ajedrez clásico bombardeo bala juegos clasificado sigar clasificación rendimiento juegue ajedrez amigo fuerte ordenador offline nivel dificultad clasificaciones estadística detallado tabla perfiles usuario clasificación real acceder plataforma incluir navegador web dispositivo móvil múltiple lengua soportada jugar ajedrez linea español,72
co.thefab.tm,Clarify: ADHD Organizer & help,Salud y bienestar,https://play.google.com/store/apps/details?id=co.thefab.tm&hl=es&gl=es,"¿Tiene dificultades para mantenerse al tanto de las tareas y citas? ¿Es difícil cumplir los plazos, incluso cuando sabes que son importantes? ¿La falta de organización te hace sentir abrumado e insatisfecho?
Conquiste el caos y adopte una vida más centrada y organizada con Clarify, la mejor aplicación de gestión del tiempo diseñada para personas con TDAH, aquellos que sospechan que tienen TDAH o cualquier persona que quiera mejorar sus habilidades de funcionamiento ejecutivo.

En un mundo lleno de distracciones, donde el tiempo se escapa como arena entre los dedos, estás a punto de embarcarte en la búsqueda de tu vida. Te propones conquistar lo que muchos consideran imposible: dominar los ámbitos de la concentración y la gestión del tiempo.

¿Encuentra que tiene problemas con:
- ¿Enfocar?
- ¿Dilación?
- ¿Iniciando tareas?
- ¿Seguir adelante?
- ¿Relaciones?
- ¿Organización?
- ¿Control de los impulsos?

Los adultos con TDAH enfrentan desafíos con estos y más todos los días.
Sin embargo, tienes dentro de ti una fuente de energía secreta: una fuerza que proviene de tus habilidades únicas. En Clarify, transformarás tu vida, no trabajando contra el TDAH, sino a través de su mismo poder.

TU MANTENIMIENTO DEL ENFOQUE
A través del establecimiento de objetivos personalizados, estrategias personalizadas y orientación experta, le permitimos hacerse cargo de su tiempo y sus rutinas para crear días más productivos.
Esto es lo que puede esperar:
🎯 Encuentre el enfoque: trabaje con su mente única para desarrollar estrategias para una mayor productividad
💫 Sintonízate: aprende a identificar y reducir las distracciones
⌛ Supere la procrastinación: explore formas de ludificar su lista de tareas pendientes para completar tareas sin esfuerzo
🛠️ Habilidades y rutinas: esculpe tu rutina diaria para sostener el crecimiento a largo plazo
🌍 Panorama general: Libera tu verdadero yo, abraza tu individualidad y déjate florecer

LA VIDA CON TDAH ES FÁCIL
Clarify es su entrenador personal para el TDAH y lo guía a través de un viaje transformador de autodescubrimiento para encontrar una mayor productividad y concentración. A diferencia de otros planificadores para el TDAH, le ayuda a crear una base sostenible para el éxito con sólo dos rutinas sencillas:
🌀 Centrarse: comience el día con una breve actividad de centrado. Benefíciese de una variedad de técnicas, como reflexión, planificación, visualización guiada, meditación y ejercicios de respiración. Establezca un tono positivo para el día siguiente.
🚀 Trabajo profundo: adéntrate en una experiencia inmersiva adaptada a tus tareas. Los cronómetros lo mantienen comprometido, los recordatorios periódicos reenfocan su atención y el rastreador de finalización de tareas lo motiva a mantener el rumbo. Dile adiós a la procrastinación y desbloquea tu productividad.

DISEÑA TU DÍA PARA EL ÉXITO
✓ HERRAMIENTAS POTENTES: aumente su productividad y mejore sus habilidades de administración del tiempo con listas de tareas pendientes personalizables, modo de enfoque inmersivo y rastreadores de progreso. Clarify lo equipa para mantenerse al tanto de su apretada agenda.
✓ ORIENTACIÓN EXPERTA: acceda a técnicas basadas en evidencia específicamente seleccionadas para personas con TDAH. Nuestro equipo, que incluye psicólogos y entrenadores, se dedica a brindarle las estrategias más efectivas para manejar los desafíos relacionados con el TDAH y maximizar su potencial.
✓ ENFOQUE PERSONALIZADO: Entendemos que la experiencia del TDAH de cada persona es única. Clarify adapta sus funciones y recomendaciones a sus preferencias. Al adaptarse a tus necesidades, nuestra aplicación garantiza una experiencia personalizada.
✓ COMUNIDAD DE APOYO: Únase a una comunidad vibrante de personas que comparten sus luchas y triunfos. Participe en debates, comparta consejos e historias de éxito y encuentre inspiración en los viajes de otros. Juntos, creamos un espacio donde prosperan el crecimiento y el progreso.

QUIENES SOMOS
Clarify es presentado por los creadores de Fabulous, una aplicación galardonada que aparece en Lifehacker, New York Times, Self, Forbes, GirlBoss y más. A través de nuestras aplicaciones, hemos empoderado a millones de personas en todo el mundo para que mejoren sus vidas.
Atrévete a desatar tu superpoder. Libera todo tu potencial.
-------
Lea nuestros términos y condiciones completos y nuestra política de privacidad: https://www.thefabulous.co/terms.html",3.264706,8423.0,13.0,669,dificultad mantener él tarea cita difícil cumplir plazo importante falta organización sentir abrumado insatisfecho conquiste caos adopte vida centrado organizado clarify aplicación gestión tiempo diseñado persona tdah sospechar tdah persona querer mejorar habilidad funcionamiento ejecutivo mundo lleno distracción tiempo escapar arena dedo estar punto embarcarte búsqueda vida propones conquistar considerar imposible dominar ámbito concentración gestión tiempo problema enfocar dilación iniciar tarea seguir relaciones organización control impulso adulto tdah enfrentar desafío tener fuente energía secreto fuerza provenir habilidad único clarify transformarás vida trabajar tdah mantenimiento enfoque establecimiento objetivo personalizado estrategia personalizado orientación experto permitir hacer él cargo tiempo rutina crear productivo esperar encuentre enfoque trabajar mente único desarrollar estrategia productividad sintonízate aprender identificar reducir distracción superar procrastinación explorar forma ludificar lista tarea pendiente completar tarea esfuerzo habilidades rutina esculpe rutina diario sostener crecimiento plazo panorama general libera abrazar individualidad déjate florecer vida tdah fácil clarify entrenador personal tdah guiar viaje transformador autodescubrimiento encontrar productividad concentración diferencia planificador tdah ayudar crear base sostenible éxito rutina sencillo centrar él comenzar actividad centrado benefíciese variedad técnica reflexión planificación visualización guiado meditación ejercicio respiración establecer tono positivo trabajo profundo adéntrate experiencia inmersivo adaptado tarea cronómetro mantener comprometido recordatorio periódico reenfocar atención rastreador finalización tarea motivar mantener rumbo dile adiós procrastinación desbloquea productividad diseña éxito herramienta potentes aumentar productividad mejore habilidad administración tiempo lista tarea pendiente personalizabl enfoque inmersivo rastreador progreso clarify equipir mantener él apretado agenda orientación experto acceder técnica basado evidencia seleccionado persona tdah equipo incluir psicólogo entrenador dedicar brindar él estrategia efectivo manejar desafío relacionado tdah maximizar potencial enfoque personalizado entender experiencia tdah persona único clarify adaptar función recomendación preferencia adaptar él necesidad aplicación garantizar experiencia personalizado comunidad apoyo únase comunidad vibrante persona compartir lucha triunfo participe debate compartar consejo historia éxito encuentre inspiración viaje junto crear espacio prosperar crecimiento progreso clarify presentar creador fabulous aplicación galardonado aparecer lifehacker new york times self forbes girlboss aplicación empoderar millón persona mundo mejorar vida atrévete desatar superpoder libera potencial lea término condición completo política privacidad,330
color.by.number.coloring.paint.puzzle.pixel.art.drawing.painting.games.kids.adults.fun.pictures,Color Master - MaestroColor‌,Juegos de mesa,https://play.google.com/store/apps/details?id=color.by.number.coloring.paint.puzzle.pixel.art.drawing.painting.games.kids.adults.fun.pictures&hl=es&gl=es,"Color Master🎨Color por Number&Coloring Book , también conocido como color por número, paint by number, es un juego de obras de arte con ricos trabajos de ilustración diseñados para todos
Hay tantos trabajos de ilustración GRATUITOS y originales en el libro de colorear y se diseñarán y cargarán nuevos dibujos para dibujar por números cada día! Pruebe este juego ahora para
✔️Color tu life🌈
✔️Paint tu dream💖
✔️Relax yourself🥰
✔️Enrich tu minds💎
Características principales de Color por Número:
- 🎨Color en cualquier lugar: dibujar por números en cualquier lugar sin necesidad de lápiz o papel.🌊
- 🔥Various temas para todos los gustos: religión, figura, vacaciones, mandala, paisaje, planta
- 💈Various imágenes únicas y nuevas páginas para colorear se actualizan todos los días! 🍁
- 🎁Fresh sentimiento: nuevas imágenes cada día
- 🍻Share con los amigos: coloque las obras de arte para colorear en todas las redes sociales y compártalas con sus amigos y familiares.✨
- Todas las fotos y obras de arte están marcadas con números, sólo tienes que seguir los pasos para crear tus grandes obras de arte.
- 💗 Escoge uno que te guste y toca las celdas de coloración relacionadas de acuerdo a los números de coloración.
- 💗 Es fácil terminar una obra de arte con los consejos que proporcionamos y compartir las obras de arte de coloración terminadas con las redes sociales o cualquier aplicación de mensajes.
- 👩🎨 Colorear nunca ha sido tan fácil, pruébalo ahora y pinta fantásticas páginas para colorear con la pintura por números!
- ¡Coloreemos por números por el Maestro del Color! Colorea tu vida, pinta tu sueño, relájate, enriquece tus mentes",4.48,47842.0,44.0,272,color master color book conocido color número paint by number obra arte rico trabajo ilustración diseñado trabajo ilustración gratuito original libro colorear diseñar cargar dibujo dibujar número pruebir life dream yourself minds características principal color número color lugar dibujar número lugar necesidad lápiz papel tema gusto religión figura vacación mandala paisaje planta various imagen único página colorear actualizar fresh sentimiento imagen share amigo colocar obra arte colorear red social compártalas amigo familiar foto obra arte marcado número tener seguir paso crear obra arte escoger gustar tocar celda coloración relacionado número coloración fácil terminar obra arte consejo proporcionar compartir obra arte coloración terminado red social aplicación mensaje colorear fácil pruébalir pintar fantástico página colorear pintura número coloreer número maestro color colorea vida pintar sueño relájatar enriquecer mente,126
color.paint.by.number.pgmaker,Color por Número,Casuales,https://play.google.com/store/apps/details?id=color.paint.by.number.pgmaker&hl=es&gl=es,"¡Bienvenido a Color por Número! 🎨 Color por Número es un relajante y divertido juego de pintar y colorear. ¡Gratis y offline! Relájate y alivia el estrés en el mundo artístico del juego de colorear. Disfruta de la tranquilidad con jugadores de todo el mundo, mientras exploras tu creatividad con imágenes gratuitas en HD. 💫 ¡Elige una imagen, toca un número y empieza a crear tu álbum digital exclusivo!

🎯 ¿Por qué elegir Color por Número?
- Fácil de Jugar: Jugabilidad sencilla, pero con imágenes bonitas y detalladas. ¡Conviértete en un maestro de pintar con solo tocar la pantalla!
- Experiencia Curadora: ¡Relaja tu mente y libera tu ansiedad con cada imagen bien diseñada! Este juego te permite desconectar y disfrutar de momentos de calma mientras pintas.
- Modo Offline: ¡No necesitas Wi-Fi! Disfruta de la alegría sin conexión a Internet en cualquier momento y en cualquier lugar.
- Compatibilidad Multidispositivo: Optimizado para teléfonos y tabletas de todos los tamaños.

🌟 Características destacadas:
- Arte sin Fronteras: ¡Una amplia variedad de obras creadas por artistas te espera! Elige entre mútiples temas: Desde paisajes hasta festivales, desde animales y flores hasta los reinos abstractos. ¡Ven a pintar con números y crear tu propia colección de dibujos temáticos gratis!
- Personalización Distintiva: Más allá de colorear, puedes seleccionar fondos y marcos exquisitos para dar personalidad a tus creaciones artísticas. ¡Encontrarás inspiración en cada telón de fondo!
- Sorpresa Diaria: Tareas y desafíos diarios te traen nuevas imágenes de diferentes temas cada día. Pinta y colorea por números en Color por Número todos los días para ganar recompensas increíbles.
- Alegría Infinita: Recoge monedas y cofres de estrellas, desbloquea nuevos colores, historias, fondos y marcos, y añade más vitalidad a tu experiencia de colorear. ¡No hay límite de tiempo! Ya sea que estés en el metro, en el tren o en una fila, puedes disfrutar de la diversión del juego de colorear sin conexión.

Color por Número es una fuente de inspiración, una aventura artística y un viaje para explorar los colores y la estética. 🎨 ¡Si quieres relajarte, aliviar el estrés y la ansiedad, y disfrutar del arte, Color por Número, el juego de pintar antiestrés ideal, es tu opción genial!

¡Descarga Color por Número, explora la belleza del arte y disfrutar el placer de pintar y colorear con el juego relajante, divertido y gratis! ❤️ ¡Comienza a colorear ahora mismo, creando obras de arte únicas y haciendo que la vida sea aún más colorida!",4.62,19069.0,74.0,413,bienvenido color número color número relajante divertido pintar colorear gratis offline relájate aliviar estrés mundo artístico colorear disfrutar tranquilidad jugador mundo explorar creatividad imagen gratuito hd elegir imagen tocar número empezar crear álbum digital exclusivo elegir número fácil jugar jugabilidad sencillo imagen bonito detallado conviértete maestro pintar tocar pantalla experiencia curadora relajar mente liberar ansiedad imagen diseñado permitir desconectar disfrutar momento calma pinta offline necesitar disfrutar alegría conexión internet momento lugar compatibilidad multidispositivo optimizado teléfono tableta tamaño característica destacado arte fronteras amplio variedad obra creado artista esperar elegir tema paisaje festival animal flor reino abstractos ven pintar número crear colección dibujo temático personalización distintiva colorear seleccionar fondo marco exquisito personalidad creación artístico encontrarás inspiración telón fondo sorpresa diaria tarea desafío diario traer imagen tema pinta colorea número color número ganar recompensa increíble alegría infinito recoger moneda cofr estrella desbloquea color historia fondo marco añadir vitalidad experiencia colorear límite tiempo metro tren fila disfrutar diversión colorear conexión color número fuente inspiración aventura artístico viaje explorar color estética querer relajar tú aliviar estrés ansiedad disfrutar arte color número pintar antiestrés ideal opción genial descarga color número explorar belleza arte disfrutar placer pintar colorear relajante divertido comenzar colorear crear obra arte único vida colorido,201
com.AlfaBravo.CombatMaster,Maestro de combate FPS móvil,Acción,https://play.google.com/store/apps/details?id=com.AlfaBravo.CombatMaster&hl=es&gl=es,"Maestro de combate FPS móvil

Únete a un combate trepidante y lleno de acción. Juega Maestro de combate: la mejor experiencia FPS en tu móvil. El mejor tiroteo multijugador de su clase. Rendimiento de siguiente nivel. Y mucho más. 
Ya sea que seas un profesional táctico o simplemente te guste la estética táctica, Maestro de combate ofrece un juego de disparos que se centra en la calidad y la innovación que estás buscando.

RENDIMIENTO DE SIGUIENTE NIVEL
El FPS más rápido del mundo en dispositivos móviles. Rendimiento excepcional con gráficos AAA excepcionales.
- Tiempo de carga ultrarrápido, ¡pasa a la acción en segundos!
- Optimización para dispositivos de gama baja y alta con varias configuraciones disponibles para personalización.

LA EXPERIENCIA MULTIJUGADOR DEFINITIVA

- No hay ventaja para los usuarios que pagan, todos son iguales.
- No se permiten descargas de ""actualizaciones diarias"".

Controles e interfaz totalmente personalizables.
Modo sin conexión.
Varios mapas con juego vertical, combate cuerpo a cuerpo o a distancia.

TIROTEOS DE PRÓXIMA GENERACIÓN
Tiroteos de ritmo súper rápido.
Recorrido de saltos, toboganes y escaladas.
Cuchillos arrojadizos.
Animaciones de calidad AAA.
Impresionante Arsenal.

INNOVACIÓN EN LA RED
Tecnología de red de nivel AAA con servidores regionales dedicados, ping bajo y uso optimizado del tráfico.

Hecho por verdaderos entusiastas con especial amor por las armas de fuego y la comunidad de juegos. Sin empresas, estamos desarrollando el juego Maestro de combate junto contigo.

¡Nos vemos en el juego! GL HF,
Equipo Alfa Bravo Inc.",4.4488187,239622.0,533.0,245,maestro combate fps móvil únete combate trepidante lleno acción juega maestro combate experiencia fps móvil tiroteo multijugador clase rendimiento nivel profesional táctico gustar estética táctico maestro combate ofrecer disparo centrar calidad innovación buscar rendimiento nivel fps rápido mundo dispositivo móvil rendimiento excepcional gráfico aaa excepcional tiempo carga ultrarrápido pasar acción segundo optimización dispositivo gama bajo alto configuración disponible personalización experiencia multijugador ventaja usuario pagar igual permitir descarga actualización diario controles interfaz personalizabl conexión mapa vertical combate cuerpo cuerpo distancia tiroteos generación tiroteos ritmo rápido recorrido salto tobogán escalada cuchillos arrojadizos animaciones calidad aaa impresionante arsenal innovación red tecnología red nivel aaa servidor regional dedicado ping optimizado tráfico verdadero entusiasta especial amor arma fuego comunidad juegos empresa desarrollar maestro combate ver,120
com.BallGames.Woodturning,Woodturning,Simulación,https://play.google.com/store/apps/details?id=com.BallGames.Woodturning&hl=es&gl=es,"El mejor simulador de torneado de madera.
Completa pedidos de clientes.
Convierte una pieza de madera en la forma indicada.
Corta (talla), pule, pinta y añade una plantilla a tu trabajo.
Gana dinero y mejora tu habitación.",3.7861736,573164.0,1632.0,37,simulador torneado madera completo pedido cliente convertir pieza madera forma indicado corta talla pule pinta añadir plantilla trabajo ganar dinero mejorar habitación,22
com.Boardible.Boardible,Boardible: Juegos para Grupos,Juegos de mesa,https://play.google.com/store/apps/details?id=com.Boardible.Boardible&hl=es&gl=es,"Sushi Go está disponible.

BOARDIBLE es la nueva plataforma móvil de JUEGOS DE MESA creada para jugar en GRUPO. ¡Conecta tu celular a un Smart TV y diviértete con tus amigos y familia!

Sabemos que tus experiencias con juegos de mesa en el celular hasta ahora no han sido las mejores, y por eso hemos traído BOARDIBLE, una plataforma de juegos de mesa (o board games) digital hecha para grupos.

Boardible ofrece una solución integrada celular + Smart TV para un amplio portafolio de juegos de mesa. El tablero y toda la información pública se muestran en la TV, mientras que la estrategia, cartas y decisiones de los jugadores permanecen en sus celulares. ¡Los espectadores pueden participar a través del celular o seguir las jugadas por la pantalla de la TV!

Es super fácil e intuitivo reflejar Boardible en la TV. La experiencia se asemeja mucho más a un juego de mesa real y es posible experimentar diferentes juegos por mucho menos de lo que costaría comprar varios juegos físicos.

Boardible ofrece diferentes tipos de juegos para jugar con la gente, incluyendo juegos de mesa, juegos de cartas, juegos de estrategia y juegos casuales. ¿Pensando en una fiesta? ¡Esta es la aplicación correcta! Social y hecha para jugar en grupo.

Características:

Controles y lógicas intuitivas
Fácil conexión a Smart TV
Modo de juego social y ágil
Hermoso diseño hecho con cariño
Los espectadores pueden participar de manera mucho más divertida
Juegos de estrategia, fiesta, cartas y casuales
¡Mucha más interacción con otros jugadores!
Juegos disponibles:

SUSHI GO (de Gamewright)
DOBRO (de Grok Games)
BLEND OFF (de Scot Eaton)
Truco
Mímica
Mau Mau
Copas
Más juegos llegando todos los meses…",1.8,599.0,3.0,279,sushi go disponible boardible plataforma móvil juegos mesa creado grupo conecta celular smart tv diviértetir amigo familia experiencia juego mesa celular mejor traer boardible plataforma juegos mesa board games digital hecho grupo boardible ofrecer solución integrado celular smart tv amplio portafolio juegos mesa tablero información público mostrar tv estrategia carta decisión jugador permanecer celular espectador participar celular seguir jugada pantalla tv super fácil intuitivo reflejar boardible tv experiencia asemejar mesa real experimentar juego costar comprar juego físico boardible ofrecer tipo juego gente incluir juego mesa juego carta juego estrategia juego casual pensar fiesta aplicación correcto social hecho grupo característica controles lógico intuitiva fácil conexión smart tv social ágil hermoso diseño cariño espectador participar divertido juegos estrategia fiesta carta casual interacción jugador juegos disponible sushi go gamewright dobro grok games blend off scot eaton truco mímica mau mau copas juegos llegar mes,141
com.Cerberus.StreetDrag2,Street Drag 2: Real Car Racing,Carreras,https://play.google.com/store/apps/details?id=com.Cerberus.StreetDrag2&hl=es&gl=es,"Sube de revoluciones y vive la emoción de las carreras urbanas. Planta los neumáticos en las calles de ciudades de todo el mundo en tu propio coche personalizable, y elige entre una gran variedad de modos y desafíos para mantener siempre la tensión. Nuestra innovadora cámara de 360° te hará sentir como que estás en el asiento del conductor.

¡Prueba Street Drag 2: Real Car Racing Online hoy!


<b>Varios modos de carreras urbanas</b>

El simulador de carreras urbanas de ofrece numerosos modos, como Carrera, Escalera, Torneo, Tier y más. Cada modo tiene sus propios desafíos únicos, y tendrás que usar todas tus habilidades para ganar. Con la infinidad de opciones de juego de carreras que tienes para elegir, nunca te aburrirás de este simulador de conducción realista. ¡Diversión sin límites!


<b>Personaliza tu coche hasta el mínimo detalle</b>

¿Tienes alma de mecánico? Te encantará ver los ajustes avanzados del garaje para personalizar tu coche. Desde la curva de par hasta la eficiencia mecánica, tipo de transmisión o dimensiones de los neumáticos, puedes ajustar todos y cada uno de los aspectos de tu vehículo hasta tener el coche de tus sueños. Y, si no eres un experto, no te preocupes, puedes dejar que el videojuego de carreras haga el resto.
Por supuesto, no se trata solo de la mecánica; también querrás tener el auto más molón. Prueba nuestra inmensa gama de llantas, alerones, pegatinas y colores, para hacer tu coche exactamente como quieres. La cámara de 360° te permitirá admirar tu trabajo desde todos los ángulos.


<b>Gana ventaja en la carrera con estadísticas a tiempo real</b>

Afina al máximo tus habilidades de carreras con las estadísticas a tiempo real de la potencia de tu motor, fuerza de tracción, distribución del peso en la aceleración, tiempos y velocidad aproximados por cuarto de milla, rpm óptimas para cambiar de marcha y mucho más. Gana una ventaja competitiva analizando y optimizando cada aspecto de tu coche para maximizar tu velocidad y rendimiento en la pista.


<b>MODOS de Street Drag 2: Real Car Racing Online</b>

Este juego de carreras urbanas tiene varios modos, con multitud de emocionantes formatos de torneo y desafío, como:

✇ Carrera: participa en una carrera urbana en la que eliges el modo, la distancia y la dificultad.

✇ Escalera: sube a lo alto de la escalera. En cada etapa, tus oponentes serán más difíciles de ganar, y ganarás mejores premios.

✇ Torneo: compite en un torneo local en el que el dinero que ganes en cada carrera irá a un bote. El ganador se lo llevará todo.

✇ Ganador: compite contra otros coches de cada Tier, personalizados al máximo.

✇ Campeonato: prepárate para la próxima ronda de campeonatos de carreras y salta de Tier.


Cómete el mundo en el modo multijugador de este videojuego de carreras en tiempo real, y reta a tus amigos o enfréntate a otros jugadores de todo el mundo. Al contrario que otros juegos de carreras, este juego de carreras urbanas guarda tu progreso en la nube para que puedas retomarlo donde lo dejaste, estés donde estés.

Puedes ser el amante de los coches más empedernido o un jugador casual, este simulador de carreras te ofrece la experiencia de carreras urbanas más realista y emocionante. ¡Descárgate Street Drag 2: Real Car Racing Online gratis ya para sentir la emoción!


¡Síguenos en tu red social favorita!

<a>Facebook:</a> https://fb.me/StreetDrag2

<a>Twitter:</a> https://twitter.com/CerberusTeam1

<a>Instagram:</a> https://www.instagram.com/sd2racing

<a>YouTube:</a> https://www.youtube.com/channel/UCFD1hIYRNPLtdI5hlL5NFvg",3.8461537,4723.0,7.0,565,subir revolución vivir emoción carrera urbano plantar neumático calle ciudad mundo coche personalizable elegir variedad modos desafío mantener tensión innovadoro cámara hacer sentir estar asiento conductor prueba street drag real car racing online modos carrera simulador carrera urbano ofrecer numeroso modo carrera escalera torneo tier desafío único tendrás habilidad ganar infinidad opción carrera tener elegir aburrirar simulador conducción realista diversión límite personaliza coche mínimo tener alma mecánico encantar ajuste avanzado garaje personalizar coche curva par eficiencia mecánico tipo transmisión dimensión neumático ajustar aspecto vehículo coche sueño experto preocupar dejar videojuego carrera hacer resto mecánica querer auto molón probar inmenso gama llanta alerón pegatina color coche querer cámara permitir admirar trabajo ángulo ganar ventaja carrera estadística tiempo afín máximo habilidad carrera estadística tiempo real potencia motor fuerza tracción distribución peso aceleración tiempo velocidad aproximado cuarto milla rpm óptimo cambiar marcha ganar ventaja competitivo analizar optimizar aspecto coche maximizar velocidad rendimiento pista street drag real car racing carrera urbano modo multitud emocionante formato torneo desafío carrera participar carrera urbano eligser distancia dificultad escalera subir alto escalera etapa oponente difícil ganar ganarás mejor premio torneo competir torneo local dinero ganes carrera ir bote ganador llevar ganador competir coche tier personalizado máximo campeonato prepáratir próximo ronda campeonato carrera salta tier cómetir mundo multijugador videojuego carrera tiempo real retar amigo enfréntatir jugador mundo contrario juego carrera carrera urbano guarda progreso nube retomar él dejastir estar amante coche empedernido casual simulador carrera ofrecer experiencia carrera urbano realista emocionante descárgate street drag real car racing online sentir emoción síguenos red social favorito,255
com.ChetanSurpur.Orbit,Orbit - Jugando con Gravedad,Puzles,https://play.google.com/store/apps/details?id=com.ChetanSurpur.Orbit&hl=es&gl=es,"ORBIT es un simulador de gravedad en el corazón de un juego de puzle. Lanza planetas con el toque de tu dedo e intenta ponerlos en órbitas estables alrededor de agujeros negros.

¿Puedes hacer suficientes órbitas para avanzar al siguiente nivel?

Nuevo: ORBIT cuenta con un sandbox (premium), ¡donde puedes crear tus propios niveles! Controla el tiempo, deshabilitar la colisiones y pinta con gravedad.

• 45 niveles completamente libres: cada uno te ofrece un conjunto de agujeros negros diferentes para que puedas crear órbitas a su alrededor.
• Lanza tantos planetas como quieras, y observa las fascinantes mecánicas orbitales revelarse.
• Con el tiempo entran en juego nuevas mecánicas, como agujeros negros con repulsión y planetas con su propia gravedad que se atraen entre sí.
• Los planetas dejan rastros de colores, así que, al final del nivel habrás creado una hermosa obra de arte.
• Observa la trayectoria completa de los planetas antes de lanzarlos.
• Juega en un entorno de gráficas suaves y minimalistas, escuchando relajante música clásica de piano.",4.463768,109981.0,610.0,172,orbit simulador gravedad corazón puzle lanza planetas toque dedo intentar poner él órbita estable agujero negro suficiente órbita avanzar nivel orbit sandbox premium crear nivel controla tiempo deshabilitar colisión pinta gravedad nivel libre ofrecer conjunto agujero negro crear órbita lanzar planeta querer observar fascinante mecánica orbital revelar él tiempo entrar mecánica agujero negro repulsión planeta gravedad atraer planeta dejar rastro color nivel crear hermoso obra arte observar trayectoria completo planeta lanzar él jugar entorno gráfica suave minimalista escuchar relajante música clásico piano,82
com.Deroxisstudio.AsteroidHunter,Lost Astro: Survival Game 3D,Aventura,https://play.google.com/store/apps/details?id=com.Deroxisstudio.AsteroidHunter&hl=es&gl=es,"Embárcate en una aventura épica en un juego de supervivencia en tercera persona de mundo abierto donde eres un astronauta varado en un planeta alienígena abandonado. 🌌
EXPLORA vastas mazmorras, busca comida y materiales, y construye tu refugio para sobrevivir contra todo pronóstico. ☄️
EXPERIMENTA la emoción de sobrevivir en un entorno hostil y mantente al tanto de las emocionantes actualizaciones y nuevas funciones. 🔮
subnautica",3.8,207.0,4.0,66,embárcate aventura épico supervivencia persona mundo abierto astronauta varado planeta alienígén abandonado explora vasto mazmorra buscar comida material construir refugio sobrevivir pronóstico experimenta emoción sobrevivir entorno hostil mantentar emocionante actualización función subnautico,32
com.DreamonStudios.BladesofDeceron,Blades of Deceron,Juegos de rol,https://play.google.com/store/apps/details?id=com.DreamonStudios.BladesofDeceron&hl=es&gl=es,"Del creador de Gladihoppers llega Blades of Deceron, un épico RPG de fantasía medieval donde los reinos se enfrentan, las facciones se alzan y solo los más fuertes sobreviven.

Embárcate en un viaje a través del valle de Brar, devastado por la guerra, en el continente de Deceron. Cuatro poderosas facciones —el Reino de Braryrian, el Sacro Imperio de Azivnia, el Reino de Elukhis y los Clanes de Valthir— libran una guerra por el control, dejando la tierra devastada e infestada de bandidos. ¿Liderarás a tus fuerzas hacia la victoria y traerás la paz, o forjarás tu propio camino de conquista?

- Acción de combate en 2D: Participa en intensos y trepidantes combates con hasta 10 contra 10 combatientes en pantalla. Empuña un vasto arsenal de armas, desde espadas y hachas hasta armas de asta y equipo a distancia. Cada combate se siente nuevo con cientos de piezas de equipo por descubrir.

- Modo Campaña: Explora vastas tierras, conquista pueblos, castillos y puestos de avanzada, y recluta soldados para que luchen a tu lado. ¿Ascenderá tu facción al poder o se derrumbará ante la adversidad?

- Crea tu legado: Crea tu propia facción y domina el valle. Recluta PNJ que vagan por el mundo exterior, emprende misiones y construye tus fuerzas.

- Profundidad estratégica: Más allá de la espada, supera a tus enemigos con astucia y decisiones tácticas. Conquista ubicaciones clave, gestiona tus recursos y toma el control del valle devastado por la guerra.

- Elementos de rol: Equipa a tu héroe con equipo que refleje tu estilo de juego. Cascos, guanteletes, botas y más: personaliza a tu luchador y mejora tus habilidades de combate.

- Razas y clases únicas: Lucha como un humano o un fauno, y domina las habilidades de combate relacionadas con diferentes armas: espadas de una mano, doble empuñadura, hachas de dos manos e incluso alabardas.

- Futuras expansiones: Disfruta de emocionantes minijuegos, desde torneos de arena hasta pesca, junto con un atractivo sistema de misiones y un editor de escenas que garantiza una rejugabilidad sin límites.

 Blades of Deceron está inspirado en otros increíbles juegos de lucha y RPG de acción, como Mount & Blade, The Witcher y Gladihoppers.

Sigue el desarrollo y apóyame en:
Discord: https://discord.gg/dreamon
Mi sitio web: https://dreamonstudios.com
Patreon: https://patreon.com/alundbjork
YouTube: https://www.youtube.com/@and3rs
TikTok: https://www.tiktok.com/@dreamonstudios
X: https://x.com/DreamonStudios
Facebook: https://facebook.com/DreamonStudios",3.8225806,9961.0,38.0,386,creador gladihoppers llegar blades of deceron épico rpg fantasía medieval reino enfrentar facción alzar fuerte sobrevivir embárcate viaje valle brar devastado guerra continente deceron poderoso facción reino braryrian sacro imperio azivnia reino elukhis clanes valthir librar guerra control dejar tierra devastado infestado bandido liderarás fuerza victoria traerás paz forjarás camino conquista acción combate participar intenso trepidant combate combatiente pantalla empuña vasto arsenal arma espada hacha arma asta equipo distancia combate sentir pieza equipo descubrir campaña explorar vasto tierra conquisto pueblo castillo puesto avanzada reclutar soldado luchar ascenderá facción derrumbar adversidad creer legado creer facción dominar valle recluta pnj vagar mundo exterior emprender misión construir fuerza profundidad estratégico espada superar enemigo astucia decisión táctico conquista ubicación clave gestionar recurso tomar control valle devastado guerra elementos rol equipa héroe equipo reflejar estilo cascos guantelet bota personalizar luchador mejorar habilidad combate razas clase único lucha humano fauno dominar habilidad combate relacionado arma espada mano doble empuñadura hacha mano alabarda futuro expansión disfrutar emocionante minijuego torneo arena pesca atractivo sistema misión editor escena garantizar rejugabilidad límite blades of deceron inspirado increíble juego lucha rpg acción mount blade the witcher gladihoppers desarrollo apóyame discord sitio web patreon youtube tiktok facebook,195
com.EagleEyeGames.KeeponMining,Keep on Mining!,Casuales,https://play.google.com/store/apps/details?id=com.EagleEyeGames.KeeponMining&hl=es&gl=es,"¡Sigue minando! es un juego incremental sencillo. Pasa el cursor sobre las rocas para extraerlas automáticamente. ¡Cualquier roca dentro del área de extracción generará picos que extraerán por ti!

¡Reúne materiales!
Las rocas extraídas sueltan minerales, que se transforman en barras. ¡Hay una variedad de rocas materiales para extraer!

¡El árbol de habilidades!
Usa tus barras de materiales para desbloquear mejoras dentro del árbol de habilidades. Estas mejoras aumentan permanentemente tus estadísticas, permitiéndote extraer rocas con más potencia.

¡Fabrica picos!
Usa diferentes materiales para fabricar nuevos picos. Cada pico nuevo tiene mejores estadísticas, lo que te ayuda a extraer más rápido y a golpear con más fuerza.

¡Cartas de talento!
Cada vez que subes de nivel, ganas un punto de talento. Gasta puntos de talento para revelar 3 cartas de talento al azar: ¡elige una para conservar! Elegir una carta aumenta el nivel del talento, pero también aumenta los PV de las rocas.

¡La mina!
Una vez que desbloqueas la mina, extraerá rocas automáticamente y fabricará barras al instante. ¡La Mina es la mecánica inactiva de Keep on Mining!",3.1666667,302.0,5.0,179,minar incremental sencillo pasar cursor roca extraer él roca área extracción generar pico extraer reúnir material roca extraído soltar mineral transformar barra variedad roca material extraer árbol habilidad barra material desbloquear mejora árbol habilidad mejora aumentar estadística permitiéndotir extraer roca potencia fabrica pico material fabricar pico pico mejor estadística ayudar extraer rápido golpear fuerza carta talento subes nivel gana punto talento gastar punto talento revelar carta talento azar elegir conservar elegir carta aumentar nivel talento aumentar pv roca mina desbloqueas mina extraer roca fabricar barra instante mina mecánica inactivo keep on mining,92
com.Earthkwak.Platformer,Super Bear Adventure,Aventura,https://play.google.com/store/apps/details?id=com.Earthkwak.Platformer&hl=es&gl=es,"Viaja a través del reino y sus diferentes regiones en esta aventura 3D inspirada en los juegos de los 90. ¡Explora cada región libremente, descubre sus secretos y salva a tus amigos osos! Este reino fue un lugar pacífico, hasta que las abejas empezaron a producir miel morada, una extraña sustancia que convierte a cualquiera que la coma en un enemigo irracional. Jugarás como Baaren, un oso valiente puesto en una misión para liberar al reino de esta amenaza de origen desconocido.

A lo largo del camino encontrarás un montón de objetos coleccionables para personalizar a tu personaje, lugares emocionantes para explorar, vehículos veloces para conducir, desafíos diarios para poner a prueba tus habilidades y minijuegos divertidos para jugar. Usando el sencillo pero completo juego de movimientos de Baaren, serás capaz de escalar montañas, luchar contra enemigos peligrosos y explorar este mundo lleno de sorpresas.",4.547569,956709.0,2732.0,145,viajar reino región aventura inspirado juego explora región descubrir secreto salir amigo oso reino lugar pacífico abeja empezar producir miel morado extraño sustancia convertir coma enemigo irracional jugarás baaren oso valiente puesto misión liberar reino amenaza origen desconocido camino encontrarás montón objeto coleccionable personalizar personaje lugar emocionante explorar vehículo veloz conducir desafío diario prueba habilidad minijuego divertido usar sencillo completo movimiento baaren capaz escalar montaña luchar enemigo peligroso explorar mundo lleno sorpresa,72
com.EternalStudio.SurvivorZ,Survivor Z: Saquea y Sobrevive,Acción,https://play.google.com/store/apps/details?id=com.EternalStudio.SurvivorZ&hl=es&gl=es,"Embárcate en un emocionante viaje de supervivencia en Survivor Z: Saquea y Sobrevive, el juego de zombies que combina intensos disparos a zombies con saqueo y expansión de base. Sumérgete en un mundo invadido por muertos vivientes, donde tus habilidades serán puestas a prueba mientras navegas a través de un apocalipsis zombie, saqueas suministros esenciales y mejoras tu arsenal para enfrentar los desafíos que se avecinan.

🧟‍♂️ Dispara a los Zombies:
Sumérgete en una emocionante acción de disparos a zombies. Tu supervivencia depende de tu precisión y reflejos rápidos. Atraviesa niveles variados, empleando maniobras tácticas para superar a los adversarios y defender tu base contra hordas de enemigos no muertos!

📦 Colección de Botín:
Cada nivel está lleno de cajas de botín, cofres y estantes repletos de armas, monedas, calaveras, tickets de equipo y objetos que pueden convertirse en monedas.

🔫 Desbloquea Diferentes Armas:
Progresas desde armas básicas hasta armas épicas a medida que subes de nivel. Mejora, equipa o fusiona tus armas para aumentar tus capacidades ofensivas contra el implacable ataque de los caminantes.

🔄 Fusiona y Evoluciona el Equipo:
Reúne equipo al estilo RPG para mejorar tu personaje y enfrentarte a los zombies estúpidos. Mejora y fusiona piezas de Básico a Épico, y prepárate para la defensa zombie para asegurar tu supervivencia en el mundo post-apocalíptico.

🧟‍♀️ Derrota a los Jefes Zombie:
Enfrenta a formidables jefes zombie, cada uno más desafiante que el último. Utiliza tus armas y habilidades mejoradas para derrotarlos y reclamar valiosas recompensas.

👹 Modo Hulk:
Transformate en un hulk en niveles seleccionados, lo que te permite aniquilar a los enemigos con pura fuerza bruta - ¡los muertos que vienen no sabrán qué les golpeó!

🏡 Expande Tu Base:
Construye y expande tu base para aumentar la protección y las posibilidades de supervivencia. Amplía tu refugio seguro contra los muertos vivientes y protégete de un ataque de caminantes. Usa las calaveras obtenidas de las misiones para mejorar tu base entre niveles.

🔓 Desbloquea Desafíos:
Survivor Z ofrece una variedad de desafíos para probar tus habilidades de defensa zombie y supervivencia y ganar recompensas adicionales. Enfrenta una ola de zombies en mundos peligrosamente inestables, llenos de lava en estos niveles especialmente difíciles

💰 Vende Armas por Monedas:
Administra tu inventario sabiamente vendiendo las armas que ya no necesitas. Acumula monedas para mejorar el equipo, desbloquear nuevas armas y fortificar tu base.

Survivor Z: Saquea y Sobrevive ofrece una mezcla dinámica de acción, estrategia y supervivencia mientras navegas por un mundo invadido por zombies. Ellos están llegando, y tu objetivo final es prosperar frente al ataque de los caminantes. ¿Estás listo para enfrentar los desafíos, expandir tu base y surgir como el último superviviente en esta emocionante aventura post-apocalíptica?
🔥 ¡Descarga Ahora y Comienza Tu Viaje de Supervivencia con Survivor Z: Saquea y Sobrevive!",4.19,25008.0,44.0,467,embárcate emocionante viaje supervivencia survivor saquea sobrevive zombi combinar intenso disparo zombi saqueo expansión base sumérgete mundo invadido muerto viviente habilidad poner prueba navegar apocalipsis zombie saquea suministro esencial mejora arsenal enfrentar desafío avecinar disparar zombies sumérgete emocionante acción disparo zombi supervivencia depender precisión reflejo rápido atravesar nivel variado emplear maniobra táctico superar adversario defender base horda enemigo muerto colección botín nivel lleno caja botín cofr estant repleto arma moneda calavera ticket equipo objeto convertir él moneda desbloquea armas progresas arma básico arma épica medida subir nivel mejora equipa fusionar arma aumentar capacidad ofensivo implacable ataque caminant fusiona evolucionar equipo reúnir equipo estilo rpg mejorar personaje enfrentar tú zombi estúpido mejora fusionar pieza básico épico prepárate defensa zombie asegurar supervivencia mundo derrota jefes zombie enfrentar formidable jefe zombie desafiante utilizar arma habilidad mejorada derrotar él reclamar valioso recompensa hulk transformate hulk nivel seleccionado permitir aniquilar enemigo puro fuerza bruto muerto venir saber golpear expande base construir expandir base aumentar protección posibilidad supervivencia ampliar refugio seguro muerto viviente protégetir ataque caminant calavera obtenido misión mejorar base nivel desbloquea desafíos survivor ofrecer variedad desafío probar habilidad defensa zombie supervivencia ganar recompensa adicional enfrentar ola zombi mundo inestable lleno lava nivel difícil vender armas monedas administra inventario vender arma necesitar acumular moneda mejorar equipo desbloquear arma fortificar base survivor saquea sobrevive ofrecer mezcla dinámico acción estrategia supervivencia navegar mundo invadido zombi llegar objetivo prosperar ataque caminant estar listo enfrentar desafío expandir base surgir superviviente emocionante aventura descarga comienza viaje supervivencia survivor saquea sobrevive,250
com.FireproofStudios.TheRoom,The Room,Puzles,https://play.google.com/store/apps/details?id=com.FireproofStudios.TheRoom&hl=es&gl=es,"Bienvenido a The Room, un rompecabezas interactivo envuelto en un juego de misterio, todo ello dentro de un maravilloso escenario 3D táctil. 

En Fireproof Games estamos orgullosos de presentarte nuestra mayor creación: un intenso viaje lleno de belleza, peligro y misterio por igual. Transpórtate a un espacio único que combina fascinantes gráficos con intrigantes problemas que resolver.

• Gráficos increíblemente realistas: los gráficos más naturales que se han visto nunca en un dispositivo móvil.
• Escalofriantes controles con un solo dedo: controles táctiles tan naturales que puedes jugar con un solo dedo para explorar este escenario 3D tan hermoso como misterioso.
• Fantástico diseño de inicio inmediato: comenzar a jugar es fácil; ¡lo difícil es desengancharse! Los secretos de The Room te absorberán antes de que te des cuenta de que estás jugando.
• Fascinantes niveles de misterio: ¿crees que sabes lo que estás viendo? Vuelve a planteártelo.",4.814978,288467.0,2672.0,148,bienvenido the room rompecabezas interactivo envuelto misterio maravilloso escenario táctil fireproof games orgulloso presentar tú creación intenso viaje lleno belleza peligro misterio transpórtate espacio único combinar fascinante gráfico intrigant problema resolver gráfico realista gráfico natural ver dispositivo móvil escalofriantser control dedo control táctil natural dedo explorar escenario hermoso misterioso fantástico diseño inicio inmediato comenzar fácil difícil desenganchar él secreto the room absorber dser jugar nivel misterio creser ver volver planteártelo,70
com.FireproofStudios.TheRoom2,The Room Two,Puzles,https://play.google.com/store/apps/details?id=com.FireproofStudios.TheRoom2&hl=es&gl=es,"Bienvenido a The Room Two, un rompecabezas interactivo envuelto en un juego de misterio, todo ello dentro de un maravilloso escenario 3D táctil. 

La esperadísima secuela de ""The Room"" por fin ha llegado. 

Sigue el rastro de las crípticas cartas del enigmático científico conocido sólo como ""AS"" y adéntrate en un fascinante mundo de misterio y exploración. 

DISEÑO PICK-UP-AND-PLAY 
Fácil comenzar, difícil dejarlo. Una mezcla hipnótica de rompecabezas intrigantes con una interfaz de usuario sencilla. 

INNOVADOR CONTROL TÁCTIL 
Una experiencia táctil tan natural que te parecerá que estás tocando la superficie de cada objeto. 

ESCENARIOS REALISTAS EN 3D 
Sumérgete en una variedad de ambientes impresionantes que pondrán a prueba tus habilidades para resolver rompecabezas. 

DETALLADOS OBJETOS EN 3D 
Inspecciona los intrincados detalles de docenas de artefactos, en busca de los secretos que ocultan. 

SONIDO INQUIETANTE 
Espeluznante banda sonora y dinámicos efectos de sonido que crean un paisaje sonoro capaz de reaccionar a tus acciones. 

COMPATIBILIDAD CON VARIOS IDIOMAS 
Disponible en inglés, francés, italiano, alemán, español y portugués de Brasil. 

*******************************************************************************************************************

Fireproof Games es un pequeño estudio independiente situado en Guildford, Reino Unido. 
Descúbrenos en fireproofgames.com 
Síguenos: @Fireproof_Games",4.9155555,243495.0,2537.0,187,bienvenido the room two rompecabezas interactivo envuelto misterio maravilloso escenario táctil esperadísimo secuela the room llegar rastro críptico carta enigmático científico conocido as adéntrate fascinante mundo misterio exploración diseño fácil comenzar difícil dejar él mezcla hipnótico rompecabeza intrigant interfaz usuario sencillo innovador experiencia táctil natural parecer tocar superficie objeto escenario realista sumérgete variedad ambiente impresionante poner prueba habilidad resolver rompecabeza objetos inspecciona intrincado detalle docena artefacto busca secreto ocultar sonido inquietante espeluznante banda sonoro dinámico efecto sonido crear paisaje sonoro capaz reaccionar acción compatibilidad idiomas disponible inglés francés italiano alemán español portugués brasil fireproof games pequeño estudio independiente situado guildford reino unido descúbrenos síguenos,104
com.FireproofStudios.TheRoom4,The Room: Old Sins,Puzles,https://play.google.com/store/apps/details?id=com.FireproofStudios.TheRoom4&hl=es&gl=es,"La cuarta entrega de la serie ‘’The Room’’.

Entra en The Room: Old Sins y conoce un mundo basado en la exploración táctil con puzles desafiantes y una historia cautivadora. 
Un ambicioso ingeniero y su adinerada mujer desaparecen súbitamente, lo que da comienzo a la caza de un preciado artefacto. El rastro lleva hasta el ático de su hogar, donde se encuentra una vieja casa de muñecas de lo más peculiar...
Explora lugares inquietantes, sigue pistas misteriosas y manipula artilugios extravagantes para desentrañar los misterios de la mansión Waldegrave.

EL ROMPECABEZAS DEFINITIVO
Explora una compleja casa de muñecas que se transforma cada vez que la tocas. Cada habitación es un portal a un nuevo escenario más enrevesado que el anterior. 
 
DISEÑO RÁPIDO Y SENCILLO
Empezar a jugar es fácil; dejarlo, no tanto. Disfruta de una mezcla única de puzles intrigantes con una interfaz sencilla de usar. 

CONTROLES TÁCTILES INTUITIVOS
Una experiencia táctil tan natural que sentirás el tacto de cada objeto. 

OBJETOS EXTRAÑOS
Examina decenas de objetos con todo lujo de detalles para descubrir cuáles de ellos ocultan mecanismos. 

AUDIO ATMOSFÉRICO
Una banda sonora hechizante se combina con efectos dinámicos de sonido para crear un ambiente inolvidable. 

INCLUYE GUARDADO EN LA NUBE
Sincroniza tu progreso en varios dispositivos y desbloquea logros. 

COMPATIBILIDAD CON VARIOS IDIOMAS
Disponible en inglés, francés, italiano, alemán, español, portugués de Brasil, turco y ruso.


Fireproof Games es un estudio independiente de Guildford, Reino Unido.
Descúbrenos en fireproofgames.com
Síguenos: @Fireproof_Games
Búscanos en Facebook",4.9748745,84945.0,964.0,246,cuarto entrega serie the room entrar the room old sins conocer mundo basado exploración táctil puzl desafiant historia cautivadoro ambicioso ingeniero adinerado mujer desaparecer comienzo caza preciado artefacto rastro ático hogar viejo casa muñeca peculiar explorar lugar inquietante pista misterioso manipular artilugio extravagant desentrañar misterio mansión waldegrave rompecabezas explorar complejo casa muñeca transformar tocar habitación portal escenario enrevesado disfrutar mezcla único puzl intrigant interfaz sencillo controles táctiles intuitivos experiencia táctil natural sentirás tacto objeto objetos extraños examina decena objeto lujo detalle descubrir ocultar mecanismo audio atmosférico banda sonoro hechizante combinar efecto dinámico sonido crear ambiente inolvidable incluye guardado nube sincronizar progreso dispositivo desbloquear logro compatibilidad idiomas disponible inglés francés italiano alemán español portugués brasil turco ruso fireproof games estudio independiente guildford reino unido descúbrenos sígueno búscanos facebook,127
com.GacoGames.EC2,Epic Conquest 2,Juegos de rol,https://play.google.com/store/apps/details?id=com.GacoGames.EC2&hl=es&gl=es,"Epic Conquest 2 es un RPG de Aventura y Acción para un solo jugador, con un toque especial de combate e historia, que te dará una experiencia difícil de encontrar en géneros similares.

Este proyecto está creado cuidadosamente por un grupo pequeño, pero apasionado, de 4 personas. ¡Y si ya jugaste Epic Conquest antes, podrás notar qué tanto ha evolucionado este juego!


[Características del Juego]

☆ ¡Explora!
¡Un mundo abierto lleno de tesoros y recursos para hacer más fuerte a tu personaje! 

☆ ¡Muchas habilidades para escoger! 
¡Cada personaje ahora tiene 8 habilidades y maestrías! 
Mezcla todas para crear el set que mejor se adapte a tu equipo. 

☆ Amplias opciones de construcción de personajes
Distribución clásica de atributos (FUE / INT / AGI / DEX / VIT) para ajustarse a tu estilo de juego. 

☆ Sistema clásico de Herrería y Equipamiento 
¡Crea, Potencia, y Mejora tu equipo para hacer frente a retos más grandes!

☆ Variedad de atuendos para coleccionar
Compra atuendos para tu amado personaje, cambia su apariencia y obtén bonos de poder. 

☆ Guardado en la nube
Puedes guardar y transferir tu partida a otros dispositivos. ¡Jamás perderás tu progreso! 

☆ Otras Grandes Funciones
- Gráficos hermosos con la simpleza de antaño.
- Sin conexión. ¡Puedes jugar en dónde quieras sin necesidad de internet!
- ¡No necesitas pagar o mirar anuncios a menos de que quieras apoyarnos!",4.33,121782.0,173.0,230,epic conquest rpg aventura acción toque especial combate historia dar experiencia difícil encontrar género similar proyecto creado grupo pequeño apasionado persona jugaste epic conquest notar evolucionar características juego explora mundo abierto lleno tesoro recurso fuerte personaje personaje habilidad maestría mezclar crear set adaptar equipo amplio opción construcción personaje distribución clásico atributo int agi dex vit ajustar él estilo sistema clásico herrería equipamiento crea potencia mejorar equipo frente reto variedad atuendo coleccionar compra atuendo amado personaje cambiar apariencia obtén bono guardado nube guardar transferir partida dispositivo perderás progreso funciones gráfico hermoso simpleza conexión quierar necesidad internet necesitar pagar mirar anuncio querer apoyar yo,102
com.Gaggle.fun.GooseGooseDuck,Goose Goose Duck,Estrategia,https://play.google.com/store/apps/details?id=com.Gaggle.fun.GooseGooseDuck&hl=es&gl=es,"Goose Goose Duck es un juego de deducción social donde los gansos completan tareas mientras los patos sabotean e intentan eliminarlos. Juega como un ganso para sobrevivir o como un pato para causar caos, con chat de voz de proximidad, roles únicos, cosméticos personalizables y entornos diversos para explorar.

Características:
- Chat de voz de proximidad
- Juego multiplataforma – Disponible para PC, Mac, iOS y Android
- Roles únicos
- Cosméticos personalizables
- Mapas y entornos diversos
- Tareas y minijuegos en el juego
- Múltiples modos de juego
- Actualizaciones regulares y nuevo contenido

Conéctate con nosotros : 
Twitter https://twitter.com/ggd_game 
Discord https://discord.gg/ggd 
Tiktok https://www.tiktok.com/@ggd_game
Instagram https://www.instagram.com/gaggle.fun/
Facebook https://www.facebook.com/gaggle.fun/",4.09,65150.0,84.0,110,goose goose duck deducción social ganso completar tarea pato sabotear intentar eliminar él jugar ganso sobrevivir pato causar cao chat voz proximidad rol único cosmético personalizabl entorno diverso explorar características chat voz proximidad juego multiplataforma disponible pc ios android rol único cosmético personalizabl mapas entorno diverso tarea minijuego múltiple modos actualización regular contenido conéctate twitter discord tiktok instagram facebook,59
com.Giganticduck.Bombergrounds,Bombergrounds: Reborn,Acción,https://play.google.com/store/apps/details?id=com.Giganticduck.Bombergrounds&hl=es&gl=es,"¡Desbloquea y mejora lindos animales con poderosas habilidades para luchar en muchos modos de juego diferentes! ¡Colecciona disfraces únicos, haz amigos, forma equipos y deja que la batalla comience!


CARACTERÍSTICAS
Modos de juego

Battle Royale
¡Un caótico todos contra todos en el que se enfrentan hasta 12 jugadores para conseguir la victoria magistral!


Agarrapatos (Modo de equipo)
Un encantador y relajante modo de juego de 3 contra 3 (modo en equipo). ¡Atrapa 10 Patos Dorados en equipo y sosténlos durante 10 segundos para ganar la partida!


Pelea de Equipos (Modo de equipo)
¡Que el mejor equipo gane! Derrota al equipo contrario en un Mejor de Tres. Si eres derrotado, quedas fuera de la ronda.

Duelo
Un clásico uno contra uno. ¡Derrota al jugador contrario para conseguir la victoria!

... y ¡más próximamente!

¡Héroes Animales y Poderes!
Desbloquea docenas de lindos animales con poderes mortales, fáciles de usar pero difíciles de dominar.  ¡¿Tienes lo que se necesita para convertirse en el mejor?!

¡Sube de nivel a tus Animales!
Mejora tus animales al nivel 10 para que alcancen su máximo potencial. Dale un vistazo al juego y su tienda diaria cada día para subir a tus animales de nivel más rápido.

Bomber Pass
El Bomber Pass es la mejor manera para conseguir recompensas en Bombergrounds. En este, podrás conseguir disfraces, personajes, gemas, recursos y mucho más; ¡simplemente jugando!

Camino de Trofeos
¡No apto para novatos! Este sistema es para profesionales. Gana partidas para conseguir trofeos, lo cual desbloquea rangos y recompensas asombrosas.

Clasificaciones
Compite en las clasificaciones, tanto a nivel local como global. ¿Puedes convertirte en el mejor jugador de tu país? o tal vez incluso, ¿del mundo?

Al descargar este juego, aceptas nuestros Términos de Servicio y Política de Privacidad, accesibles a través de nuestro sitio web en https://giganticduck.com.",4.373602,48603.0,1505.0,298,desbloquea mejora lindo animal poderoso habilidad luchar modo colecciona disfraces único haz amigo forma equipo dejar batalla comenzar modos battle royale caótico enfrentar jugador victoria magistral agarrapatos equipo encantador relajante equipo atrapa patos dorados equipo sosten él segundo ganar partida pelea equipos equipo equipo ganar derrota equipo contrario derrotado quedar ronda duelo clásico derrota contrario victoria héroes animales poderes desbloquea docena lindo animal poder mortal fácil difícil dominar tener necesitar convertir él subir nivel animales mejorar animal nivel alcanzar máximo potencial dale vistazo tienda diario subir animal nivel rápido bomber pass bomber pass recompensa bombergrounds disfraz personaje gema recurso jugar camino trofeos apto novato sistema profesional ganar partida trofeo desbloquear rango recompensa asombroso clasificaciones compite clasificación nivel local global convertirte país mundo descargar aceptar término servicio política privacidad accesibl sitio web,131
com.HFG.EnigmaFables,juegos escape: fábulas  enigma,Puzles,https://play.google.com/store/apps/details?id=com.HFG.EnigmaFables&hl=es&gl=es,"Adéntrate en el mundo de los juegos de escape y aventura, donde cada misión de apuntar y hacer clic te adentra en juegos de misterio llenos de objetos ocultos, habitaciones cerradas, códigos y emocionantes historias. Ponte en la piel de un detective encargado de resolver crímenes, investigar sospechosos y encontrar pistas cruciales para desentrañar los secretos. Desde aventuras épicas y desafíos de escape rooms hasta minijuegos, puzles y trampas, cada aventura de escape está diseñada para poner a prueba tu lógica, habilidad e instinto de supervivencia. Descubre tesoros, historias y misterios mientras exploras aventuras únicas de escape rooms y descubres secretos ocultos.

Historia del juego 1:
En un antiguo reino, un noble y valiente rey es profundamente querido por su pueblo por protegerlos y ganar todas las guerras. Un día, mientras cazaba en el bosque, destruye accidentalmente los huevos de un dragón. Sin darse cuenta, regresa a su palacio.

Poco después, sus soldados informan que un dragón ha atacado una aldea. Confundido, el rey investiga y descubre que él es el culpable. Sintiéndose culpable, busca la ayuda de su madre, quien le habla de un poderoso monje que conoció una vez. El monje había predicho el nacimiento del rey y la muerte de su padre.

Decidido a salvar su reino, el rey supera muchos obstáculos y finalmente encuentra al monje. Este revela que la ira del dragón es una maldición. Para romperla, el rey debe encontrar un poderoso artefacto que pueda recrear los huevos del dragón y restaurar la paz.

El artefacto debe colocarse en el centro del reino para traer armonía, paz y prosperidad de nuevo.

Historia del juego 2:
Mientras el rey recoge un anillo en la casa maldita camino al Puente Místico, más tarde recuerda el viaje y encuentra el anillo en su bolsillo. Al usarlo, su espíritu es arrastrado al Reino de las Sombras Oscuras mientras un espíritu monstruoso posee su cuerpo. Un comportamiento extraño comienza a surgir en el reino, lo que lleva al amigo íntimo del rey a sospechar la verdad y a buscar la ayuda de un mago, mientras que el espíritu atrapado del rey lucha en vano por escapar del reino. Mecanismo del juego de escape:
Sumérgete en la serie definitiva de escape oculto, repleta de nuevas aventuras, misterios de asesinatos, misterios de terror y emocionantes misiones de escape. Juega a juegos de escape misteriosos que se desarrollan en historias secretas donde deberás sobrevivir, desentrañar el misterio y burlar cada trampa. Ya sea escapando de prisiones, descifrando códigos o completando misiones de detectives, cada nivel presenta desafiantes rompecabezas y una jugabilidad única que te mantendrá enganchado. ¡Descárgalo ahora y únete a millones de personas en esta aventura de escape room gratuita: un viaje de suspense, misterio y supervivencia donde cada pista cuenta!

Características del juego:
*50 emocionantes niveles de aventura de escape.
*Ya están disponibles los vídeos con la solución de los rompecabezas.
*Es GRATIS.
*Más de 15 acertijos de lógica.
*Gana emocionantes recompensas invitando a tus amigos.
*Utiliza las pistas paso a paso.
*Encuentra las pistas de los objetos ocultos.
*Divertido para todos los géneros y edades. *Sincroniza tu progreso en varios dispositivos.

Disponible en 26 idiomas (inglés, árabe, chino simplificado, chino tradicional, checo, danés, holandés, francés, alemán, griego, hebreo, hindi, húngaro, indonesio, italiano, japonés, coreano, malayo, polaco, portugués, ruso, español, sueco, tailandés, turco y vietnamita).",4.4,1858.0,13.0,555,adéntratar mundo juego escape aventura misión apuntar clic adentrar juego misterio lleno objeto oculto habitación cerrado código emocionante historia ponte piel detective encargado resolver crimen investigar sospechoso encontrar pista crucial desentrañar secreto aventura épica desafío escape rooms minijuego puzl trampa aventura escape diseñado prueba lógica habilidad instinto supervivencia descubre tesoro historia misterio explorar aventura único escape rooms descubres secreto oculto historia antiguo reino noble valiente rey querido pueblo proteger él ganar guerra cazar bosque destruir huevo dragón dar él regresar palacio soldado informar dragón atacar aldea confundido rey investigar descubrir culpable sintiendo él culpable buscar ayuda madre poderoso monje conocer monje predecir nacimiento rey muerte padre decidido salvar reino rey superar obstáculo monje revelar ira dragón maldición romper él rey encontrar poderoso artefacto recrear huevo dragón restaurar paz artefacto colocar él centro reino traer armonía paz prosperidad historia rey recoger anillo casa maldito camino puente místico recordar viaje anillo bolsillo usar él espíritu arrastrar reino sombras oscuras espíritu monstruoso poseer cuerpo comportamiento extraño comenzar surgir reino amigo íntimo rey sospechar buscar ayuda mago espíritu atrapado rey luchar vano escapar reino mecanismo escape sumérgete serie definitivo escape oculto repleto aventura misterio asesinato misterio terror emocionante misión escape jugar juegos escape misterioso desarrollar historia secreto sobrevivir desentrañar misterio burlar trampa escapar prisión descifrar código completar misión detective nivel presentar desafiant rompecabeza jugabilidad único mantener enganchado descárgalo únetir millón persona aventura escape room gratuito viaje suspense misterio supervivencia pista características emocionante nivel aventura escape disponible vídeo solución rompecabezas gratis acertijo lógica ganar emocionante recompensa invitar amigo utilizar pista pasar paso pista objeto oculto divertido género edad sincronizar progreso dispositivo disponible idioma inglés árabe chino simplificado chino tradicional checo danés holandés francés alemán griego hebreo hindi húngaro indonesio italiano japonés coreano malayo polaco portugués ruso español sueco tailandés turco vietnamita,296
com.HoYoverse.Nap,Zenless Zone Zero,Juegos de rol,https://play.google.com/store/apps/details?id=com.HoYoverse.Nap&hl=es&gl=es,"No entres en las Cavidades.
Sí, ya lo sé. Las Cavidades están repletas de recursos etéreos, objetos extraños y ruinas de civilizaciones antiguas. Todo lo que encuentres vale su peso en oro.
Pero no olvides que las Cavidades son espacios caóticos donde los monstruos merodean con total libertad. Después de todo, las Cavidades podrían engullir el mundo entero. No son lugares a los que pueda ir la gente normal.
Así que más te vale no acercarte.
O, por lo menos, no lo hagas sin compañía.
Si te gusta el peligro, puedes ir a Nueva Eridu.
Gente de todos los rincones llega a esta ciudad. Muchos de ellos dependen de las Cavidades; desde acaudalados magnates y bandas callejeras hasta conspiradores y oficiales despiadados.
Prepárate bien, rodéate de aliados poderosos y lo más importante... Encuentra un proxy.
Solo los proxies son capaces de guiar a la gente a través las Cavidades laberínticas.
Buena suerte.

«Zenless Zone Zero» es un nuevo juego de acción en 3D de HoYoverse que se desarrolla en un futuro próximo asolado por misteriosos fenómenos sobrenaturales conocidos como «Cavidades».

Doble identidad, dos vidas distintas
En un futuro próximo, tienen lugar misteriosos fenómenos sobrenaturales llamados «Cavidades». En medio de la catástrofe surge Nueva Eridu, una ciudad única por definición. Este último oasis domina la tecnología necesaria para garantizar la coexistencia con las Cavidades y alberga un conjunto de facciones caóticas, estrepitosas, peligrosas y muy dinámicas. Como proxy profesional, desempeñarás un papel importante conectando la ciudad con las Cavidades. Nueva Eridu será testigo de tu historia.

Construye un equipo y pelea en combates llenos de adrenalina
Zenless Zone Zero es el nuevo juego de acción en 3D de HoYoverse, con una experiencia fluida de combate. Construye un equipo de hasta tres miembros y comienza el combate con ataques normales y técnicas especiales. Utiliza evasiones y bloqueos para contrarrestar los ataques enemigos. ¡Al aturdir al enemigo, desata una serie de técnicas en cadena para acabar con ellos! Recuerda que cada oponente tiene sus particularidades, así que deberás usar sus vulnerabilidades en tu favor.

Sonido único, experiencia inmersiva
Zenless Zone Zero tiene un estilo artístico y un diseño visual únicos. Con las expresiones detalladas y los movimientos fluidos de los personajes, te sumergirás en mundo fascinante en el que desarrollarás tu propia historia. Por supuesto, el protagonista debe ir acompañado de una banda sonora única. Tus aventuras en Nueva Eridu irán acompañadas de música emocionante que harán de cada instante un momento inolvidable.

Facciones e historias entrelazadas
El videoclub Random Play no puede funcionar sin cintas de video, y los proxies no pueden hacer su trabajo sin agentes. En Nueva Eridu, clientes de todos los rincones llegarán a la puerta en busca de tus servicios, así que no te dejes llevar por su apariencia inocente y adorable, ni te dejes intimidar por su complexión imponente y mirada amenazante. Eso sí, habrá algunos clientes que dejarán el establecimiento lleno de pelaje... Habla con ellos, descubre su pasado, haz nuevos amigos y consigue aliados. Después de todo, si quieres llegar lejos, debes ir acompañado.

Sitio oficial: https://zenless.hoyoverse.com/es-es/
Dirección de correo de Servicio de Atención al Cliente: zzzcs_es@hoyoverse.com
Foro oficial: https://www.hoyolab.com/accountCenter/postList?id=219270333&lang=es-es
Facebook: https://www.facebook.com/ZZZ.Official.ES
Instagram: https://www.instagram.com/zzz.official.en/
Twitter: https://twitter.com/ZZZ_ES
YouTube: https://www.youtube.com/@ZZZ_Official
Discord: https://discord.com/invite/zenlesszonezero
TikTok: https://www.tiktok.com/@zenlesszonezero
Reddit: https://www.reddit.com/r/ZZZ_Official/
Twitch: https://www.twitch.tv/zenlesszonezero
Telegram: https://t.me/zzz_official",3.9275362,152263.0,640.0,543,entrser cavidades cavidades repleto recurso etéreo objeto extraño ruina civilización antiguo encuentres valer peso oro olvidar cavidades espacio caótico monstruo merodear libertad cavidades engullir mundo entero lugar gente normal valer acercarte hacer compañía gustar peligro eridu gente rincón llegar ciudad depender cavidades acaudalado magnate banda callejero conspirador oficial despiadado prepáratir rodéatar aliado poderoso importante proxy proxies capaz guiar gente cavidades laberíntica suerte zenless zone zero acción hoyover él desarrollar futuro asolado misterioso fenómeno sobrenatural conocido cavidades doble identidad vida distinto futuro lugar misterioso fenómeno sobrenatural llamado cavidades catástrofe surgir eridu ciudad único definición oasis dominar tecnología necesario garantizar coexistencia cavidades albergar conjunto facción caótico estrepitosa peligroso dinámico proxy profesional desempeñarás papel importante conectar ciudad cavidades eridu testigo historia construir equipo pelea combate lleno adrenalina zenless zone zero acción hoyover él experiencia fluido combate construir equipo miembro comenzar combate ataque normal técnico especial utilizar evasión bloqueo contrarrestar ataque enemigo aturdir enemigo desatar serie técnica cadena acabar recordar oponente particularidad vulnerabilidad favor sonido único experiencia inmersivo zenless zone zero estilo artístico diseño visual único expresión detallado movimiento fluido personaje sumergirás mundo fascinante desarrollarás historia protagonista acompañado banda sonoro único aventura eridu ir acompañado música emocionante hacer instante momento inolvidable facción historia entrelazada videoclub random play funcionar cinta video proxies trabajo agente eridu cliente rincón llegar puerta busca servicio dejes apariencia inocente adorable intimidar complexión imponente mirada amenazante cliente dejar establecimiento lleno pelaje descubrir haz amigo aliado querer llegar acompañado sitio oficial dirección correo servicio atención cliente foro oficial facebook instagram twitter youtube discord tiktok reddit twitch telegram,255
com.HoYoverse.hkrpgoversea,Honkai: Star Rail,Aventura,https://play.google.com/store/apps/details?id=com.HoYoverse.hkrpgoversea&hl=es&gl=es,"Honkai: Star Rail es el RPG de fantasía espacial de HoYoverse.
Sube al Expreso Astral y descubre las maravillas infinitas de la galaxia en este viaje lleno de emoción y aventuras.
Conocerás a nuevos compañeros en varios mundos e incluso encontrarás caras conocidas. Juntos tendrán que resolver los problemas causados por el Estelaron y descubrir los secretos que oculta. ¡Que esta travesía nos lleve hasta las estrellas!

□ Explora mundos únicos - Descubre un universo lleno de sorpresas
¡El salto comienza en 3, 2, 1! Una Estación Espacial con objetos raros sellados, un planeta sumido en un invierno eterno, una flota gigante que caza abominaciones, un planeta de las celebraciones sumido en un dulce sueño, una tierra eterna con un destino incierto, hasta una arcadia que cayó en una pintura... ¡Cada parada del Expreso Astral es una mirada única a la galaxia! ¡Explora mundos y civilizaciones maravillosas y descubre misterios inimaginables en este viaje extraordinario!

□ Un RPG fascinante - Una aventura estelar inmersiva e incomparable
Embárcate en una aventura galáctica en la que la historia la haces tú. Nuestro motor innovador renderiza cinemáticas de alta calidad en tiempo real, mientras que nuestro innovador sistema de expresiones faciales transmite emociones auténticas, todo ello acompañado por la música a cargo del equipo de HOYO-MiX. Esta aventura galáctica empieza contigo como protagonista, ¡en un universo de conflictos y alianzas donde tus decisiones determinarán el desenlace!

□ Personajes cautivadores - Conoce personajes únicos y entrelacen sus destinos
Al recorrer el mar de estrellas, no solo vivirás innumerables aventuras, sino también muchos encuentros fortuitos. Forjarás amistades inquebrantables en las tierras heladas, lucharás codo a codo durante las crisis de Xianzhou, vivirás encuentros inesperados en el sueño dorado, y el juego de un Eón cuando la fabuluna está llena... En mundos desconocidos conocerás a compañeros que recorren las diferentes Vías, con quienes vivirás viajes increíbles. Deja que sus risas y sus penas compongan la historia de su presente, pasado y futuro.

□ Combate táctico e innovador - Disfruta diversos modos de juegos y combinaciones de combate únicas
Participa en un sistema de combate que ofrece una gran variedad de formaciones de equipo. ¡Forma tu equipo según las características de tu enemigo y ataca en el momento oportuno para alzarte con la victoria! ¡Rompe la Debilidad de los enemigos, lanza ataques adicionales, inflige Daño con el tiempo y prueba el nuevo Momento Aha! Innumerables estrategias de combate te esperan a que las desbloquees. Desarrolla un enfoque adecuado para ti y afronta la oleada de retos que se avecina. Además de los intensos y emocionantes combates por turnos, podrás disfrutar de simulaciones de gestión de negocios, encuentros casuales y resolver acertijos. ¡Explora los emocionantes y diversos modos de juego, y experimenta infinitas posibilidades!


□ Los mejores actores de doblaje para una experiencia inmersiva - ¡Un conjunto de fantásticos doblajes disponibles en varios idiomas!
Las palabras cobran vida, las historias están abiertas a elección y los personajes tienen alma. Te presentamos decenas de emociones, cientos de expresiones faciales, miles de historias y millones de palabras que forman el núcleo de este universo. Con doblajes en cuatro idiomas, los personajes no son solo personajes, sino compañeros reales con los que podrás escribir un nuevo capítulo en tu historia.

Correo electrónico de Atención al Cliente: hsrcs_es@hoyoverse.com
Sitio web oficial: https://hsr.hoyoverse.com/es-es/home
Facebook: https://www.facebook.com/HonkaiStarRail.ES/
Instagram: https://www.instagram.com/honkaistarrail/
Twitter: https://twitter.com/honkaisr_es
YouTube: https://www.youtube.com/@HonkaiStarRail
Discord: https://discord.gg/honkaistarrail
TikTok: https://www.tiktok.com/@honkaistarrail_official
Reddit: https://www.reddit.com/r/HonkaiStarRail/",4.0380163,511741.0,2150.0,564,honkai star rail rpg fantasía espacial hoyover él subir expreso astral descubrir maravilla infinito galaxia viaje lleno emoción aventura conocerás compañero mundo encontrarás cara conocido juntos resolver problema causado estelaron descubrir secreto oculto travesía llevar estrella explora mundo único descubre universo lleno sorpresa salto comenzar estación espacial objeto raro sellado planeta sumido invierno eterno flota gigante cazar abominación planeta celebración sumido dulce sueño tierra eterno destino incierto arcadio caer pintura parada expreso astral mirada único galaxia explorar mundo civilización maravilloso descubrir misterio inimaginabl viaje extraordinario rpg fascinante aventura estelar inmersivo incomparable embárcate aventura galáctico historia motor innovador renderizar cinemática alta calidad tiempo real innovador sistema expresión facial transmitir emoción auténtico acompañar música cargo equipo aventura galáctico empezar protagonista universo conflicto alianza decisión determinar desenlace personaje cautivador conocer personaje único entrelacir destino recorrer mar estrellas vivirás innumerable aventura encuentro fortuito forjarás amistad inquebrantabl tierra helada lucharás codo codo crisis xianzhou vivirás encuentro inesperado sueño dorado eón fabuluna lleno mundo desconocido conocer compañero recorrer vías vivirás viaje increíble dejar risa pena componer historia presente futuro combate táctico innovador disfrutar modos juego combinación combate único participar sistema combate ofrecer variedad formación equipo formar equipo característica enemigo atacar momento oportuno alzarte victoria romper debilidad enemigo lanza ataque adicional infligir daño tiempo probar momento aha innumerable estrategia combate esperar desbloquees desarrolla enfoque adecuado afrontar oleada reto avecinar intenso emocionante combate turno disfrutar simulación gestión negocio encuentro casual resolver acertijo explorar emocionante modos experimentar infinito posibilidad mejor actor doblaje experiencia inmersivo conjunto fantástico doblaj disponible idioma palabra cobrar vida historia abierto elección personaje alma presentamos decena emoción expresión facial historia millón palabra formar núcleo universo doblaj idioma personaje personaje compañero real escribir capítulo historia correo electrónico atención cliente sitio web oficial facebook instagram twitter youtube discord tiktok reddit,292
com.InlogicSports.FootballKicks,FOOTBALL Kicks - Futbol Strike,Deportes,https://play.google.com/store/apps/details?id=com.InlogicSports.FootballKicks&hl=es&gl=es,"Vive el futbol como nunca antes con <b>FOOTBALL Kicks</b>, uno de los juegos de futbol 2026 más emocionantes con competiciones de penaltis ilimitadas en el modo <b>MULTIJUGADOR</b>. Con gráficos y efectos de sonido super realistas te sentirás como una mini soccer star formando parte de un equipo de futbol de categoría mundial. 

Demuestra tu potencial para clasificarte en los niveles más altos de la liga de football y conviértete en una soccer star de cada división. Mejora tus habilidades, precisión de penaltis y el efecto de tu super goal, vive partidos de futbol como por ejemplo en la copa america y asegura tu posición en la clasificación mundial de los mejores jugadores de juegos de futbol 2026.

Lleva a tu equipo a la victoria, perfecciona tus penaltis y las paradas de portero, compite contra jugadores de futbol de todo el mundo, marca un super goal trás otro y avanza a la siguiente división. Juega como en un campo de futbol real, avanza en la liga semanal y en el torneo mundial de penaltis y conviértete en mini soccer star de juegos de futbol 2026.


- <b>CONSTRUYE TU EQUIPO</b>
Construye el mejor equipo con un montón de artículos gratuitos, compra potenciadores para mejorar tus penaltis, marca más de un super goal y gana competiciones parecidas a la prestigiosa copa américa como el rey de los juegos de futbol 2026.

- <b>MULTIJUGADOR EN TIEMPO REAL</b>
Sin embargo, la verdadera emoción del football comienza cuando entras en el modo MULTIJUGADOR. Conecta con otros jugadores de futbol de todo el mundo y compite en partidos uno contra uno, marcando un super goal con penaltis como una mini soccer star.

- <b>LA LIGA SEMANAL Y EL TORNEO MUNDIAL</b>
Con Football kicks tendrás acceso a partidos ilimitados de penaltis, cada uno más desafiante que el anterior. Tanto si buscas partidos de penaltis super rápidos como un torneo de super goal más largo, juegos de futbol 2026 como este lo cubren todo. Y si eres una soccer star que busca un desafío extra, asegura tu posición en el torneo mundial de tiros libres inspirado en competiciones como la copa américa.

- <b>FOOTBALL KITS ÚNICOS</b>
Descubre la tienda con equipaciones únicas para tu equipo. Desbloquea balones especiales con los que será más fácil tirar penaltis y marcar un super goal trás otro, cambia la vestimenta de tus jugadores y colecciona kits únicos propios de una mini soccer star.

- <b>PASE DE TEMPORADA</b>
Con una gran variedad de partidos de penaltis y pases a divisiones de futbol más difíciles, siempre hay un nuevo desafío que superar en este tipo de juegos de futbol 2026. Conviértete en una mini soccer star y consigue el Pase de Temporada para disfrutar de los mejores partidos de penaltis y recompensas aún más especiales.

- <b>OTRAS CARACTERÍSTICAS</b>
En los partidos de penaltis tendrás que apuntar con cuidado, ajustar la potencia y utilizar todas tus habilidades para marcar un super goal, teniendo en cuenta la posición del portero del equipo contrario. Juega al Football kicks todos los días, tira penaltis,  consigue bonificaciones gratis y recompensas únicas.


Empieza como un jugador de penaltis principiante, entrena y gana torneos al estilo de la prestigiosa copa américa. Muchos jugadores de futbol pueden marcar un super goal, pero solo una auténtica soccer star puede dominar juegos de futbol 2026 y ganar la copa de penaltis en la liga semanal o en el torneo mundial.

<b>FOOTBALL Kicks</b> con penaltis es la estrella entre juegos de futbol 2026 y es justo lo que buscas.",4.03,19239.0,116.0,583,vivir futbol football juego futbol emocionante competición penalti ilimitado gráfico efecto sonido super realista sentirás mini soccer star formar equipo futbol categoría mundial demostrar potencial clasificar tú nivel alto liga football conviértetir soccer star división mejorar habilidad precisión penalti efecto super goal vivir partido futbol ejemplo copa americo asegurar posición clasificación mundial mejor jugador juegos futbol equipo victoria perfeccionar penalti parada portero competir jugador futbol mundo marcar super goal avanzar división jugar campo futbol real avanzar liga semanal torneo mundial penalti conviértetir mini soccer star juegos futbol construye construir equipo montón artículo gratuito compra potenciador mejorar penalti marca super goal ganar competición parecido prestigioso copa américo rey juego futbol multijugador tiempo emoción football comenzar entrar multijugador conecta jugador futbol mundo competir partido marcar super goal penalti mini soccer star liga semanal torneo football kicks tendrás acceso partido ilimitado penalti desafiante buscar partido penalti super rápido torneo super goal juego futbol cubrir soccer star buscar desafío extra asegurar posición torneo mundial tiro libre inspirado competición copa américo football kits descubrir tienda equipación único equipo desbloquea balón especial fácil tirar penalti marcar super goal cambiar vestimenta jugador colecciona kits único mini soccer star pase variedad partido penalti pase división futbol difícil desafío superar tipo juegos futbol conviértete mini soccer star pase temporada disfrutar mejor partido penalti recompensa especial partido penalti tendrar apuntar cuidado ajustar potencia utilizar habilidad marcar super goal tener posición portero equipo contrario jugar football kicks tira penalti bonificación recompensa único empezar penalti principiante entrenar ganar torneo estilo prestigioso copa américo jugador futbol marcar super goal auténtico soccer star dominar juego futbol ganar copa penalti liga semanal torneo mundial football penalti estrella juego futbol buscas,275
com.JindoBlu.OfflineGames,Juegos sin Conexion a Internet,Casuales,https://play.google.com/store/apps/details?id=com.JindoBlu.OfflineGames&hl=es&gl=es,"Prepárate para ""Juegos Sin Conexión"": ¡diversión para todas las edades y también un entrenamiento mental! Esta colección de juegos sin conexión es como una caja de juguetes repleta con más de 20 minijuegos únicos. Está diseñada para entusiastas de los juegos clásicos, amantes de los rompecabezas y aquellos que buscan desafíos. ¿Y la mejor parte? ¡No necesitas conexión a internet para disfrutarla!

Nuestra variedad de Juegos Numéricos como 2048 y 2248 hará que tus neuronas se activen. Sumérgete en estos desafíos numéricos y esfuerza por alcanzar las puntuaciones más altas. Son perfectos para mantener tu mente alerta y, además, ¡son adictivos! Te encontrarás regresando para superar tus propios récords una y otra vez.
Los Juegos de Palabras son una excelente manera de expandir tu vocabulario y habilidades lingüísticas. Con juegos de adivinar palabras y buscador de palabras, te embarcarás en una aventura a través de un laberinto de letras, descubriendo palabras ocultas y creando tus propias listas. Es una manera divertida de aprender palabras nuevas y el desafío te mantendrá enganchado por horas.

Siente la adrenalina con nuestros Desafíos Emocionantes. Entra al intrigante mundo de Buscaminas, donde cada clic podría ser el último. O juega Ahorcado, donde tendrás que exprimir tu cerebro para adivinar las letras correctas antes de que se acabe el tiempo.

Hemos traído de vuelta algunos de tus Juegos de Memoria Clásicos favoritos. Ejercita tu cerebro con nuestro juego de memoria auditiva, una versión moderna del clásico 'Simon Dice'. Para un toque de nostalgia, también hemos incluido el muy querido juego de la Serpiente.

Para los estrategas y pensadores serios, nuestra sección de Retos Mentales es perfecta. El ajedrez y los rompecabezas de ajedrez ofrecen un entrenamiento mental y diversión cerebral. Perfecciona tus habilidades estratégicas y toma el reto de convertirte en el gran maestro.

Nuestros Juegos para Dos Jugadores ofrecen la oportunidad perfecta para un enfrentamiento amistoso. Enfréntate a la IA en juegos como Damas, Billar o Tres en Línea, incluso en modo avión. ¡Acción divertida cuando quieras y donde quieras! ¡Ve si tus amigos pueden hacerlo mejor!

Nuestra colección incluye juegos que estimulan el cerebro como Emparejar con un Toque, Solitario, Sudoku, Bloques de Madera, 4 en Línea y el Puzzle Deslizante en nuestra sección Manténlos Pensando. Estos juegos están diseñados para mantener tu mente alerta y concentrada, y también son muy divertidos.

¿Alguna vez quisiste probar un juego exótico? Ahora puedes, directamente desde tu dispositivo, con Mancala en nuestra sección de Juegos Exóticos.

'Juegos Sin Conexión' es una aplicación fantástica para todas las edades: niños, adolescentes, adultos e incluso personas mayores. Ofrece una experiencia de juego divertida, envolvente y estimulante sin la necesidad de conexión a internet. Ya sea que estés en un largo viaje, atrapado en casa o en medio de un vuelo, nunca estarás lejos de la acción con 'Juegos Sin Conexión'. Es la aplicación perfecta para desafiarte, pasar el tiempo y divertirte al máximo.

Recuerda, con 'Juegos Sin Conexión', no necesitas una conexión a internet para jugar. Puedes disfrutar de tus juegos favoritos en cualquier momento y lugar. Di adiós a esos momentos aburridos y da la bienvenida al entretenimiento interminable con 'Juegos Sin Conexión'. ¿Quién hubiera pensado que divertirse podría ser tan fácil? ¡Sumérgete y comienza a jugar hoy!",4.675676,445453.0,1970.0,539,prepárate juegos conexión diversión edad entrenamiento mental colección juego conexión caja juguete repleto minijuego único diseñar entusiasta juego clásico amante rompecabeza buscar desafío necesitar conexión internet disfrutar él variedad juegos numéricos hacer neurona activir sumérgete desafío numérico esfuerza alcanzar puntuación alto perfecto mantener mente alerta adictivo encontrarás regresar superar récord juegos palabras excelente expandir vocabulario habilidad lingüístico juego adivinar palabra buscador palabra embarcarás aventura laberinto letra descubrir palabra oculto crear lista divertido aprender palabra desafío mantener enganchado hora sentir adrenalina desafíos emocionante entrar intrigante mundo buscaminas clic jugar ahorcado tendrar exprimir cerebro adivinar letra correcto acabar tiempo traer vuelta juegos memoria clásicos favorito ejercita cerebro memoria auditiva versión moderno clásico simon toque nostalgia incluir querido serpiente estratega pensador serio sección retos mentales perfecto ajedrez rompecabeza ajedrez ofrecer entrenamiento mental diversión cerebral perfeccionar habilidad estratégico tomar reto convertirte maestro juegos jugadores ofrecer oportunidad perfecto enfrentamiento amistoso enfréntatir ia juego damas billar línea avión acción divertido querer querer ver amigo colección incluir juego estimular cerebro emparejar toque solitario sudoku bloques madera línea puzzle deslizante sección manténlos pensar juego diseñado mantener mente alerta concentrado divertido quisiste probar exótico poder dispositivo mancala sección juegos exóticos juegos conexión aplicación fantástico edad niño adolescente adulto persona mayor ofrecer experiencia divertido envolvente estimulante necesidad conexión internet viaje atrapado casa vuelo estarás acción juegos conexión aplicación perfecto desafiarte pasar tiempo divertir tú máximo recordar juegos conexión necesitar conexión internet disfrutar juego favorito momento lugar di adiós momento aburrido bienvenida entretenimiento interminable juegos conexión pensar divertir él fácil sumérgete comenzar,251
com.KhoGames.WarzoneCommander,Warzone Commander,Acción,https://play.google.com/store/apps/details?id=com.KhoGames.WarzoneCommander&hl=es&gl=es,"Embárcate en una emocionante aventura militar en Warzone Commander, un dinámico juego de guerra en 2D que te pone al mando de un ejército de élite. Participa en intensas batallas en campos de batalla realistas mientras diriges estratégicamente a tus fuerzas hacia la victoria. Domina el arte de la guerra, planifica maniobras tácticas y despliega una gran variedad de armas, vehículos y fuerzas especiales para dominar el campo de batalla.

Características principales:

🎮 Juegos de guerra y estrategia militar: Sumérgete en el corazón de la guerra, donde las decisiones estratégicas determinan el resultado de cada batalla.

Juego de acción y disparos: Experimenta la adrenalina de un juego de disparos lleno de acción mientras lideras a tus tropas en combate.

🚁 Helicópteros, aviones y tanques: Despliega un formidable arsenal, que incluye helicópteros, aviones y tanques, para obtener la ventaja en la guerra.

Mando de escuadrón táctico: Toma el control de un escuadrón táctico, utilizando sus habilidades únicas para superar en maniobras y astucia al enemigo.

Campos de batalla realistas: Navega por entornos realistas, desde trincheras traicioneras hasta extensas zonas de guerra, cada una con sus propios desafíos.

🛡️ Defensa de la base y operaciones bélicas: Defiende tu base de los ataques enemigos y planifica operaciones bélicas estratégicas para asegurarte la victoria.

Misiones de fuerzas especiales: Emprende misiones de fuerzas especiales para infiltrarte en las líneas enemigas y cumplir objetivos críticos.

🔧 Personalización de armas y vehículos: Equipa a tus soldados con una gran variedad de armas y personaliza los vehículos para adaptarlos a tus preferencias tácticas.

👨‍✈️ Comanda tu ejército: Asume el papel de un hábil comandante, dirigiendo a tu ejército con precisión y pericia.

🚨 Simulación militar y aventura de supervivencia: Experimenta la intensidad de la simulación militar y la aventura de supervivencia en medio de un mundo en guerra.

Participa en la batalla definitiva por la supremacía en Warzone Commander. Domina el campo de batalla, perfecciona tus tácticas y conviértete en el maestro de la estrategia militar. ¿Estás listo para llevar a tu ejército a la victoria? ¡Descárgalo ahora y embárcate en una épica aventura bélica!",4.5852532,285345.0,824.0,347,embárcate emocionante aventura militar warzone commander dinámico guerra poner mando ejército élite participar intenso batalla campo batalla realista diriges fuerza victoria dominar arte guerra planificar maniobra táctico desplegar variedad arma vehículo fuerza especial dominar campo batalla características principal juegos guerra estrategia militar sumérgete corazón guerra decisión estratégico determinar resultado batalla juego acción disparo experimentar adrenalina disparo lleno acción lideras tropa combate helicópteros avión tanque desplegar formidable arsenal incluir helicóptero avión tanque obtener ventaja guerra mando escuadrón táctico tomar control escuadrón táctico utilizar habilidad único superar maniobra astucia enemigo campos batalla realista navegar entorno realista trinchera traicionero extenso zona guerra desafío defensa base operación bélico defiende base ataque enemigo planificar operación bélico estratégico asegurarte victoria misiones fuerza especial emprender misión fuerza especial infiltrarte línea enemigas cumplir objetivo crítico personalización arma vehículo equipa soldado variedad arma personalizar vehículo adaptar él preferencia táctico comanda ejército asumir papel hábil comandante dirigir ejército precisión pericia simulación militar aventura supervivencia experimentar intensidad simulación militar aventura supervivencia mundo guerra participar batalla definitivo supremacía warzone commander dominar campo batalla perfeccionar táctica conviértetir maestro estrategia militar estar listo ejército victoria descárgalo embárcatir épico aventura bélico,186
com.Kidoverse.HairSalon,Hair Salon Games For Kids,Simulación,https://play.google.com/store/apps/details?id=com.Kidoverse.HairSalon&hl=es&gl=es,"Bienvenidos a Kido Hair Salon, una divertida aventura de peluquería para niños ✂️🎨
¡Niños, conviértanse en los mejores peluqueros y estilicen su cabello en este creativo juego de peluquería!

*** Nuestros juegos son muy seguros. Sin anuncios 🚫📢
Contenido gratuito disponible 🎁
En Kido, nuestro objetivo es crear una experiencia divertida, segura y sin interrupciones para que niños y padres disfruten 💙 ***

Kido Hair Salon forma parte de Kido+, un servicio de suscripción que brinda a tu familia acceso a infinitas horas de juego y actividades educativas.

Despierta la imaginación de tu hijo con un divertido juego donde podrán cortar, peinar y diseñar looks divertidos para diferentes personajes en un entorno seguro y creativo.

✨ Características principales:

* Diversión sin límites con el peinado: Los niños pueden cortar, teñir, rizar y peinar el cabello para crear looks únicos. Desde cortes de moda hasta colores vibrantes, ¡la creatividad siempre está garantizada! ✂️🌈
* Vístete y elige accesorios: Completa cada look con conjuntos, pendientes, collares, sombreros, bufandas y otros accesorios divertidos. 👗🧢
* Diseñado para niñas y niños: Una amplia variedad de personajes y estilos, clásicos, retro, adorables y atrevidos, para todos los gustos. 🧒👧
* Creatividad desatada: Sin reglas, sin respuestas incorrectas, solo juego abierto que permite a los niños experimentar libremente. 🎨✨

❤️ Por qué a los padres les encanta Kido Hair Salon:

* Sin publicidad ni distracciones: Los niños disfrutan de un tiempo de juego seguro y sin interrupciones.
* Seguro para niños: Cumple totalmente con la COPPA y el RGPD K, cumpliendo con los más altos estándares de privacidad y seguridad. 🔒
* Fomenta la creatividad y el juego independiente: Ayuda a los niños a expresarse y a desarrollar confianza. * Fácil de usar: Diseñado para niños de todas las edades, incluyendo a los más pequeños 👍

Descarga Kido Peluquería ahora 📲
Descubre un juego de peluquería creativo y sin publicidad donde la diversión, la imaginación y la seguridad se unen.

Acerca de Kido Games
En Kido Games, nos dedicamos a crear experiencias divertidas y significativas para los niños, priorizando siempre la seguridad 💙
Todos los juegos de Kido no tienen publicidad y están diseñados para un juego creativo y sin preocupaciones.
Nos enorgullece cumplir con los estándares COPPA y GDPR K para garantizar un entorno seguro donde los niños puedan explorar, crear y divertirse.

🌐 Visita nuestro sitio web: [https://www.kidoverse.net/](https://www.kidoverse.net/)
📜 Términos de servicio: [https://www.kidoverse.net/terms-of-service](https://www.kidoverse.net/terms-of-service)
🔐 Aviso de privacidad: [https://www.kidoverse.net/privacy-notice](https://www.kidoverse.net/privacy-notice)",4.1862745,41279.0,15.0,404,bienvenido kido hair salon divertido aventura peluquería niño niños conviértanse mejor peluquero estilizar cabello creativo peluquería juego seguro anuncio contenido gratuito disponible kido objetivo crear experiencia divertido seguro interrupción niño padre disfrutar kido hair salon formar servicio suscripción brindar familia acceso infinito hora actividad educativo despertar imaginación hijo divertido cortar peinar diseñar look divertido personaje entorno seguro creativo características principal diversión límite peinado niño cortar teñir rizar peinar cabello crear look único corte moda color vibrante creatividad garantizado vístete elegir accesorio completar look conjunto pendiente collar sombrero bufanda accesorio divertido diseñado niña niño amplio variedad personaje estilo clásico retro adorabl atrevido gusto creatividad desatado regla respuesta incorrecto abierto permitir niño experimentar padre encantar kido hair salon publicidad distracción niño disfrutar tiempo seguro interrupción seguro niño cumplir coppa rgpd cumplir alto estándar privacidad seguridad fomentar creatividad independiente ayuda niño expresar él desarrollar confianza fácil diseñado niño edad incluir pequeño descarga kido peluquería descubrir peluquería creativo publicidad diversión imaginación seguridad unir kido games kido games dedicar crear experiencia divertido significativo niño priorizar seguridad juego kido publicidad diseñado creativo preocupación enorgullecer cumplir estándar coppo gdpr garantizar entorno seguro niño explorar crear divertir él visita sitio web términos servicio aviso privacidad,197
com.Laxarus.TigerBall,Tigerball,Arcade,https://play.google.com/store/apps/details?id=com.Laxarus.TigerBall&hl=es&gl=es,"¡Ábrete paso hacia la gloria en este arcade sin fin!

Características:

- Física de tigerball superrealista
- Control de deslizamiento suave y sedoso
- Juego rápido pero relajante
- 100 niveles diseñados a mano en 20 mundos",4.3098083,452673.0,40432.0,37,paso gloria arcade características física tigerball superrealista control deslizamiento suave sedoso juego rápido relajante nivel diseñado mano mundo,18
com.Love.Story,Love Story® Historias de Amor,Simulación,https://play.google.com/store/apps/details?id=com.Love.Story&hl=es&gl=es,"Nuevos episodios de tus favoritas historias interactivas en español están AQUÍ!

<b>Love Story - Your Choices ®</b>

¡Juegos de historias de amor te están esperando! ¡Las decisiones más intrigantes que vas a tomar en tu vida!

Sumérgete en los juegos de amor y las ardientes historias interactivas en español, cargadas de pasión, intriga, suspenso que te dejarán sin aliento. Decide tu historia de amor. ¡Juega a los juegos de amor, toma decisiones y vive tus propias historias interactivas!

*** Es el momento de tomar decisiones y elegir historia - ¿Cuál será tu siguiente episode? ¿Es inevitable elegir la respuesta tan tabou? - ¡Lee nuestras historias de amor y descubre!

Descarga <b>Love Story ® - Your Choices</b> y explora las series interactivas de juegos de amor, creados por Webelinx para todos los fans del romance y el episode de la pasión. Tú controlas tus decisiones e historias interactivas en español, pero ten cuidado - ¡Las decisiones malas pueden cambiarlo todo!

<b>Love Story ® - Your Choices</b>

💗 RECUERDOS OLVIDADOS – historias interactivas con episode español sobre el misterio enterrado en los recuerdos dolorosos;
💗 CORAZÓN DE ESPÍA - historias interactivas en el mundo emocionante de espionaje. Tomar decisiones nunca ha sido tan emocionante;
💗 NOVIO DE ALQUILER - juegos de amor sobre las situaciones y las decisiones tabou más inesperadas...
... y muchas más historias de amor te están esperando!


<b>Love Story ® - Your Choices</b> CARACTERÍSTICAS:
💟 Descarga juegos de amor con historias interactivas en español y sé la estrella de tu romance;
💟 Personaliza tu aspecto, elige un alias y el outfit para el siguiente episode español;
💟 Enamórate o resiste la tentación – cada una de las historias interactivas te dejará sin palabras. ¡Ojo con las decisiones que tomas;
💟 Episode español – te esperan series interactivas con historias de amor que te seducirán por completo.

✦ ¡Toma decisiones tabu y disfruta leyendo historias interactivas en español más emocionantes!

💚 Lee las historias interactivas con episode español intrigantes;
💜 Toma parte en las decisiones de las historias de amor taboo muy dramáticas;
💙 Disfruta de los juegos románticos - las decisiones son tuyas;
💚 Elige el episode envuelto en misterio y sumérgete en el mundo de los taboo juegos de amor .

✦ Toma el control sobre tus historias interactivas español. ¡Las decisiones que tomas en las historias de amor determinan el desenlace!

Descarga <b>Love Story ® - Your Choices</b>  y toma las correctas decisiones con episode español y disfruta! Enfréntate a eventos taboo y lee las mejores historias de amor .

Echa un vistazo a los nuevos juegos de amor para chicas. Los emocionantes juegos de historias de amor serán tu mejor entretenimiento en las noches frías. ¡Puede descargar una colección de episode en su teléfono y tableta absolutamente gratis! Toma las mejores decisiones; descarga  <b>Love Story ® - Your Choices</b> y disfruta!

instagram.com/webelinx_love_story
facebook.com/WebelinxLoveStoryGames
twitter.com/WebelinxStory
youtube.com/channel/UCNDk6T-QvoacWWRF-UUjYcw",4.162667,131522.0,523.0,480,episodio favorito historia interactivo español love story your choices juegos historia amor esperar decisión intrigant tomar vida sumérgete juego amor ardient historia interactivo español cargado pasión intriga suspenso dejar aliento jugar juego amor tomar decisión vivir historia interactivo momento tomar decisión elegir historia episode lee historia amor descubrir descarga love story your explorar serie interactivo juegos amor creado webelinx fan romance episode pasión controla decisión historia interactivo español ten cuidado decisión mala cambiar él love story your recuerdos olvidados historia interactivo episode español misterio enterrado recuerdo doloroso corazón espía historia interactivo mundo emocionante espionaje tomar decisión emocionante novio alquiler juego amor situación decisión tabou inesperado historia amor esperar love story your características descarga juegos amor historia interactivo español estrella romance personaliza aspecto elegir alias outfit episode español enamórate resistir tentación historia interactivo dejar palabra decisión tomar episode español esperar serie interactivo historia amor seducir completo tomar decisión tabu disfrutar leer historia interactivo español emocionante lee historia interactivo episode español intrigant toma decisión historia amor taboo dramático disfrutar juego romántico decisión elegir episode envuelto misterio sumérgete mundo taboo juegos amor tomar control historia interactivo español decisión tomas historia amor determinar desenlace descarga love story your tomar correcto decisión episode español disfrutar enfréntatir evento taboo leer mejor historia amor echar vistazo juego amor chica emocionante juego historia amor entretenimiento noche frío descargar colección episode teléfono tabletar tomar mejor decisión descarga love story your disfrutar,232
com.Love.Story.Games.ChatLinx,Historia de amor: ChatLinx,Simulación,https://play.google.com/store/apps/details?id=com.Love.Story.Games.ChatLinx&hl=es&gl=es,"💕¿Estás listo para el juego de historia de amor más épico basado en mensajes?💕

¡Prepárate para una experiencia completamente nueva en un juego de elegir tu historia enriquecido con la jugabilidad basada en chat! Sé entre los primeros en probar <b><font color=""#320F52"">Historia de amor en chat: ChatLinx</font></b> - un revolucionario juego de aventuras basado en mensajes, y ve qué hace una “historia de amor” única llena de opciones determinantes y caminos diferentes. ¡Este impresionante juego de amor otome combina los elementos de misterio, suspense, amistad y amor, y te garantizamos que se convertirá en tu historia en chat número uno! Descarga este “juego de mensajes” y disfruta tomando decisiones cruciales mientras te enfrentas a uno de los desafíos más difíciles que tu grupo de la secundaria haya tenido hasta ahora. ¡Tu aventura de enviar mensajes comienza AHORA!

<b><font color=""#2E1F6A"">✨¡Una “historia por mensajes” - múltiples finales y varios desenlaces!✨</font></b>

<b>CARACTERISTICAS</b>
** ¡”Historia de amor anime” llevada a un nivel totalmente nuevo!
** ¡Personaliza tu avatar y juega como tú mismo!
** ¡Opciones que realmente importan y que terminan en muchos caminos diferentes!
** ¡Desbloquea las opciones premium en esta historia de amor otome!
** ¡Experiencia única de enviar mensajes y chatear!
** Historia adictiva, tramas bien pensadas, personajes desarrollados y numerosas opciones de personalización - ¡todo disponible en nuestro nuevo “juego de chat”!
** ¡Nuestros nuevos “juegos de romance anime” están aquí para ti!

<b>IDIOMAS APOYADOS</b>: عربى, Polski, Türkçe, Español, Português, Deutsch, Français, Italiano, Bahasa Indonesia, srpski, Русский.

¡Solo para los fans de los “juegos de amor otome”! Conoce a los personajes originales y acompáñalos en su camino para resolver el misterioso caso de un amigo desaparecido. Sé testigo de miedo, misterio, drama, amor, amistad y toma decisiones cruciales. Encuentra la respuesta a la pregunta que impacta tu vida y la de tus amigos en esta “historia de amor adolescente”. La experiencia de enviar mensajes y chatear hará que esta novela visual te parezca más real y los atractivos personajes masculinos te harán morir por ellos. Disfruta de las ilustraciones anime combinadas con la novela de romance escolar - solo en esta historia por chat. ¡<b><font color=""#320F52""> Historia de amor en chat: ChatLinx </font></b> ya te está esperando!

¿Estás adicto a chatear? ¿Te gustan “juegos de simulación” con elecciones reales? Si buscas una historia por chat, un juego de simulador de citas o una novela visual, lo encontrarás todo aquí, en ChatLinx, ¡el juego de mensajes de texto de amor! Descarga este thriller misterio que trata de crecer, entablar amistades, enamorarse y descubrir secretos oscuros. ¡Las historias de amor interactivas nunca han sido más emocionantes! Empieza a jugar a <b><font color=""#320F52"">Historia de amor en chat: ChatLinx</font></b> ahora y crea tu propia historia de amor de adolescentes.",4.172932,119669.0,580.0,455,estar listo historia amor épico basado mensaje prepáratir experiencia elegir historia enriquecido jugabilidad basado chat probar amor chat revolucionario aventura basado mensaje ver historia amor único lleno opción determinante camino impresionante amor otome combinar elemento misterio suspense amistad amor garantizamos convertir historia chat número descargar mensaje disfrutar tomar decisión crucial enfrentar desafío difícil grupo secundaria aventura enviar mensaje comenzar historia mensaje múltiple final historia amor anime llevado nivel personaliza avatar jugar opción importar terminar camino desbloquea opción premium historia amor otome experiencia único enviar mensaje chatear historia adictivo trama pensado personaje desarrollado numeroso opción personalización disponible chat juegos romance anime idiomas عربى polski türkçe español português deutsch français italiano bahasa indonesia srpski русский fan juegos amor otome conocer personaje original acompaña él camino resolver misterioso caso amigo desaparecido testigo miedo misterio drama amor amistad tomar decisión crucial respuesta pregunta impactar vida amigo historia amor adolescente experiencia enviar mensaje chatear hacer novela visual parecer real atractivo personaje masculino hacer morir disfrutar ilustración anime combinado novela romance escolar historia chat historia amor chat chatlinx esperar adicto chatear gustar juegos simulación elección real buscar historia chat simulador cita novela visual encontrarás chatlinx mensaje texto amor descargar thriller misterio crecer entablar amistad enamorar él descubrir secreto oscuro historia amor interactivo emocionante empezar amor chat creer historia amor adolescente,214
com.Love.Story.Games.Kissed.Billionaire,Historia de amor Mi millonario,Simulación,https://play.google.com/store/apps/details?id=com.Love.Story.Games.Kissed.Billionaire&hl=es&gl=es,"Descubre el amor ardiente, el deseo loco, la pasión y el poder, y compruébalo por ti misma por qué el 💕<b>Beso de un Millonario – Historias Interactivas de Amor</b>💕 es una de las nuevas historias de amor en español más apasionantes que has leído.

¿Resistirás el encanto de un millonario misterioso que te ofrece el mundo o correrás el riesgo de perder todo por el amor? Descubre uno de los juegos de amor interactivo de Webelinx más excitantes y disfruta de las nuevas historias interactivas.

¿Sueñas con ser la protagonista de tus propios juegos de historias de amor interactivo? No busques más. Descarga el 💕<b>Beso de un Millonario – Historias Interactivas de Amor</b>💕 y lee una las mejores historias de amor en español. Ninguna de las decisiones de amor será fácil. Cada elección que haces determina el final de tu historia de amor. Por tanto, toma decisiones con cuidado y disfruta de los mejores juegos de historias de amor interactivo.

💕<b>Beso de un Millonario – Juegos de Amor Gratis</b>💕 - CARACTERÍSTICAS:

💗 Personaliza la protagonista de tus historias de amor interactivo
💗 Elige el estilo que demuestra mejor tu personalidad
💗 Gráficos increíbles y una historia de amor en español fascinante
💗 Toma decisiones - En nuestros juegos de amor interactivo, tú controlas lo que sucede
💗 Decisiones de amor únicas que llevan a finales impresionantes
💗 Beso de un Millonario – juegos de historias de amor gratis - disponible AHORA

¿Ya estás emocionada para empezar a jugar uno de los mejores juegos de historias interactivas de Webelinx? Nuestro nuevo juego de amor en español te brinda asombrosos personajes masculinos con los que vivirás momentos llenos de tremenda pasión y un romance increíble. Descarga el 💕<b>Beso de un Millonario – Juegos de Amor Gratis</b>💕, uno de los nuevos juegos de historias de amor interactivas y compruébalo por ti misma.",4.17,54355.0,201.0,309,descubrir amor ardiente deseo loco pasión compruébalo beso millonario historias interactivas historia amor español apasionant leer resistirás encanto millonario misterioso ofrecer mundo correrás riesgo perder amor descubrir juego amor interactivo webelinx excitante disfrutar historia interactivo sueña protagonista juego historia amor interactivo busquser descargar beso millonario historias interactivas leer mejor historia amor español decisión amor fácil elección determinar historia amor tomar decisión cuidado disfrutar mejor juego historia amor interactivo beso millonario juegos amor personaliza protagonista historia amor interactivo elegir estilo demostrar personalidad gráficos increíble historia amor español fascinante toma decisión juego amor interactivo controla suceder decisión amor único llevar final impresionante beso millonario juego historia amor disponible emocionado empezar mejor juego historia interactivo webelinx amor español brindar asombroso personaje masculino vivirás momento lleno tremendo pasión romance increíble descargar beso millonario juegos amor juego historia amor interactivo compruébalo,136
com.MarisSoftware.CarsLP,Cars LP: conducción extrema,Carreras,https://play.google.com/store/apps/details?id=com.MarisSoftware.CarsLP&hl=es&gl=es,"Cars LP: conducción extrema

¡La mejor experiencia de conducción de automóviles!

Ponte al volante de algunos de los coches más increíbles del mundo y explora un vasto mundo abierto en este emocionante juego de carreras. Con física realista, gráficos impresionantes y una variedad de modos desafiantes, Cars LP - Extreme Car Driving es el juego perfecto para cualquier entusiasta de los automóviles.

Características:

* Elige entre más de 100 vehículos diferentes, incluidos autos deportivos, autos potentes,  SUV y camiones.
* Explora un vasto mundo abierto con múltiples ciudades
* Compite en modos de carrera desafiantes, que incluyen contrarreloj, carreras de resistencia y competiciones de derrapes
* Transporte de mercancías con camiones
* Personaliza tu coche con diferentes trabajos de pintura y llantas
* Personaliza tu personaje con diferentes ropas y peinados
* Compra tu propia casa con garaje o incluso piscina
* Derrapa en las calles de la ciudad
* Haz lo que quieras

¡Descarga Cars LP - Extreme Car Driving hoy mismo y experimenta la mejor experiencia de conducción de automóviles!",4.5348835,7365.0,22.0,172,cars lp conducción extremo experiencia conducción automóvil ponte volante coche increíble mundo explorar vasto mundo abierto emocionante carrera física realista gráfico impresionante variedad modo desafiant cars lp extreme car driving perfecto entusiasta automóvil característica elegir vehículo incluido auto deportivo auto potente suv camión explorar vasto mundo abierto múltiple ciudad compite modos carrera desafiant incluir contrarreloj carrera resistencia competición derrap transporte mercancía camión personaliza coche trabajo pintura llanta personaliza personaje ropa peinado compra casa garaje piscina derrapa calle ciudad haz querer descarga cars lp extreme car driving experimentar experiencia conducción automóvil,90
com.MonsterPlanet.BlockDay,¡Block Day(Block Puzzle),Puzles,https://play.google.com/store/apps/details?id=com.MonsterPlanet.BlockDay&hl=es&gl=es,"¡""Block Day"" es el juego de rompecabezas en bloques más adictivo.
¡Pulsa para girar bloques y colócalos para completar las líneas!
¡Desafiando a ti mismo! ¡Usa bloques especiales para obtener tu puntuación más alta!

* ¡PULSA Y ARRASTRA! ¡Un juego simple del que todos pueden disfrutar!
  ¡Pulsa para girar bloques y arrastrarlos por el tablero!
  ¡Completa una línea ya sea verticalmente u horizontalmente, si completas tu línea sin espacios, desaparecerá!

* ¡Simple rompecabezas de bloque con estrategias únicas!
  ¡Gira varias formas de bloques sin límite!
  ¡Usa tus propias estrategias para girar tu bloque y colocarlos en la mejor posición!
  ¡Usa bloques especiales y extras que tienen varias habilidades para obtener una puntuación alta!

* ¡Bloque EXTRA y bloque ESPECIAL!
  ¡Sobrevive mientras puedas para desbloquear bloques extras!
  ¡Disfruta de las habilidades de los bloques especiales! ¡Hará que tu juego sea más dinámico!

* ¡Carácter encantador!
  ¡Completa la línea para alimentar a tus hambrientos personajes!
  ¡Los personajes te darán elementos útiles cuando los alimentes!
  ¡Por favor, aliméntalos más y más! ¡Si los personajes no pudieron comer bloques, acabará el juego!

* ¡Bien simple!
 ¡No es necesario registrarte tu cuenta!
 ¡No es necesario estar conectado al internet!
 ¡Puedes jugar hasta en el avión!

* READ_EXTERNAL_STORAGE/ WRITE_EXTERNAL_STORAGE 
   This is a privilege required for the game to provide in-game advertising.",,,,215,block day rompecabeza bloque adictivo pulsa girar bloque coloca él completar línea desafiar bloque especial obtener puntuación alto pulsa arrastrar simple disfrutar pulsa girar bloque arrastrar él tablero completar línea completar línea espacio desaparecer simple rompecabeza bloque estrategia único gira forma bloque límite estrategia girar bloque colocar él posición bloque especial extra habilidad obtener puntuación alto bloque extra bloque especial sobrevive poder desbloquear bloque extra disfrutar habilidad bloque especial hacer dinámico carácter encantador completar línea alimentar hambriento personaje personaje dar elemento útil aliment favor aliméntalo personaje comer bloque acabar simple necesario registrar tú necesario conectado internet avión this is privilege required for the to providir advertising,106
com.NeverGames.Gridpunk,Gridpunk Battle Royale 3v3 PvP,Acción,https://play.google.com/store/apps/details?id=com.NeverGames.Gridpunk&hl=es&gl=es,"Participa en <b> rápidas partidas battle royale multijugador 3v3 PvP </b> en battles en tiempo real cyberpunk para una verdadera explosión de adrenalina!

Incrementa tu arsenal tirador con <b> armas únicas </b> y artilugios con super ataques y siente una intesa acción con este divertido y único free-to-play 3v3 PvP battle royale multijugador para dispositivos móbiles.

Prepara tus armas de fuego y alistate a matar, en battle royale a tu oponente multijugador 3v3 PvP contra enemigos de todas partes del mundo!

<b>Gridpunk – Battle Royale 3v3 PvP </b> es un tirador en tiempo real con partidas rápidas! Sé rápido, apunta tus armas y lanza drones en estas rápidas battles de battle royale. No lo olvides, todas las partidas de matar 3v3 son online con jugadores reales.

<b><u>100% BASADO EN HABILIDAD</u></b>
<i>Nunca pagues para ganar!</i> Las mecánicas de juego de Gridpunk – Battle Royale 3v3 Pvp son fáciles de aprender, difíciles de dominar y sirve de puente entre lo ultra-competitivo, experiencia cross-platform. Controlando un único joystick intuitivo en combinación con un único sistema de auto-apuntar diseñado para jugadores casuales y hardcore, hace del combate una óptima experiencia battle royale.

<b><u>ELIGE TU MODO DE JUEGO</u></b>
<i>Deathmatch:</i> Adentrate en battle royale mientras te haces camino a la supremacía. Presta atención a todos los detalles cyberpunk que ayudaran a tu shooter.

<b><u>TONELADAS DE ARMAS, ARTILUGIOS Y HABILIDADES</u></b>
Prefieres una experiencia cercana en un 3v3 PvP battle royale o un combate letal a la distancia? Elige un multiuso rifle automatico, asegurate las posiciones defensivas estratégicas con rifles sniper de larga distancia, o siembra el caos con lanza cohetes exóticos. Quieres que tu battle royale use artilugios? No hay problema! Lanza ataques con la devastadora <b> bomba suicida</b> en tus juegos de matar, o el increíble <b>cyberpunk Lurker</b> para controlar la arena.

<b><u>PROGRESIÓN DEL JUEGO</u></b>
Acumula XP y sube de nivel jugando misiones en solitario y en eventos limitados de juegos de battle royale
<i>Desbloquea pistolas de niveles superiores</i> y otras armas dominando las armas de niveles inferiores
Elige al shooter perfecto con rifles de larga distancia o snipers, escopetas de corto alcanze or armas laser automáticas.

<b><u>MULTIJUGADOR BATTLE ROYALE EN TIEMPO REAL</u></b>
Destruiras rivales que esten en tu mismo nivel de tirador en partidas de matar 3v3 PvP. Destrúyelos y subiras en los rankings de la tabla de posiciones y desbloquea increíble <i>equipamiento cyberpunk</i>.

<b><u>DESBLOQUEA SHOOTER CON HABILIDADES ÚNICAS</u></b>
Dispara, destruye y haz explotar cosas en estilo cyberpunk con decenas de clases para elegir! Sé rápido y sigiloso en el battle arena con <b>Rockerboy</b> o asesina a tus rivales con <b>Netrunner!</b>

<b><u>SUBE EN LA TABLA DE POSICIONES</u></b>
Tablas de posiciones de liga y global por temporadas! Tienes las suficientes habilidades para subir en las tablas de posiciones y reclamar premios al final de la temporada battle royale?  


Si te gustan los juegos multijugador en tiempo real de PvP battle royale o si te gustan los juegos de matar de 3v3 PvP, amaras Gridpunk - Battle Royale 3v3 PvP  ! O quizás tan solo amas <b>Cyberpunk</b> tanto como nosotros.
 
De cualquier manera, no encontraras en ningún lado un 3v3 PvP battle royale mas divertido que sea free to play y multijugador.

<b>Gridpunk Battle Royale 3v3 PvP</b> en redes sociales:

---> Gridpunk Battle Royale 3v3 PvP en Facebook: https://www.facebook.com/GridpunkGame

---> Gridpunk Battle Royale 3v3 PvP en Discord: https://discord.gg/5tUaZec

---> Gridpunk Battle Royale 3v3 PvP en Reddit: https://www.reddit.com/r/Gridpunk/",4.367089,10944.0,24.0,560,participar rápido partidas battle royale multijugador pvp battles tiempo real cyberpunk explosión adrenalina incrementar arsenal tirador arma único artilugio super ataque sentir intesa acción divertido único pvp battle royale multijugador dispositivo móbil preparar arma fuego alistate matar battle royale oponente multijugador pvp enemigo parte mundo gridpunk battle royale pvp tirador tiempo real partida rápido rápido apuntar arma lanzar drón rápido battles battle royale olvidser partida matar online jugador real basado pagues mecánica gridpunk battle royale pvp fácil aprender difícil dominar servir puente experiencia controlar único joystick intuitivo combinación único sistema diseñado jugador casual hardcore combate óptimo experiencia battle royale elegir adentrate battle royale camino supremacía prestar atención detalle cyberpunk ayudar shooter toneladas armas artilugios prefieres experiencia cercano pvp battle royale combate letal distancia elegir multiuso rifle automatico asegurate posición defensivo estratégico rifle sniper largo distancia sembrar caos lanza cohetes exótico problema lanza ataque devastador bomba juego matar increíble cyberpunk controlar arena progresión acumula xp subir nivel jugar misión solitario evento limitado juegos battle royale desbloquea pistola nivel arma dominar arma nivel inferior elegir shooter perfecto rifle largo distancia snipers escopeta corto alcanze arma laser automático multijugador battle royale tiempo destruiras rival estir nivel tirador partida matar destrúyelo subiras rankings tabla posición desbloquear increíble equipamiento desbloquea shooter habilidades dispara destruir haz explotar cosa estilo cyberpunk decena clase elegir rápido sigiloso battle arena asesinar rival sube tabla tabla posición liga global temporada tener suficiente habilidad subir tabla posición reclamar premio temporada battle royale gustar juegos multijugador tiempo real pvp battle royale gustar juego matar pvp amara gridpunk battle royale pvp ama encontrarar pvp battle royale divertido to multijugador gridpunk battle royale red social gridpunk battle royale pvp facebook gridpunk battle royale pvp discord gridpunk battle royale pvp reddit,286
com.Nobodyshot.kuboom,KUBOOM 3D: Shooter FPS,Acción,https://play.google.com/store/apps/details?id=com.Nobodyshot.kuboom&hl=es&gl=es,"¿Te gustan los juegos JcJ en primera persona? ¿Quieres jugar a un shooter de auténtica acción? ¿Te atreves a aceptar el desafío?
  
  Entonces juega a KUBOOM, un shooter multijugador en primera persona con varios modos de disparo. En este juego encontrarás todo lo que necesitas: ubicaciones únicas, opciones de personalización de armas, varios modos de juego para que elijas el que más se adapte a tu estilo, un mercado para negociar con otros jugadores, etc. Compite con millones de jugadores de todo el planeta, haz que tu luchador ascienda a lo más alto y únete al clan más fuerte o crea el tuyo propio.
  
  Elige un personaje y personalízalo. Consigue un arma de fuego y demuestra a tus enemigos quién manda en el campo de batalla. En este juego mutijugador encontrarás prácticamente de todo: una pistola, una escopeta, una ametralladora, un fusil de francotirador… Al elegir un arma, fíjate en sus estadísticas: cada una varía en daños y precisión. Consigue la que mejor se adapte a ti. Todas las armas del juego se pueden personalizar y mejorar: cambia el cañón para mejorar la precisión, añade un accesorio o monta una mira para disparar como un auténtico francotirador. También dispones de skins comunes, raras y legendarias para elegir la que mejor refleje tu personalidad. En caso de combate cuerpo a cuerpo, utiliza un cuchillo. En el juego tienes de todos los tipos: desde un cuchillo de abanico hasta un machete. Y para quienes quieran sorprender a su enemigo en un combate breve, también hay un hacha o incluso una pala.
  
  Asegúrate de que tu guerrero esté equipado con todo lo necesario y prepárate para la batalla. Hazte con un par de granadas: puedes elegir entre granadas de fragmentación, de humo o cegadoras, o bien cócteles molotov. No te olvides del botiquín ni de la munición para tu arma. También pueden venirte bien en combate un escudo protector y cables. Forma conjuntos con todos los objetos seleccionados: puedes crear tres diferentes y cambiarlos durante el combate en función de la situación. En el mercado podrás vender los objetos que no necesites a otros jugadores y comprar los que te hagan falta.
  
  Juega en línea con usuarios de todo el mundo o crea batallas privadas en las que solo puedan participar tus amigos. Elige entre seis modos de combate:
  Tiroteo
  Todos contra todos en equipo
  Batalla contra zombis
  Battle royale
  Bunny Hop
  Duelo
  
  Comunícate con otros jugadores en línea mediante chats de voz o texto. No desaproveches ninguna oportunidad de obtener una nueva arma: por ejemplo, puedes robársela a un jugador al que hayas asesinado. Al final de la batalla, no olvides abrir las tarjetas de premio para conseguir llaves, dinero, consumibles y skins secretas. Las llaves sirven para conseguir suministros, ropa y skins, o para mejorar tu equipo. El dinero puede gastarse en armas nuevas. Completa tareas diarias y consigue nuevos objetos para tu combatiente. Aumenta el rango de tu guerrero y encarámate a lo más alto de la clasificación para traer fama a tu clan. Inscribe tu nombre en la lista de los mejores jugadores del planeta. En las pausas entre combates, puedes consultar las estadísticas de todos en los que hayáis participado tus amigos y tú. Conoce el total de batallas, el número de victorias e incluso cuántos combatientes han muerto durante toda la partida.
  
  Personaliza los controles para sumergirte por completo en el ambiente de un juego de disparos. Todo el mundo sabe que una buena organización de los controles es media victoria. Deshabilita o habilita el disparo automático y elige un lugar de la pantalla para los botones de apuntar. También puedes ajustar el volumen de la música, los sonidos, el chat de voz y el micrófono. Este shooter ofrece incluso la posibilidad de configurar los controles expresamente para personas zurdas.
  
  Participa en un combate táctico y sumérgete en un mundo de batallas dinámicas y guerras de clanes.
  
  Nota: Para jugar, se necesita una conexión permanente a internet.",4.389881,516366.0,1520.0,660,gustar juegos jcj persona querer shooter auténtico acción jugar kuboom shooter multijugador persona modo disparo encontrarás necesitar ubicación único opción personalización arma modo elijas adaptar estilo mercado negociar jugador competir millón jugador planeta haz luchador asciendar alto únete clan fuerte crea elegir personaje personalízalo arma fuego demostrar enemigo mandar campo batalla mutijugador encontrarás pistola escopeta ametralladora fusil francotirador elegir arma fíjatar estadística varía daño precisión adaptar arma personalizar mejorar cambiar cañón mejorar precisión añadir accesorio montar mira disparar auténtico francotirador dispones skins común rara legendario elegir reflejar personalidad caso combate cuerpo cuerpo utilizar cuchillo tener tipo cuchillo abanico machete querer sorprender enemigo combate hacha pala asegúratir guerrero equipado necesario prepárate batalla hazte par granada elegir granada fragmentación humo cegadora cóctel molotov olvidser botiquín munición arma venir tú combate escudo protector cable formar conjunto objeto seleccionado crear cambiar él combate función situación mercado vender objeto necesitser jugador comprar hacer falta jugar línea usuario mundo creer batalla privado participar amigo elegir modo combate tiroteo equipo batalla zombis battle royale bunny hop duelo comunícate jugador línea chats voz texto desaprovechser oportunidad obtener arma ejemplo robársela asesinar batalla abrir tarjeta premio llave dinero consumibl skins secreto llave servir suministro ropa skins mejorar equipo dinero gastar él arma completo tarea diario objeto combatiente aumentar rango guerrero encarámate alto clasificación traer fama clan inscribir nombre lista mejor jugador planeta pausa combate consultar estadística participar amigo conocer batalla número victoria combatiente morir partida personalizar control sumergirte completo ambiente disparo mundo organización control medio victoria deshabilita habilitar disparo automático elegir lugar pantalla botón apuntar ajustar volumen música sonido chat voz micrófono shooter ofrecer posibilidad configurar control persona zurdo participar combate táctico sumérgete mundo batalla dinámico guerra clan necesitar conexión permanente internet,283
com.RastleksGames.MergeFighters,Merge Fighting－juego de peleas,Acción,https://play.google.com/store/apps/details?id=com.RastleksGames.MergeFighters&hl=es&gl=es,"¡Prepárate para la lucha extrema y la fusión de armas! ⚔️

¡Merge Fighting es un sorprendente juego de peleas que lleva la lucha callejera a un nuevo nivel! 

Buscapleitos despiadados y peleadores callejeros están aterrorizando la ciudad. 😱 ¡Es hora de que tú, el rey de los luchadores 👑, les enseñe una lección que no olvidarán jamás! Usa el poder de la fusión de armas y combate con los malos en uno de los juegos de batalla más épicos de la historia. 💪

LUCHA COMO UN PRO 
Para ser un campeón de las luchas callejeras 🏆 en este juego de peleas no solo necesitas habilidades de combate, sino que también necesitas saber cuando es el mejor momento para atacar 🥊 o retirarte. 🛡️ Observa los movimientos de tus enemigos durante el combate. Si ves que se te acercan, cúbrete o esquiva el golpe como ninja 🥷. ¡Espera el momento oportuno y ataca con toda tu fuerza para noquear a tu oponente!

ELIGE UNA ESTRATEGIA
¡No todos los peleadores callejeros en este juego de peleas serán fáciles de matar! Algunas batallas requerirán de un enfoque individual. Analiza cada detalle del equipamiento de tu atacante. ¿Tienen una defensa? 🛡️ ¿O quizás tienen un arma a distancia? Planifica cada movimiento en estas luchas locas y prepárate para matar a tus enemigos con un solo golpe oportuno y mortal. 👊 ¡Pasa a la historia de este juego de peleas como el más hábil rey de los luchadores!

UNIR ARMAS ⚔️
¡Combina los artículos que coinciden en tu arsenal para crear nuevas armas que causan más daño! Barras de acero, 🪓 hachas, 🗡️ espadas, barretas, 🔥 lanzadores de llamas... Cualquier objeto te servirá para dar un golpe mortal en este juego de fusión, incluso un cartel de tránsito. 🛑 ¡Conviértete en el maestro de la fusión al crear las peores armas mortales y haz que tus enemigos se arrepientan de haberse cruzado en tu camino!

COMO CONVERTIRSE EN UN CAMPEÓN EN ESTE JUEGO DE LUCHAS 
Métete en luchas locas 🤼
Experimenta con un enorme arsenal de armas mortales⚔️
Combina objetos para crear las mejores armas
Patea con fuerza y recibe recompensas por puñetazos poderosos 💰
Realiza buenos golpes críticos y rematadores
Potencia tu estamina y tu fuerza 💪
Explora ubicaciones nuevas y emocionantes 🗺️

Luchas locas frente a frente, divertida unión de armas y acción impecable; ¡hay muchas cosas que te encantarán en este emocionante juego de unir. ¡Únete a uno de los mejores juegos de luchas como el más grande maestro de combinar armas y salva a la ciudad de la injusticia!",4.37,54209.0,21.0,428,prepáratir lucha extremo fusión arma merge fighting sorprendente pelea lucha callejero nivel buscapleitos despiadado peleador callejero aterrorizar ciudad hora rey luchador enseñe lección olvidar fusión arma combatir malo juego batalla épico historia lucha pro campeón lucha callejero pelea necesitar habilidad combate necesitar momento atacar retirarte observar movimiento enemigo combate ver acercar cúbrete esquivar golpe ninja esperar momento oportuno atacar fuerza noquear oponente elegir estrategia peleador callejero pelea fácil matar batalla requerir enfoque individual analizar detalle equipamiento atacante defensa arma distancia planifica movimiento lucha loco prepárate matar enemigo golpe oportuno mortal pasar historia pelea hábil rey luchador unir armas combinar artículo coincidir arsenal crear arma causar daño barras acero hacha espada barreta lanzador llama objeto servir golpe mortal fusión cartel tránsito conviértete maestro fusión crear peor arma mortal hacer enemigo arrepientar cruzar camino convertirse campeón juego luchas métete lucha loco experimentar enorme arsenal arma mortal combinar objeto crear mejor arma patea fuerza recibir recompensa puñetazo poderoso realizar golpe crítico rematador potencia estamina fuerza exploro ubicación emocionante lucha loco frente frente divertido unión arma acción impecable cosa encantar emocionante unir únete mejor juego lucha maestro combinar arma salir ciudad injusticia,188
com.Seeplay.BanaToon,BANATOON: Treasure hunt!,Casuales,https://play.google.com/store/apps/details?id=com.Seeplay.BanaToon&hl=es&gl=es,"¡Ten cuidado siempre!
¡Un viaje en búsqueda del tesoro nunca es fácil!
Habrá miles de trampas y el peligro te acechará en cada esquina.

¡Toma la decisión correcta!
Puedes encontrar tesoros ocultos o caerte en una trampa dependiendo de tus decisiones.
Muévete con cuidado y revisa el suelo y el techo en busca de trampas.

¡Pero no te preocupes demasiado!
Esta búsqueda del tesoro será una aventura llena de diversión.
Así que ¿vamos hacia la ciudad dorada con BANATOON a buscar el tesoro?",4.25,14723.0,2.0,83,ten cuidado viaje búsqueda tesoro fácil trampa peligro acechar esquina tomar decisión correcto encontrar tesoro oculto caer tú trampa depender decisión muévete cuidado revisar suelo techo busca trampa preocupser búsqueda tesoro aventura lleno diversión ciudad dorado banatoon buscar tesoro,39
com.Seriously.BestFiends,Best Fiends - juego de match 3,Casuales,https://play.google.com/store/apps/details?id=com.Seriously.BestFiends&hl=es&gl=es,"¡Protagoniza tu propia historia! Únete a los más de 100 millones de personas que ya juegan a esta aventura de puzles gratis que cuenta con una valoración de 5 estrellas. Resuelve miles de puzles divertidísimos, colecciona personajes adorables, vence a las malvadas babosas ¡y descubre el mundo mágico de Minucia en el galardonado juego original de Best Fiends!

* Una divertida aventura repleta de miles de puzles fiendísticos fácil de jugar, pero difícil de dominar.
* Crea un equipo de personajes adorables y hazlos subir de nivel para descubrir sus poderes especiales.
* Participa en eventos y gana algo nuevo cada día cuando abras el juego.
* Compite contra tus amigos de Facebook y gana increíbles recompensas.
* Explora un mundo entero dentro de tu móvil y disfruta de una experiencia de juego fascinante gracias a sus gráficos espectaculares y a una música que te hará bailar.
* No te pierdas los increíbles vídeos animados de Best Fiends, que cuentan con animación de calidad.
* Mantente al tanto para no perderte las actualizaciones periódicas repletas de nuevos niveles, personajes ¡y un montón de sorpresas!

HISTORIA:
Las pequeñas criaturas de Minucia vivían en paz y armonía hasta que un meteorito chocó contra el Monte del Bramido y liberó una fuerza extraña que transformó a las babosas que lo poblaban en un ejército de alimañas insaciables devoradoras de verdura. Ahora las babosas intentan conquistar el mundo abriéndose paso a mordiscos por Minucia y dejando un rastro de babas tras de sí.

¡Pero un valiente grupo de héroes les planta cara! Después de que las babosas conquistaran la mayor parte de Minucia, estos insólitos campeones parten en un viaje épico para resolver el misterio del Monte del Bramido y hacer retroceder el avance de las babosas. 

Para triunfar en su misión, tendrán que convertirse en... ¡Best Fiends!
 
 Recuerda que descargar y jugar a Best Fiends es gratis, pero algunos artículos del juego se pueden comprar con dinero real. Para desactivar esta opción, deshabilita las compras integradas en los ajustes de tu dispositivo.
 
 Best Fiends  está destinado a personas mayores de 18 años de edad. Best Fiends está exento pago para descargar y jugar, pero también le permite comprar artículos virtuales con dinero real dentro del juego. Best Fiends no requiere pagos para descargar y reproducir, pero también le permite comprar artículos virtuales con dinero real dentro del juego, incluidos artículos aleatorios. Puede deshabilitar las compras dentro de la aplicación en la configuración de su dispositivo. Best Fiends también puede contener publicidad. Es posible que necesite una conexión a Internet para jugar a Best Fiends y acceder a sus funciones sociales. También puede encontrar más información sobre la funcionalidad, la compatibilidad y la interoperabilidad de Best Fiends en la descripción anterior e información adicional de la tienda de aplicaciones.

Al descargar este juego, acepta actualizaciones futuras del juego tal como se publiquen en su tienda de aplicaciones o red social. Puede optar por actualizar este juego, pero si no lo hace, su experiencia de juego y funcionalidades pueden verse reducidas.

Terms of Service: https://www.playtika.com/terms-service/
Privacy Notice: https://www.playtika.com/privacy-notice/
 
 Danos un ""Me gusta"" en nuestra página de Facebook: http://www.facebook.com/bestfiends
 Síguenos en Twitter: http://www.twitter.com/bestfiends
 Mira a los Best Fiends en acción en http://www.youtube.com/bestfiends
 Síguenos en Instagram http://www.instagram.com/bestfiends
 Síguenos en Pinterest http://www.pinterest.com/bestfiends
 Síguenos en Snapchat http://www.snapchat.com/add/bestfiends http://www.bestfiends.com/
 
 ¡GRACIAS!",4.5181584,2275853.0,9515.0,550,únete millón persona jugar aventura puzl valoración estrella resolver puzl divertidísimo colecciona personaje adorabl vencer malvada babosa descubrir mundo mágico minucia galardonado original best fiends divertido aventura repleto puzl fiendístico fácil difícil dominar creer equipo personaje adorabl hazlos subir nivel descubrir poder especial participar evento ganar abrar compite amigo facebook ganar increíble recompensa explora mundo entero móvil disfrutar experiencia fascinante gracias gráfico espectacular música hacer bailar pierdar increíble vídeo animado best fiends contar animación calidad mantente perderte actualización periódico repleto nivel personaje montón sorpresa historia pequeño criatura minucia vivir paz armonía meteorito chocar monte bramido liberar fuerza extraño transformar babosa poblar ejército alimaña insaciable devoradora verdura babosa intentar conquistar mundo abrir él paso mordisco minucia dejar rastro baba valiente grupo héroe plantar cara babosa conquistar minucia insólito campeón partir viaje épico resolver misterio monte bramido retroceder avance babosa triunfar misión convertir él best fiends recordar descargar best fiends artículo comprar dinero real desactivar opción deshabilitar compra integrado ajuste dispositivo best fiends destinado persona mayor año edad best fiends exento pago descargar permitir comprar artículo virtual dinero real best fiends requerir pago descargar reproducir permitir comprar artículo virtual dinero real incluido artículo aleatorio deshabilitar compra aplicación configuración dispositivo best fiends contener publicidad necesitar conexión internet best fiends acceder función social encontrar información funcionalidad compatibilidad interoperabilidad best fiends descripción información adicional tienda aplicación descargar aceptar actualización futuro publicar tienda aplicación red social optar actualizar experiencia funcionalidad ver él reducido terms of service privacy notice danos gustar página facebook síguenos twitter mira best fiends acción síguenos instagram síguenos pinterest síguenos snapchat,258
com.Shooter.ModernWarfront,MWT: Tank Battles,Acción,https://play.google.com/store/apps/details?id=com.Shooter.ModernWarfront&hl=es&gl=es,"¡Prepárate para un shooter JcJ cargado de acción que elevará los combates armados al siguiente nivel: MWT: Tank Battles!

Adéntrate en batallas de tanques intensas que cuentan con las máquinas de guerra más avanzadas, entre las que se incluyen sistemas de defensa aérea, lanzacohetes múltiples, artillería autopropulsada, diversos drones, cazas, helicópteros y mucho más. Experimenta las batallas con armamento moderno más espectaculares.

Prueba montones de máquinas modernas y de la época de la Guerra Fría, así como los prototipos de armas más recientes hasta la fecha, como los tanques Armata y AbramsX. Con cada actualización, presentaremos aún más modelos y tipos del material militar más esperado por los aficionados de las armas.
¡Monta en el tanque y prepárate para la acción!

Participa en épicos combates de tanques JcJ.
En MWT: Tank Battles, te pondrás al mando de tanques blindados pesados y te enfrentarás a otros jugadores en emocionantes partidas. Dirige tu compañía de tanques y pon a prueba tus habilidades en trepidantes combates armados en los que tendrás que apostarlo todo. ¡Domina el campo de batalla y vence a todos tus adversarios hasta alcanzar la cumbre de los combates!

Cómbate aéreo avanzado:
Surca los cielos en máquinas de guerra tan míticas como el helicóptero Apache AH 64E y el caza F-35B. Disfruta de las cuidadas mecánicas de vuelo, con despegues y aterrizajes realistas. Escoge diversas armas y mejoras tácticas para personalizar tu aeronave y adaptarla a tu estilo de combate. ¡Así podrás cambiar las tornas del combate! ¡Disfruta de la emoción de pilotar las aeronaves más representativas de la guerra moderna!

Utiliza los ataques de artillería:
Experimenta el auténtico poder de la guerra moderna con artillería avanzada. Despliega ataques de precisión desde la distancia y acaba con las filas enemigas. ¡Ponte al mando en el campo de batalla con ataques estratégicos de artillería!

Domina los drones de combate:
Los drones cumplirán un papel crucial en los combates. Utiliza los drones para confirmar la posición de los enemigos, marca los objetivos para los ataques de artillería y hazte con la ventaja táctica. Asume el mando de los drones para llevar a cabo ataques rápidos y letales que sorprenderán a tus enemigos.

Personaliza y mejora tu armamento:
Escoge entre los distintos tanques modernos a tu disposición, cada uno de ellos con diferentes ventajas y características. Personaliza tus máquinas de guerra con equipo y armas poderosas que se adapten a tu estilo de juego. Mejora tus tanques para desbloquear funciones avanzadas y aventaja a tus adversarios en el campo de batalla.

Gráficos y física realistas:
Experimenta los emocionantes combates modernos de tanques con gráficos increíbles y una física realista. Adéntrate en las arenas de combate con modelos de tanques detallados y efectos visuales que te dejarán boquiabierto.

Forja alianzas en tu conquista:
Únete a otros jugadores para dominar el campo de batalla como una fuerza devastadora. Colabora en combates, coordina ataques de drones y de artillería, y supera en astucia a tus enemigos.

¡Prepárate para las batallas de tanques más increíbles de tu vida! Dirige tus tanques, aeronaves, drones y artillería. Prevalece en los combates JcJ y domina el campo de batalla. ¡Descarga ya MWT: Tank Battles y conduce a tu ejército hasta la victoria!
El estudio Artstorm, responsable de juegos como el simulador de batalla naval Modern Warships ha creado este nuevo juego que innova y lleva el combate de vehículos terrestres hasta un nivel nunca visto.

© 2024 by Artstorm Cyprus Ltd. All rights reserved",4.654867,258723.0,247.0,574,prepáratir shooter jcj cargado acción elevar combate armado nivel mwt tank battles adéntratir batalla tanque intenso contar máquina guerra avanzado incluir sistema defensa aéreo lanzacohet múltiple artillería autopropulsado drón caza helicóptero experimentar batalla armamento moderno espectacular prueba montón máquina moderno época guerra fría prototipo arma reciente fecha tanque armata actualización presentar modelo tipo material militar esperado aficionado arma monta tanque prepáratir acción participar épico combate tanque mwt tank battles pondrás mando tanque blindado pesado enfrentarás jugador emocionante partida dirigir compañía tanque pon prueba habilidad trepidant combate armado tendrar apostar él dominar campo batalla vencer adversario alcanzar cumbre combate cómbate aéreo avanzado surca cielo máquina guerra mítico helicóptero apache ah caza disfruta cuidado mecánica vuelo despegue aterrizaje realista escoger arma mejora táctico personalizar aeronave adaptar él estilo combate cambiar torna combate disfruta emoción pilotar aeronave representativo guerra moderno utilizar ataque artillería experimentar auténtico guerra moderno artillería avanzado despliega ataque precisión distancia acabar fila enemigo ponte mando campo batalla ataque estratégico artillería dominar drón combate drón cumplir papel crucial combate utilizar drón confirmar posición enemigo marcar objetivo ataque artillería haztir ventaja táctico asumir mando drón cabo ataque rápido letal sorprender enemigo personaliza mejorar armamento escoger tanque moderno disposición ventaja característica personalizar máquina guerra equipo arma poderoso adaptar estilo mejora tanque desbloquear función avanzado aventajar adversario campo batalla gráfico físico realista experimentar emocionante combate moderno tanque gráfico increíble física realista adéntratar arena combate modelo tanque detallado efecto visual dejar boquiabierto forja alianza conquista únete jugador dominar campo batalla fuerza devastador colaborar combate coordinar ataque drón artillería superar astucia enemigo prepáratir batalla tanque increíble vida dirigir tanque aeronave drón artillería prevalecer combate jcj dominar campo batalla descarga mwt tank battles conducir ejército victoria estudio artstorm responsable juego simulador batalla naval modern warships crear innova combate vehículo terrestre nivel visto by artstorm cyprus ltd all rights,301
com.VRStudio.catchup,Catch Up - Catch Up The Speed ,Arcade,https://play.google.com/store/apps/details?id=com.VRStudio.catchup&hl=es&gl=es,"Cómo jugar a ""Atrapar""

- Atrapar la pelota rápida es un juego muy sencillo. Solo puedes superar los obstáculos sin que la pelota toque los obstáculos.

- Consigue la puntuación más alta en el juego ""Over"".

- Hay muchos avatares de pelota disponibles para que disfrutes del juego.

* Control del juego

- Juega con una sola mano, toca la pelota y arrástrala para que se mueva...

--> Cuando veas obstáculos de tamaño real en nuestro juego, arrastra la pelota sobre el círculo rojo y podrás realizar un salto suave...",4.3333335,14908.0,2.0,90,atrapar atrapar pelota rápido sencillo superar obstáculo pelota tocar obstáculo puntuación alto over avatar pelota disponible disfrutes control jugar mano tocar pelota arrástralar mueir ver obstáculo tamaño real arrastrar pelota círculo rojo salto suave,34
com.VisualConcepts.MyNBA2K,MyNBA2K Companion App,Deportes,https://play.google.com/store/apps/details?id=com.VisualConcepts.MyNBA2K&hl=es&gl=es,"¡Presentamos la app complementaria actualizada de MyNBA 2K! Prepárate para:

- Vincular tu cuenta de consola sin problemas
- Canjear códigos de locker exclusivos
- Sumérgete en el contenido de video más popular

- Mantente al día con las últimas noticias y eventos de 2K Sports
- Controla fácilmente tu saldo de VC
- Usa Face Scan para personalizar a tu Mi JUGADOR en NBA 2K en PS5, PS4, Xbox Series X|S, Xbox One, Steam y Nintendo Switch desde tu dispositivo móvil con nuestra innovadora función de escaneo facial.

¡Descárgala ahora y mejora tu experiencia NBA 2K! ¡Nos vemos en la cancha!

No vender mi información: https://www.take2games.com/ccpa",1.77,2662.0,62.0,107,presentar complementario actualizado mynba prepárate vincular consola problema canjear código locker exclusivo sumérgete contenido video popular mantente noticia evento sports controla saldo vc face scan personalizar jugador nba xbox series xbox one steam nintendo switch dispositivo móvil innovadoro función escaneo facial descárgala mejorar experiencia nba ver cancha vender información,49
com.WalkTalk.FlightMaster,Epic Plane Evolution,Acción,https://play.google.com/store/apps/details?id=com.WalkTalk.FlightMaster&hl=es&gl=es,"¡Despega, mejora y conquista los cielos con tu avión!

Prepárate para una emocionante aventura aérea en Epic Plane Evolution, donde tus habilidades de pilotaje y mejoras estratégicas determinarán la distancia de vuelo de tu aeronave. Despega, navega por diversos terrenos y evoluciona tu aeronave para alcanzar la máxima distancia. Tanto si eres un jugador ocasional como un entusiasta de los vuelos, este juego ofrece una cautivadora combinación de acción y estrategia.

Epic Plane Evolution es un juego de vuelo basado en la física que reta a los jugadores a lanzar su aeronave usando un mecanismo de tirachinas y guiarla por diversos entornos. A medida que progresas, recoge monedas para mejorar los componentes de tu avión, optimizar su rendimiento y desbloquear nuevas capacidades de vuelo. Cada nivel presenta desafíos únicos que requieren precisión en el tiempo y mejoras estratégicas para superarlo.

🎯 Mecánica de lanzamiento con tirachinas
Inicia cada vuelo tirando de tu avión hacia atrás con un tirachinas, determinando la velocidad y el ángulo iniciales. Dominar esta mecánica es crucial para lograr rutas y distancias de vuelo óptimas.

 🚀 Evolución y mejoras de aeronaves
Acumula monedas durante los vuelos para invertir en mejoras como alas, motores y fuselaje. Estas mejoras no solo mejoran el rendimiento de tu avión, sino que también desbloquean nuevos diseños visuales y capacidades.

🌍 Entornos diversos
Navega por una variedad de terrenos, cada uno con obstáculos y condiciones climáticas únicas. Adapta tu estrategia de vuelo para superar desafíos como corrientes de viento, regiones montañosas y paisajes urbanos.

🧭 Control de vuelo estratégico
En el aire, ajusta el cabeceo y el ángulo de tu avión para mantener el impulso y evitar obstáculos. Las decisiones estratégicas durante el vuelo pueden afectar significativamente la distancia recorrida y la recolección de monedas.

💰 Sistema de progresión con recompensas
Gana monedas según la distancia recorrida y la navegación exitosa a través de obstáculos. Usa estas ganancias para mejorar continuamente tu aeronave, superando los límites de tu capacidad de vuelo.

🎁 Desafíos y recompensas diarias
Participa en misiones diarias que ofrecen recompensas adicionales, fomentan el juego constante y brindan oportunidades para probar nuevas estrategias y mejoras.

 ¡Descarga y alza el vuelo!
Embárcate en tu aventura aérea hoy mismo. Descarga Epic Plane Evolution y vive la emoción de despegar, mejorar y dominar los cielos. ¿Hasta dónde puedes volar?",3.68,91714.0,409.0,385,despegar mejora conquisto cielo avión prepárate emocionante aventura aéreo epic plane evolution habilidad pilotaje mejora estratégico determinar distancia vuelo aeronave despegar navegar terreno evolucionar aeronave alcanzar máximo distancia ocasional entusiasta vuelo ofrecer cautivadoro combinación acción estrategia epic plane evolution vuelo basado física retar jugador lanzar aeronave usar mecanismo tirachina guiar él entorno medida progresa recoger moneda mejorar componente avión optimizar rendimiento desbloquear capacidad vuelo nivel presentar desafío único requerir precisión tiempo mejora estratégico superar él mecánica lanzamiento tirachina iniciar vuelo tirar avión tirachina determinar velocidad ángulo inicial dominar mecánica crucial lograr ruta distancia vuelo óptimo evolución mejora aeronave acumular moneda vuelo invertir mejora ala motor fuselaje mejora mejorar rendimiento avión desbloquear diseño visual capacidad entorno navegar variedad terreno obstáculo condición climático único adaptar estrategia vuelo superar desafío corriente viento región montañoso paisaje urbano control vuelo estratégico aire ajustar cabeceo ángulo avión mantener impulso evitar obstáculo decisión estratégico vuelo afectar distancia recorrido recolección moneda sistema progresión recompensa ganar moneda distancia recorrido navegación exitoso obstáculo ganancia mejorar aeronave superar límite capacidad vuelo desafío recompensa diario participar misión diario ofrecer recompensa adicional fomentar constante brindar oportunidad probar estrategia mejora descarga alza vuelo embárcate aventura aéreo descarga epic plane evolution vivir emoción despegar mejorar dominar cielo volar,203
com.Zgame.BallSort,Ball Sort Game - Color Puzzle,Puzles,https://play.google.com/store/apps/details?id=com.Zgame.BallSort&hl=es&gl=es,"Ball Sort ofrece una deliciosa combinación de desafíos de rompecabezas, clasificación por colores y una experiencia gratificante para matar el tiempo. Ejercita tu mente con juegos de clasificación de bolas de colores que requieren ingeniosa resolución de rompecabezas y maniobras lógicas, lo que lo convierte en la opción ideal para quienes buscan aliviar el estrés y la ansiedad.

CÓMO JUGAR:
- Toca un tubo para recoger la bola superior y luego toca otro tubo para moverla.
- Solo puedes apilar la bola en un tubo con la bola del mismo color encima y si hay suficiente espacio en el tubo.
- Intenta no atascarte: siempre puedes usar pistas o volver a intentar el nivel en cualquier momento.

CARACTERÍSTICAS CLAVE:
- Jugabilidad sencilla pero adictiva
- Gráficos 3D fluidos
- Colores vibrantes
- Miles de niveles para desafiar
- Variedad de tubos con formas interesantes
- SIN TEMPORIZADOR, disfruta de los rompecabezas de Ball Sort a tu propio ritmo.
- SIN penalizaciones, puedes reiniciar el nivel actual en cualquier momento.",4.75,61483.0,2.0,169,ball sort ofrecer deliciós combinación desafío rompecabeza clasificación color experiencia gratificante matar tiempo ejercita mente juego clasificación bola color requerir ingeniós resolución rompecabeza maniobra lógico convertir opción ideal buscar aliviar estrés ansiedad jugar tocar tubo recoger bola superior tocar tubo mover él apilar bola tubo bola color suficiente espacio tubo intentar atascarte pista volver intentar nivel momento característica clave jugabilidad sencillo adictivo gráficos fluido colores vibrantes nivel desafiar variedad tubo forma interesante temporizador disfrutar rompecabeza ball sort ritmo penalización reiniciar nivel actual momento,83
com.activision.callofduty.shooter,Call of Duty®: Mobile,Acción,https://play.google.com/store/apps/details?id=com.activision.callofduty.shooter&hl=es&gl=es,"DMZ: Recon presenta una nueva experiencia de extracción tática en Call of Duty: Mobile, con el nuevo mapa Serpent Island y Bulding 21, un favorito que regresa del original DMZ en PC y consola. Jugadores completaran contratos, dominarán hostiles y pelotones enemigos y podrán extraer su botín para mejorar en la marcha.

CALL OF DUTY®: MOBILE – Lleva la acción a otro nivel
CALL OF DUTY®, el clásico juego de guerra, llevado a otro nivel. Toda la acción de los juegos de disparos en primera persona, directa en tus manos. 
Juega intensas batallas multijugador en modos clásicos como Duelo por Equipos, Dominio y Baja Confirmada, en mapas legendarios como Nuketown, Shipment, Raid y Standoff. ¿Prefieres el Battle Royale? ! Explora los 5 puntos de interés, lucha por sobrevivir y obtén la victoria. Juega en línea con amigos y disfruta de dinámicos modos de juego como Batalla de Tanques en Isolated o el Campo de Entrenamiento. 
Únete a millones de jugadores y conquista el campo de batalla en CALL OF DUTY®: MOBILE, la mejor experiencia en juegos de guerra y juegos de pistolas  en primera persona.

DESCÁRGALO GRATIS AHORA
CALL OF DUTY®: MOBILE ofrece la experiencia de los juegos de guerra, en HD, y con calidad de consola en tu teléfono, para que juegues en línea con amigos: con controles personalizables e intuitivos, chat de voz, gráficos espectaculares y sonido en 3D. Disfruta de esta emblemática franquicia de juegos multijugador y Battle Royale en cualquier lugar. 
Con una amplia variedad de armas, desde pistolas hasta rifles de asalto, siempre tendrás la opción de personalizar tu estilo de combate. Vive la intensidad de los juegos de pistolas donde quieras. 

NUEVO CONTENIDO DE TEMPORADA ACTUALIZADO CADA MES
CALL OF DUTY®: MOBILE cuenta con una variedad de modos de juego multijugador, mapas, eventos temáticos y recompensas para que nunca te aburras. Desde intensos modos de juego de zombies hasta intensos juegos de pelea. Siempre encontrarás algo que se adapte a tu estilo. Cada temporada amplía la narrativa del universo de CALL OF DUTY® y ofrece contenido desbloqueable nuevo y único.

PERSONALIZA TU ARSENAL 
Obtén montones de operadores, armas, atuendos, rachas de puntos y equipamiento, para jugar CALL OF DUTY®: MOBILE a tu manera. 

JUEGO COMPETITIVO Y SOCIAL
¿Te gustan los juegos multijugador de guerra? Reúne a tus amigos y pon a prueba tus habilidades en partidas igualadas o relájate en el modo social. Únete a un clan para integrarte a una comunidad y obtén recompensas únicas por participar en las Guerras de clanes. Siente la emoción en cada enfrentamiento. 

OPCIONES DE DESCARGA PARA REDUCIR EL TAMAÑO DE LA APLICACIÓN
Descarga y juega CALL OF DUTY®: MOBILE sin preocuparte por el espacio de almacenamiento. Como parte de un esfuerzo por hacer que CALL OF DUTY®: MOBILE sea más accesible, se redujo el tamaño inicial de la descarga, y las opciones adicionales permiten a los jugadores elegir qué se descarga para disfrutar del juego: como recursos HD, mapas, armas, operadores y mucho más.

¡Descarga CALL OF DUTY®: MOBILE ahora y disfruta de todos los modos de juego que te gustan, en un solo lugar!

NOTA: Agradecemos los comentarios sobre tu experiencia para mejorar. Envíalos en el juego. Ve a > Configuración > Comentarios > Contáctanos.
¡Suscríbete para recibir noticias! ---> profile.callofduty.com/cod/registerMobileGame
_____________________________________________________
Nota: Se requiere conexión a Internet para jugar este juego.

Ten en cuenta que esta aplicación contiene características sociales que te permiten conectarte y jugar con amigos. Te envía notificaciones para informarte cuándo se llevarán a cabo eventos o si hay nuevo contenido en el juego. Puedes elegir si quieres utilizar estas funciones o no.

©/TM/® 2026 Activision Publishing, Inc.",4.202672,16496861.0,96489.0,606,dmz recon presentar experiencia extracción tático call of duty mobile mapa serpent island bulding favorito regresar original dmz pc consola jugadores completar contrato dominar hostil pelotón enemigo extraer botín mejorar marcha call of duty mobile acción nivel call of duty clásico guerra llevado nivel acción juego disparo persona directo mano jugar intenso batalla multijugador modo clásico duelo equipos dominio baja confirmada mapa legendario nuketown shipment raid standoff explorar punto interés lucha sobrevivir obtén victoria jugar línea amigo disfrutar dinámico modos batalla tanques isolated campo entrenamiento únete millón jugador conquisto campo batalla call of duty mobile experiencia juego guerra juego pistola persona descárgalo gratis call of duty ofrecer experiencia juego guerra hd calidad consola teléfono jugar línea amigo control personalizabl intuitivo chat voz gráfico espectacular sonido disfruta emblemático franquicia juegos multijugador battle royale lugar amplio variedad arma pistola rifle asalto tendrar opción personalizar estilo combate vivir intensidad juego pistola querer contenido temporada actualizado mes call of duty mobile variedad modos multijugador mapa evento temático recompensa aburrar intenso modo zombi intenso juego pelea encontrarás adaptar estilo temporada ampliar narrativa universo call of duty ofrecer contenido desbloqueable único personaliza arsenal obter montón operador arma atuendo racha punto equipamiento call of duty mobile juego competitivo social gustar juegos multijugador guerra reúnir amigo pon prueba habilidad partida igualado relájatir social únetir clan integrarte comunidad obtén recompensa único participar guerra clan sentir emoción enfrentamiento opción descarga reducir tamaño aplicación descarga jugar call of duty mobile preocupartir espacio almacenamiento esfuerzo call of duty mobile accesible reducir tamaño inicial descarga opción adicional permitir jugador elegir descargar disfrutar recurso hd mapa arma operador descarga call of duty mobile disfrutar modos gustar lugar nota agradecer comentario experiencia mejorar envíalos ver configuración comentarios contáctanos suscríbete recibir noticia nota requerir conexión internet ten aplicación contener característica social permitir conectarte amigo enviar notificación informarte llevar cabo evento contenido elegir querer utilizar función activision publishing inc,312
com.adsk.sketchbook,Sketchbook,Arte y diseño,https://play.google.com/store/apps/details?id=com.adsk.sketchbook&hl=es&gl=es,"Sketchbook va donde tu creatividad te lleve, desde bocetos rápidos hasta obras de arte que están totalmente terminadas.
 
Sketchbook es una aplicación galardonada creada para que todas las personas a las que les encanta dibujar puedan pintar, hacer bocetos y dibujar. Los artistas e ilustradores adoran Sketchbook por su conjunto de funciones profesionales y sus herramientas altamente personalizables. A todo el mundo le gusta Sketchbook por su interfaz elegante y su experiencia de dibujo natural, sin distracciones, para que puedas centrarte en capturar y expresar tus ideas.

•	Un complemento completo de tipos de pinceles: marcadores tipo lápiz, aerógrafos, borradores y mucho más, que tienen el mismo aspecto y tacto que sus homólogos físicos
•	Los pinceles se pueden personalizar mucho para que puedas crear el aspecto que desees
•	Las guías, las reglas y las herramientas de trazo te aportan precisión cuando la necesitas
•	Las capas, que tienen un complemento completo de modos de fusión, ofrecen la flexibilidad necesaria para crear y explorar los dibujos y el color
•	La interfaz, que se ha diseñado específicamente para dibujar, es limpia y discreta para que puedas centrarte en el dibujo.",4.0317125,702644.0,2182.0,191,sketchbook creatividad llevar boceto rápido obra arte terminado sketchbook aplicación galardonado creado persona encantar dibujar pintar boceto dibujar artista ilustrador adorar sketchbook conjunto función profesional herramienta personalizabl mundo gustar sketchbook interfaz elegante experiencia dibujo natural distracción centrarte capturar expresar idea complemento completo tipo pinceles marcador tipo lápiz aerógrafo borrador aspecto tacto homólogo físico pincel personalizar crear aspecto desees guía regla herramienta trazo aportar precisión necesitar capa complemento completo modos fusión ofrecer flexibilidad necesario crear explorar dibujo color interfaz diseñar dibujar limpio discreto centrarte dibujo,84
com.agminstruments.drumpadmachine,Drum Pad Machine - crea música,Música y audio,https://play.google.com/store/apps/details?id=com.agminstruments.drumpadmachine&hl=es&gl=es,"Drum Pad Machine es una mesa de mezclas que convierte la creación de música en tu entretenimiento preferido. Puedes crear música a ritmos de drum & bass en solo unos clics. La caja de ritmos te ayudará a componer tu propia melodía, aunque no tengas experiencia musical.

Instala la mesa de DJ gratis para empezar a aprender:
• Haz beatboxing;
• Crea música a partir de sonidos;
• Practica;
• Haz ritmos de rap;
• Puedes crear música con sintetizador de efecto bajo y compartir pistas con tus amigos.

¿Cómo funciona Drum Pad?
Cuando abras la aplicación por primera vez, podrás ver varias lecciones en vídeo. Esas lecciones ayudarán a los principiantes a crear ritmos. La superficie brillante y colorida es un mezclador de sonido en el que cada nuevo sector tiene sonidos distintos. Botones con colores parecidos crean melodías similares. Esta aplicación hasta es adecuada para crear ritmos de rap.

Utiliza decenas de packs de sonido para escribir éxitos. Elige un tema, abre el mezclador de música y crea música a partir de sonidos. Todas las muestras de sonido han sido creadas por músicos y DJ profesionales.

Estilos de música disponibles:
‣ Trap
‣ Techno trance
‣ Dubstep
‣ Future bass
‣ EDM
‣ Synth wave
‣ House
‣ Trap dubstep
‣ Drum & Bass
‣ Hip-Hop
‣ Electro
‣ Dub techno

Puedes usar el mezclador de música en tiempo real.

El simulador de DJ crea música a ritmos de rap. ¿Quieres crear música rap? La caja de ritmos con mesa de DJ es el mejor instrumento para experimentar musicalmente.

Más de 10 millones de usuarios han disfrutado ya creando música de caja de ritmos a través de esta aplicación. ¿Has tenido ya la ocasión de hacer beatbox o crear ritmos bien chulos? Comparte tu experiencia con la función de grabado de pistas.

Crear música nunca ha sido tan fácil. ¡Crea canciones y ritmos de rap como DJ con Drum Pad Machine!

Términos de uso:
https://easybrain.com/terms

Política de privacidad:
https://easybrain.com/privacy",4.1844735,1045938.0,6206.0,331,drum pad machine mesa mezcla convertir creación música entretenimiento preferido crear música ritmo drum bass clic caja ritmo ayudar componer melodía tener experiencia musical instala mesa dj empezar aprender haz beatboxing creer música sonido practica haz ritmo rap crear música sintetizador efecto compartir pista amigo funcionar drum pad abrar aplicación lección vídeo lección ayudar principiante crear ritmo superficie brillante colorido mezclador sonido sector sonido distinto botones color parecido crear melodía similar aplicación adecuado crear ritmo rap utilizar decena packs sonido escribir éxito elegir tema abrir mezclador música creer música sonido muestra sonido crear músico dj profesional estilo música disponible trap techno trance dubstep future bass edm synth wave house trap dubstep drum bass electro dub techno mezclador música tiempo real simulador dj creer música ritmo rap caja ritmo mesa dj instrumento experimentar millón usuario disfrutar crear música caja ritmo aplicación ocasión beatbox crear ritmo chulo comparte experiencia función grabado pista crear música fácil crea canción ritmo rap dj drum pad machine término política privacidad,164
com.aigrind.skylore,Skylore: MMORPG de fantasía,Juegos de rol,https://play.google.com/store/apps/details?id=com.aigrind.skylore&hl=es&gl=es,"¡Únete a Skylore, un nuevo y emocionante MMO RPG de acción repleto de magic y aventura con una atmósfera fantasy acogedora!

Skylore tiene todo lo que esperas en un MMORPG de acción y fantasía con mundo abierto: sistemas flexibles de desarrollo de personajes y equipo para crear héroes rpg únicos, multijugador, una historia y unas misiones trepidantes en un mundo de juegos online, combates JcJ, JcE y JcJcE en tiempo real (mundo abierto y modos especiales), enfrentamientos con jefes, chat con jugadores de todo el mundo, unos preciosos gráficos, aventura y mucho más.

Te aguarda una era de descubrimientos asombrosos y guerras. ¡Sé un rpg héroe y explorador valiente para iniciar el emocionante magic viaje en la frontera entre dos enormes mundos: Arinar y Skylore!

🤘 CREA UN HÉROE  FANTASY PARA TU ESTILO DE JUEGOS ONLINE
Prueba clases diferentes, sube de nivel mmorpg y experimenta con los talentos, las habilidades y el equipo para hacer un héroe muy especial, a tu estilo.
• 6 razas jugables: gran variedad de aspectos para elegir.
• 5 clases con distintas mecánicas de combate: guardián, sombra, cazador, mago y alquimista.
• Sistema de desarrollo de héroe flexible: más de 150 talentos por clase y conjuntos de habilidades para diferentes estilos de rpg juego.
• Un sistema de mejora para conseguir el equipo ideal.
• Sube hasta el nivel 20 sin automatización de combates ni misiones. El progreso y la victoria dependen únicamente de tus acciones a multijugador.

⚔ LUCHA EN LÍNEA EN EL MUNDO ABIERTO Y LOS MODOS ESPECIALES MMORPG
¡Demuestra tu maestría en combates multijugador!
• Dungeon: un modo JcE en grupo con combates tácticos contra monstruos en ubicaciones que cambian constantemente.
• Contratos gorgor: un modo JcE dinámico en el que lucharás contra oleadas de monstruos en ubicaciones fantasy específicas.
• Arena 3x3: modo JcJ en equipo con formatos Defensa de torre, Noquear o Cazatalentos, con ligas y clasificaciones.
• Campo de batalla: modo JcJ con formato Battle Royale.
• Gruta Adamantina: una zona JcJcE con misiones y combates contra monstruos y otros jugadores al mismo tiempo.
• Guerras de gremios: eventos GcG para luchar contra otros jugadores en ubicaciones de mundo abierto.

🤝 COOPERA PARA LOGRAR EL ÉXITO
Juega con amigos y otros jugadores. ¡Te divertirás más y le sacarás más partido al contenido del juegos gratis!
• Únete a un gremio o crea uno: haz recados, realiza asaltos contra jefes y participa en guerras de gremios.
• Haz grupos de 4 para jugar con aliados a rpg.
• Usa el emparejamiento en los modos especiales si quieres jugar con jugadores aleatorios a juegos online.
• Chats y listas de amigos: habla con jugadores de todo el mundo aventura.

🔮 DISFRUTA DE UN UNIVERSO LLENO DE VIDA
¡Los mmo mundos de Arinar y Skylore, en constante expansión, son brillantes y están llenos de detalles!
• Una trama auténtica con más de 50 historias y más de 150 misiones adicionales, así como más de 200 misiones diarias y 7 zonas que cambian dinámicamente a multijugador.
• Dos historias adventure diferentes para cada una de las razas. ¡Completa ambas para entender toda la trama!
• 12 grandes territorios con más de 70 localizaciones.
• Gráficos, animaciones, dungeon, efectos, mundo abierto, sonidos y música impresionantes.

• Discord: https://discord.gg/skylore
• Forum: https://forum.skylore.com
• Facebook: https://www.facebook.com/skylore.mmorpg/

Si tienes problemas técnicos, contacta con nosotros a través de info@skylore.com.

Descargar y jugar a juegos multijugador Skylore es gratis. Sin embargo, hay objetos en el juego que se pueden comprar con dinero real. Si no quieres emplear esta función, deshabilita las compras en la aplicación desde la configuración de tu dispositivo. Además, de acuerdo con el Contrato de Licencia de Usuario Final y la Política de privacidad, debes tener al menos 12 años para poder jugar o descargar Skylore.

• CLUF https://skylore.com/en/eula
• Normas de conducta https://skylore.com/en/rules_of_conduct",4.626582,89695.0,229.0,638,únete skylore emocionante mmo rpg acción repleto magic aventura atmósfera fantasy acogedoro skylore esperar mmorpg acción fantasía mundo abierto sistema flexible desarrollo personaje equipo crear héroe rpg único multijugador historia misión trepidant mundo juegos online combate jcj jce jcjce tiempo real mundo abierto modo especial enfrentamiento jefe chat jugador mundo precioso gráfico aventura aguardar descubrimiento asombroso guerra rpg héroe explorador valiente iniciar emocionante magic viaje frontera enorme mundo arinar skylore crea fantasy estilo juegos online prueba clase subir nivel mmorpg experimentar talento habilidad equipo héroe especial estilo raza jugabl variedad aspecto elegir clase mecánica combate guardián sombra cazador mago alquimista sistema desarrollo héroe flexible talento clase conjunto habilidad estilo rpg sistema mejora equipo ideal subir nivel automatización combate misión progreso victoria depender acción multijugador lucha línea mundo abierto especiales mmorpg demostrar maestría combate multijugador dungeon jce grupo combate táctico monstruo ubicación cambiar contratos gorgor jce dinámico lucharás oleada monstruo ubicación fantasy específico arena jcj equipo formato defensa torre noquear cazatalentos liga clasificación campo batalla jcj formato battle royale gruta adamantina zona jcjce misión combate monstruo jugador tiempo guerra gremio evento gcg luchar jugador ubicación mundo abierto coopero lograr éxito jugar amigo jugador divertirar sacarás partido contenido juegos únetir gremio crea haz recado realizar asalto jefe participar guerra gremio haz grupo aliado rpg emparejamiento modo especial querer jugador aleatorio juegos online chats lista amigo jugador mundo aventura disfruto universo lleno vida mmo mundos arinar skylore constante expansión brillante lleno detalle trama auténtico historia misión adicional misión diario zona cambiar multijugador historia adventurir raza completar entender trama territorio localización gráficos animación dungeon efecto mundo abierto sonido música impresionante discord forum facebook tener problema técnico contactar descargar juegos multijugador skylore objeto comprar dinero real querer emplear función deshabilitar compra aplicación configuración dispositivo contrato licencia usuario política privacidad año descargar skylore cluf norma conducta,300
com.aim.racing,Extreme Car Driving Simulator,Carreras,https://play.google.com/store/apps/details?id=com.aim.racing&hl=es&gl=es,"Extreme Car Driving Simulator es el simulador de coches de mundo abierto desde 2014, gracias a su avanzado motor de física real.
¿Alguna vez has querido probar un simulador de coches deportivos? ¡Ahora puedes conducir, derrapar y sentirte como un coche de carreras!
Conviértete en un corredor frenético por toda la ciudad. No tendrás que frenar por el tráfico ni competir con otros vehículos, ¡así que podrás realizar acrobacias ilegales y correr a toda velocidad sin que te persiga la policía!

¡Derrapar a toda velocidad y quemar la pista nunca había sido tan divertido! ¡Quema el asfalto de esta ciudad de mundo abierto!

Características del juego

Modo de punto de control en minijuegos
Conduce con el tráfico
HUD real completo que incluye revoluciones, marcha y velocidad
Simulación de ABS, TC y ESP. ¡También puedes desactivarlos!
Explora un detallado entorno de mundo abierto
Daños realistas en el coche. ¡Choca tu coche!
Física precisa
Controla tu coche con el volante, el acelerómetro o las flechas
Varias cámaras
Compatibilidad con mando",4.3270864,4792571.0,16750.0,168,extreme car driving simulator simulador coche mundo abierto gracias avanzado motor física real querer probar simulador coche deportivo conducir derrapar sentirte coche carrera conviértete corredor frenético ciudad tendrar frenar tráfico competir vehículo acrobacia ilegal correr velocidad persigar policía derrapar velocidad quemar pista divertido quemar asfalto ciudad mundo abierto características punto control minijuego conducir tráfico hud real completo incluir revolución marcha velocidad simulación abs tc esp desactivar él explorar detallado entorno mundo abierto daño realista coche choca coche física precisar controla coche volante acelerómetro flecha cámara compatibilidad mando,87
com.air.hockey.glow.hd,Air Hockey HD: 2-Player Games,Deportes,https://play.google.com/store/apps/details?id=com.air.hockey.glow.hd&hl=es&gl=es,"🏒 ¿Eres fanático de los juegos de air hockey y buscas 2 player games que puedas jugar con amigos? ¡Pon a tu rebelde en 'porqué Air Hockey Glow HD está aquí para sacudir tu mundo de juego! Puedes jugar partidos de hockey 1 contra 1 con amigos, o puedes aceptar el desafío y jugar el campeonato mundial de hockey sobre hielo u otras copas continentales. ¡Pon el disco en la portería y llévate la victoria en el hockey de mesa !
 
¡Un hermoso juego de hockey con un disco brillante y paredes coloridas! Este es el mejor thriller para los amantes del deporte de las estrellas del hockey brillante . Con increíbles efectos de sonido en el hockey sobre hielo , te traemos juegos de Air hockey. Resplandor HD. Este es un juego de hockey completamente gratis donde puedes jugar en diferentes modos en los mejores 2 player games. Excelentes gráficos en los juegos de hockey de superestrellas, una jugabilidad fluida de stickman hockey y muchos oponentes de IA te mantendrá jugando durante mucho tiempo. El juego de 2 jugadores fuera de línea se vuelve más interesante y aventurero a medida que avanzas a niveles más difíciles en air hockey 2 jugadores . ¡Calienta tu dedo para golpear la portería en los juegos de hockey !
 
Jugarás con mazos fáciles de controlar que no son demasiado grandes ni pequeños y un disco que se dispara sobre la mesa de hockey retro. Los objetivos de lucha de hockey tienen el tamaño perfecto para equilibrar el juego rápido de hockey y el desafío del juego de hockey stickman . ¡Los juego para dos avanzada y air hockey hacen que el juego para dos como si estuvieras jugando en una mesa real!
 
⭐<b>Características del juego: </b>⭐
🔘 Juega juego para dos y de dos jugadores (vs AI) y juegos de dos personas ( 1v1 , vs Friend).
🔘 Tres dificultades para elegir para un jugador.
🔘 Impresionantes gráficos y sonidos de estrellas de hockey resplandecientes .
🔘 Tabla de clasificación que muestra estadísticas separadas para el modo fácil, medio y difícil.
 
Este es uno de esos 2 player games que puedes jugar en los mejores juegos multijugador con amigos. Si prefieres los juegos de hockey sobre hielo en solitario , puedes elegir el modo individual.
 
🏆<b>Los pasos en tus mejores partidas multijugador con amigos /modo campeonato son:</b>🏆
✔️ Copa Africana
✔️ Copa de Asia
✔️ Copa América
✔️ Copa de Europa
✔️ Copa del mundo
 
¡Para ganar el campeonato mundial, primero debes ganar las copas continentales, paso a paso! Comience su viaje: ¡ponga el disco en la red!
 
Tratamos de hacer que nuestro juego de dos jugadores sea mejor que nuestros competidores, como el desafío de 2 jugadores de air hockey , el hockey brillante , el hockey sobre hielo en color, todas las estrellas , etc. Descarga y disfruta de los juegos de Air hockey Glow HD diseñados exclusivamente para que te entretengas y te desafíes a ti mismo.
 
➡ ️ ➡ ️ ➡ ️ ¡Descarga los juegos de Air hockey Glow HD, juegos atractivos y adictivos para uno y dos jugadores ! Diviértete mientras juegas juegos de 2 personas con amigos 1v1 o 2 player games, o en tu camino para ganar el campeonato mundial en el modo individual. Solo tienes un objetivo: ¡poner el disco en la red!",3.8181818,2635.0,5.0,558,fanático juego air hockey buscas games amigo pon rebelde porqué air hockey glow hd sacudir mundo partido hockey amigo aceptar desafío campeonato mundial hockey hielo copa continental pon disco portería llévate victoria hockey mesa hermoso hockey disco brillante pared colorida thriller amante deporte estrella hockey brillante increíble efecto sonido hockey hielo traer juego air hockey resplandor hd hockey modos mejor gam excelente gráfico juego hockey superestrella jugabilidad fluido stickman hockey oponente ia mantener jugar tiempo jugador línea volver interesante aventurero medida avanzar nivel difícil air hockey jugador calienta dedo golpear portería juego hockey jugar mazo fácil controlar pequeño disco disparar mesa hockey retro objetivo lucha hockey tamaño perfecto equilibrar rápido hockey desafío hockey stickman avanzado air hockey jugar mesa real características juega jugador vs ai juego persona vs friend dificultad elegir impresionantes gráfico sonido estrella hockey resplandecient tabla clasificación mostrar estadística separado fácil difícil games mejor juego multijugador amigo preferir juego hockey hielo solitario elegir individual paso mejor partida multijugador amigo campeonato copa africana copa europa copa mundo ganar campeonato mundial ganar copa continental paso paso comience viaje poner disco red tratar jugador competidor desafío jugador air hockey hockey brillante hockey hielo color estrella descarga disfrutar juego air hockey glow hd diseñado entretengas desafí descarga juego air hockey glow hd juegos atractivo adictivo jugador diviértetir jugar juegos persona amigo gam camino ganar campeonato mundial individual tener objetivo disco red,229
com.alice.games.summer.friends,Summer Friends: puzzle match 3,Puzles,https://play.google.com/store/apps/details?id=com.alice.games.summer.friends&hl=es&gl=es,"¿Estás cansado de los monótonos juegos de juegos de combinaciones? ¿Quieres sumergirte en el mundo de la alegría y la diversión? ¡Entonces Summer Friends está hecho especialmente para ti! Este juego reúne todo lo mejor que hay en el género match 3: cientos de niveles, muchas tareas y 3 match games, mejores amigos, lugares coloridos, viajes y mucha diversión. Un buen bono de bienvenida te espera.
        SUMMER FRIENDS no es sólo combina 3:
        🌞 El género conecta 3 favorito de todos;
        🌞 Muchas tareas de verano y juego de unir 3. Complete tareas todos los días para obtener grandes recompensas;
        🌞 ¡Completa nuevos niveles juegos de match 3 gratis con tres estrellas para obtener recompensas especiales!
        🌞 ¡Obtén marcos especiales para que todos puedan ver lo genial que eres!
        🌞 Desbloquea sellos especiales para los lugares visitaste en tu viaje en match 3 gratis en español.
        🌞 Encuentra los tesoros escondidos por los piratas, que contienen algo valioso. Búscalos en el mapa del tesoro.
        🌞 Invita a tus amigos a jugar y competir juntos. Únete a un clan. Chatear entre ellos.
        🌞 Comienza a jugar en la máquina tragamonedas para obtener monedas extra
        Sumérgete en el océano de emocionantes niveles de match 3 sin conexión, pero recuerda que no a todos los habitantes submarinos les gustan las compañías ruidosas y alegres de juegos de combinaciones, ¡así prepárate para encontrarte con un verdadero tiburón en tu camino! Este tiburón está desafiando a nuestros amigos: únete a su equipo y no dejes que el tiburón arruine las vacaciones de verano en el maravilloso match 3 fuera de línea.
        Visite nuestro parque acuático 3 match games, monte una moto de agua, combine fichas combina 3, ponga corazones y déselos a un lindo gatito. Si te aburres, ¡empieza a jugar con tus amigos! Compite entre sí, visita las islas de amigos. Sigue tu progreso. Únete en poderosos clanes. ¡Conviértete en el mejor del ranking mundial!
        ¡Comienza tu viaje en el mundo conecta 3 con Summer Friends! Visita tal variedad de países con tus mascotas. ¡Colecciona sellos coleccionables de los lugares que visitas y aprende mucho sobre lugares pintorescos!
        La jugabilidad en Summer Friends es tan colorida y adictiva podrías pensar que la aventura con lindos animales nunca terminará. Este increíble juego ha absorbido todo lo mejor del género juego de unir 3 y ha preparado para ti muchos descubrimientos nuevos y desafiantes juegos de match 3 gratis.
        Summer Friends - match 3 gratis en español - es un juego gratuito, pero algunos elementos del juego se pueden comprar con dinero real. Si no desea utilizar esta función, puede desactivarla en la configuración de su dispositivo.",4.428571,1553.0,7.0,441,cansado monótono juego juegos combinación querer sumergirte mundo alegría diversión summer friends reúnir género match nivel tarea match games mejor amigo lugar colorido viaje diversión bono bienvenida esperar summer friends combinar género conecta favorito tarea verano unir completir tarea obtener recompensa completa nivel juegos match estrella obtener recompensa especial obtén marco especial genial desbloquea sello especial lugar visitastir viaje match español tesoro escondido pirata contener valioso búscalos mapa tesoro invitar amigo competir junto chatear comenzar máquina tragamonedas obtener moneda extra sumérgete océano emocionante nivel match conexión recordar habitante submarino gustar compañía ruidoso alegr juego combinación prepáratir encontrar tú tiburón camino tiburón desafiar amigo únetir equipo dejar tiburón arruinar vacación verano maravilloso match línea visite parque acuático match games monte moto agua combinir ficha combinar poner corazón de él él lindo gatito aburrir empezar amigo competir visita isla amigo progreso únetar poderoso clan ranking mundial comenzar viaje mundo conecta summer friends visitar variedad país mascota colecciona sello coleccionable lugar visita aprender lugar pintoresco jugabilidad summer friends colorido adictivo pensar aventura lindo animal terminar increíble absorber género unir preparar descubrimiento desafiant juego match summer friends match español gratuito elemento comprar dinero real desear utilizar función desactivar él configuración dispositivo,197
com.alien.shooter.galaxy.attack,Galaxy Attack: Juego de avion,Arcade,https://play.google.com/store/apps/details?id=com.alien.shooter.galaxy.attack&hl=es&gl=es,"La última esperanza de la Tierra está en tus manos, toma el control de la solitaria nave espacial y protege la Tierra del ataque de enjambres alienígenas. Tu objetivo será todo un desafío ya que tendrás que salvar al Universo de sus malvados enemigos. En este juego de disparos espaciales de 2024, te enfrentarás a una cantidad cada vez mayor de enemigos de galaxias infinitas. A medida que avanza el juego, obtendrás el derecho de mejorar tu nave espacial para liberar toda su capacidad letal de cohete.

CÓMO JUGAR:
* Toca la pantalla para mover tu nave espacial y matar a todos los enemigos.
* Recoge elementos para mejorar o cambiar tus armas.

CARACTERÍSTICAS:
* Shoot 'em up estilo retro: Modo multijugador: 1 contra 1, 1 contra 3
* Imágenes de alta calidad optimizadas para tabletas y pantallas grandes.
* Posibilidad de utilizar habilidades activas durante las batallas espaciales.
* El juego incluye más de 200 niveles en diversas dificultades.
* Hermosos niveles con misiones inmersivas para completar.
* PvP: juegos de disparos en línea, coopera con amigos, reúne a tu equipo espacial, marca tu nombre en la tabla de líderes de la misión global de disparos de galaxias.
* Múltiples batallas contra jefes extremos.
* El gráfico de píxeles recuerda a los juegos de la vieja escuela.
* Verdadera experiencia de batalla espacial
* Juegos de arcade gratuitos - Juegos de disparos de arcade Galaxian - tirador espacial - juegos fuera de línea de ataque de galaxias de forma gratuita.
* Más de 100 naves espaciales. Elige tu nave de combate o nave espacial para formar tu propio equipo espacial.

Galaxy Attack: Juego de disparos - Clásico Arcade Space Shooter - Juegos gratis es un juego arcade de disparos espaciales de los 80 que te hace sentir como si estuvieras jugando un juego clásico de Galaga en tu móvil. Si eres un gran fanático de los juegos de disparos retro arcade como Galaxia, Galaxian, Galaga y Galactica con una nueva forma de disparo moderna y quieres dar libertad a los juegos galácticos, entonces Galaxiga: Classic Arcade Space Shooter - Free 80s Games es el juego perfecto para ti. .

Disfruta del combate espacial clásico retro, el nuevo juego de disparos arcade 2024, potenciado. Descarga Galaxy Attack: Alien Shooter ahora

Síguenos en Facebook:
https://www.facebook.com/GalaxyAttack
Únase al grupo con nosotros:
https://www.facebook.com/groups/GalaxyAttackAlienShooter
Contáctenos:
contacto@abigames.com.vn",4.634275,2523241.0,10131.0,392,esperanza tierra mano tomar control solitario nave espacial proteger tierra ataque enjambr alienígena objetivo desafío tendrar salvar universo malvado enemigo disparo espacial enfrentarás cantidad enemigo galaxias infinitas medida avanzar obtendrás derecho mejorar nave espacial liberar capacidad letal cohete jugar tocar pantalla mover nave espacial matar enemigo recoger elemento mejorar cambiar arma características shoot em up estilo retro multijugador imágenes alto calidad optimizada tableta pantalla posibilidad utilizar habilidad activo batalla espacial incluir nivel dificultad hermoso nivel misión inmersiva completar pvp juego disparo línea coopero amigo reúnir equipo espacial marcar nombre tabla líder misión global disparo galaxias múltiple batalla jefe extremo gráfico píxel recordar juego viejo escuela experiencia batalla espacial juegos arcade gratuito juegos disparo arcade galaxian tirador espacial juego línea ataque galaxias forma gratuito nave espacial elegir nave combate nave espacial formar equipo espacial galaxy attack juego disparo clásico arcade space shooter juegos arcade disparo espacial sentir jugar clásico galaga móvil fanático juego disparo retro arcade galaxia galaxian galaga galactica forma disparo moderno querer libertad juego galáctico galaxiga classic arcade space shooter free games perfecto disfrutar combate espacial clásico retro disparo arcade potenciado descarga galaxy attack alien shooter sígueno facebook únase grupo contáctenos,192
com.amanotes.beathopper,Tiles Hop Juegos de Música,Música,https://play.google.com/store/apps/details?id=com.amanotes.beathopper&hl=es&gl=es,"¡Prepárate para la mejor experiencia de juegos de música con Tiles Hop! Si te encantan los desafíos de piano tiles y los adictivos juegos de pelota, este es tu nuevo juego de ritmo favorito. Sumérgete en un mundo de ritmo donde cada una de las canciones es una nueva aventura. Sigue el ritmo y no dejes que la pelota se caiga. Domina la pelota que salta y demuestra tu habilidad en uno de los mejores juegos de música del momento.

🎮 CÓMO JUGAR: UN DESAFÍO DE RITMO Y VELOCIDAD 🎮
El concepto de nuestro juego de ritmo es simple pero increíblemente adictivo. Escucha el ritmo de las canciones y usa tu dedo para guiar la pelota de un lado a otro. Tu misión es saltar sobre las plataformas sin caer. Este juego de reflejos pondrá a prueba tu habilidad y te recordará a los mejores desafíos de piano tiles. El desafío de velocidad en este juego de pelota es constante, y cada nivel es más emocionante. Siente la adrenalina del ball run y domina el arte del ball bounce con tu pelota. Es un reto constante, como los mejores juegos de habilidad.

🎵 UNA BIBLIOTECA DE CANCIONES Y MÚSICA INCREÍBLE 🎵
Nuestra selección de canciones es lo que nos diferencia de otros juegos de ritmo. Tenemos cientos de canciones gratis y éxitos de música para que disfrutes. Este no es solo un juego de pelota, es una experiencia musical completa. Si te gusta la música electrónica o el piano, aquí encontrarás el ritmo perfecto para ti. Conviértete en un maestro de este juego de música y desbloquea todas las canciones.

🏆 CARACTERÍSTICAS PRINCIPALES 🏆
Juegos Gratis y Divertidos: Disfruta de la experiencia completa de nuestro juego de música. Es el mejor juego para pasar el tiempo.

Juegos Sin Internet: ¿Sin Wi-Fi? ¡No hay problema! Tiles Hop es uno de los mejores juegos sin internet para que disfrutes de la música en cualquier lugar.

Control Sencillo: Diseñado para que cualquiera pueda dominar la bola musical con una sola mano.

Calidad de Sonido Superior: Sumérgete en cada canción con audio de alta calidad que te hará sentir parte del juego de ritmo.

Contenido Infinito: Con cientos de niveles y canciones, siempre hay un nuevo desafío de velocidad en nuestro juego de pelota.

🚀 ¿ESTÁS LISTO PARA EL RETO DEFINITIVO? 🚀
No esperes más. Si buscas un juego de habilidad que combine lo mejor de los juegos de pelota con la emoción de los juegos de música, has llegado al lugar correcto. Es un juego de ritmo adictivo que no podrás soltar. Descarga Tiles Hop y domina el ritmo de todas las canciones. ¡Demuestra que eres el mejor en este desafío estilo piano tiles!",4.065395,3349956.0,9600.0,451,prepáratir experiencia juego música tiles hop encantar desafío piano til adictivo juego pelota ritmo favorito sumérgete mundo ritmo canción aventura ritmo dejar pelota caer dominar pelota saltar demostrar habilidad mejor juego música momento jugar desafío ritmo concepto ritmo simple adictivo escuchar ritmo canción dedo guiar pelota misión saltar plataforma caer reflejo poner prueba habilidad recordar mejor desafío piano til desafío velocidad pelota constante nivel emocionante sentir adrenalina ball run dominar arte ball bounce pelota reto constante mejor juego habilidad biblioteca canción música increíble selección canción diferenciar juego ritmo canción éxito música disfrutar pelota experiencia musical completo gustar música electrónico piano encontrarás ritmo perfecto conviértete maestro música desbloquear canción principal juegos gratis divertido disfrutar experiencia completo música pasar tiempo juegos internet problema til hop mejor juego internet disfrutes música lugar control sencillo diseñado dominar bola musical mano calidad sonido superior sumérgete canción audio alto calidad hacer sentir ritmo contenido infinito nivel canción desafío velocidad pelota estás listo reto definitivo esper buscar habilidad combinir juego pelota emoción juego música llegar lugar correcto ritmo adictivo soltar descarga tiles hop dominar ritmo canción demostrar desafío estilo piano til,184
com.amanotes.pamadancingroad,Dancing Road: Juego De Pelotas,Arcade,https://play.google.com/store/apps/details?id=com.amanotes.pamadancingroad&hl=es&gl=es,"¿Te gustan los juegos de pelotas que te hacen mover al ritmo de la música? Entonces te encantará Dancing Road, uno de los juegos populares más divertidos y adictivos del momento. En este juego, tendrás que guiar una bolita por un camino de baile lleno de obstáculos y colores. Pero no es tan fácil como parece, porque tendrás que cambiar el color de tu bolita para que coincida con el del camino. Si chocas con un color diferente, perderás la partida.

Dancing Road tiene una gran variedad de canciones para todos los gustos, desde pop hasta rock, pasando por electrónica y clásica. Podrás desbloquear nuevas bolas y caminos a medida que avances en el juego y consigas monedas. También podrás competir con otros jugadores de todo el mundo y ver quién tiene más habilidad y ritmo.

Dancing Road es un juego de música que te hará sentir la emoción de bailar con tu bolita. Descárgalo ya y disfruta de este increíble juego de bolas que pondrá a prueba tu coordinación y tu oído musical.",3.9333334,773184.0,3363.0,174,gustar juego pelota mover ritmo música encantar dancing road juegos popular divertido adictivo momento tendrás guiar bolita camino baile lleno obstáculo color fácil tendrar cambiar color bolita coincidir camino chocar color perderás partida dancing road variedad canción gusto pop rock pasar electrónico clásico desbloquear bola camino medida avance consigar moneda competir jugador mundo habilidad ritmo dancing road música hacer sentir emoción bailar bolita descárgalo disfrutar increíble bola poner prueba coordinación oído musical,72
com.amelosinteractive.snake,Snake.io - Juegos Serpiente.io,Acción,https://play.google.com/store/apps/details?id=com.amelosinteractive.snake&hl=es&gl=es,"¡Deslízate por una nueva y competitiva versión de Serpiente 🐍 y sobrevive tanto como puedas! ¡Desafía a tus amigos y trata de ser el gusano más grande en Serpiente.io!

El arcade clásico Snake.io tiene una actualización para jugar eventos únicos en vivo y en línea. ¡Arrástrate hasta la cima de la tabla de clasificación en esta popular versión móvil del querido juego arcade explosivo! Snake.io combina el arte de las nuevas tendencias con la vieja mecánica de los juegos de serpientes clásicos.

Empieza Snake.io como un pequeño gusano e intenta hacerte más grande comiendo tu camino a través de cada nivel. Ábrete camino a través de campos de comida e intenta superar las puntuaciones de otros jugadores. ¿Cuánto tiempo podrás sobrevivir?

🎮 ¡Los juegos arcade clásicos presentan la competencia de clasificación en línea en este nuevo y adictivo juego gratuito! ¡Únete a millones de jugadores y juega Snake.io ahora!

Snake.io está diseñado para un rendimiento rápido y fluido, con controles diseñados para cada dispositivo móvil. ¡Snake nunca antes había sido tan divertido ni competitivo! Juega sin wifi gratis o en el modo en línea más nuevo con eventos en vivo.

Las mejores características de Snake.io

Juegos Snake clasicos
- Deslízate por un campo de comida y come para hacer crecer tu serpiente
- Una divertida versión del juego io de Snake
- Juega a Snakeio de la vieja escuela e intenta superar tu puntaje más alto

Juegos multijugador gratis
- Tabla de clasificación en línea: ¡mira si tu serpiente puede vencer al resto!
- Desafía a tus amigos a superar tu puntuación más alta
- Modo de doble jugador: siéntate junto a tu amigo y compite
- Mira juegos de Snake de nuestros fanáticos y únete a la comunidad en línea

Juego adictivo gratuito
- Juega juegos con un rendimiento rápido en cualquier dispositivo
- .io juego con una jugabilidad fluida y controles de joystick móviles 🕹️
- ¡Snake.io es gratis o puedes quitar los anuncios!
- Mira juegos en línea en YouTube y aprende movimientos de los mejores streamers

Eventos de operaciones en vivo
- Batalla contra otras serpientes y la jefa serpiente.
- Compite puntuaciones altas con amigos en la tabla de clasificación
- Nuevos eventos divertidos cada mes con pieles únicas

Juegos sin Wifi
- Los juegos io sin conexión no requieren conexión a Internet. ¡Juega a Snake.io sin conexión o en línea! Sin conexión no necesitas wifi.

¡Juega juegos de serpientes con un nuevo toque io! ¡Descarga Snake hoy!

¡Tus comentarios son importantes para el equipo de Snake.io!

Se utilizan permisos de almacenamiento de lectura/escritura para las capturas de pantalla de Snake.io y los archivos guardados del usuario en caché. Se utiliza permiso de grabación de audio para grabar videos de YouTube para compartir.
Privacidad: https://kooapps.com/privacypolicy.php",3.8865979,1245977.0,2769.0,460,deslizar tú competitivo versión serpiente sobrevive poder desafía amigo gusano arcade clásico actualización evento único vivo línea arrástrate cima tabla clasificación popular versión móvil querido arcade explosivo combinar arte tendencia viejo mecánica juego serpiente clásico empezar pequeño gusano intentar hacerte comer camino nivel camino campo comida intentar superar puntuación jugador tiempo sobrevivir juegos arcade clásico presentar competencia clasificación línea adictivo gratuito únete millón jugador jugar diseñado rendimiento rápido fluido control diseñado dispositivo móvil snake divertido competitivo jugar wifi línea evento vivo mejor característica juegos snake clasico deslizar tú campo comida come crecer serpiente divertido versión snake jugar snakeio viejo escuela intentar superar puntaje alto juegos multijugador tabla clasificación línea mirar serpiente vencer resto desafía amigo superar puntuación alto doble siéntatir amigo competir mira juegos snake fanático únetir comunidad línea juego adictivo gratuito juega juegos rendimiento rápido dispositivo jugabilidad fluido control joystick móviles quitar anuncio mira juegos línea youtube aprender movimiento mejor streamers eventos operación vivo batalla serpiente jefa serpiente competir puntuación alto amigo tabla clasificación evento divertido mes piel único juegos wifi juego io conexión requerir conexión internet jugar conexión línea conexión necesitar wifi juega juegos serpiente toque io descarga snake comentario importante equipo utilizar permiso almacenamiento lectura escritura captura pantalla archivo guardado usuario caché utilizar permiso grabación audio grabar video youtube compartir privacidad,214
com.americasbestpics,"ABPV－America’s best pics, vids",Entretenimiento,https://play.google.com/store/apps/details?id=com.americasbestpics&hl=es&gl=es,"ABPV (Las Mejores Fotos y Videos de Estados Unidos) es una app estadounidense de memes que pone a tu disposición imágenes, chistes, videos virales, GIF, videos cortos, citas graciosas, anécdotas, vines divertidos y videomemes. En Estados Unidos de los Memes, ¡nosotros no hacemos las reglas, tú sí! En ABPV, puedes:

DISFRUTAR del mayor centro de humor, lleno de imágenes y videos divertidos, incluyendo videos cortos que te mantendrán entretenido todo el día. Desde contenido disparatado hasta memes nostálgicos y animales adorables, encontrarás algo para reír a diario. Nuestra colección única incluye videomemes exclusivos (como memes de secuelas, memes geniales y memes con los que te puedes identificar), los chistes y anécdotas más recientes que causan furor en TikTok, Rednote y Reddit.

Nuestros favoritos del mes en el centro de comedia incluyen:

• Memes de nostalgia

• Autos americanos

• Animales tiernos

• Cuestionarios

• Anécdotas

• Videos nacionales

• Chistes de antaño

¡Nuestros algoritmos seleccionan el mejor contenido de internet solo para ti! Explora un tesoro de videos geniales, Vines divertidos, GIFs graciosos e imágenes populares de TikTok, Rednote y Reddit aquí mismo en ABPV.

¡CREA tus propios memes de video con nuestro creador de memes y editor de video fácil de usar! Sumérgete en el mundo de los GIF y videos cortos, y deja fluir tu creatividad. Ya sea que compartas chistes o Vines divertidos, nuestro editor de video (creador de memes) te ayuda a crear el contenido perfecto para compartir con tus amigos.

CONECTA con personas afines que comparten tu sentido del humor y valores para reír juntos. ¡Descarga ABPV ahora y descubre una comunidad de los mejores estadounidenses! No solo son memes; Es un centro vibrante para los amantes del humor, las anécdotas y la comedia.

Únete a nosotros en ABPV para descubrir videos y memes exclusivos, junto con los chistes más divertidos y las fotos divertidas que son tendencia en TikTok, Rednote y Reddit. Con nuestra amplia selección de GIFs, videos cortos e imágenes, ¡nunca te quedarás sin entretenimiento! Crea tus propios videos con las mejores fotos y entretenimiento de Estados Unidos con nuestro editor de videos (creador de memes).

Síguenos en redes sociales para más diversión y actualizaciones:

Twitter: https://twitter.com/ABPVOfficial
Facebook: https://www.facebook.com/abpv.official
Instagram: https://www.instagram.com/abpv.official

Términos de uso: https://americasbestpics.com/app/terms
Política de privacidad: https://americasbestpics.com/app/privacy

Si algo te parece extraño, contáctanos en support@americasbestpics.com. ¡Siempre estamos listos para ayudarte!",4.318182,294585.0,4.0,390,abpv mejores fotos videos unidos estadounidense mem poner disposición imagen chiste video viral gif video corto cita gracioso anécdota vín divertido videomemes unidos memes regla abpv disfrutar centro humor lleno imagen video divertido incluir video corto mantener entretenido contenido disparatado mem nostálgico animal adorabl encontrarás reír diario colección único incluir videomemes exclusivo mem secuela mem genial mem identificar chiste anécdota reciente causar furor tiktok rednote reddit favorito mes centro comedia incluir memes nostalgia autos americano animales tierno cuestionarios anécdota videos nacional chistes algoritmo seleccionar contenido internet explorar tesoro video genial vín divertido gifs gracioso imagen popular tiktok rednote reddit abpv crea mem video creador mem editor video fácil sumérgete mundo gif video corto dejar fluir creatividad comparta chiste vines divertido editor video creador mem ayudar crear contenido perfecto compartir amigo conecta persona afín compartir sentido humor valor reír junto descarga abpv descubrir comunidad mejor estadounidense centro vibrante amante humor anécdota comedia únetir abpv descubrir video mem exclusivo chiste divertido foto divertido tendenciar tiktok rednote reddit amplio selección gifs video corto imagen quedarar entretenimiento creer video mejor foto entretenimiento unidos editor video creador mem síguenos red social diversión actualización twitter facebook instagram término política privacidad extraño contacta yo listo ayudarte,199
com.and.games505.TerrariaPaid,Terraria,Aventura,https://play.google.com/store/apps/details?id=com.and.games505.TerrariaPaid&hl=es&gl=es,"El mundo en tus manos mientras luchas por la supervivencia, exploras en busca de fortuna y excavas para alcanzar la gloria. Adéntrate en las profundidades de las extensiones cavernosas, pon a prueba tu temple en el combate ¡o construye tu propia ciudad!

Terraria te da más que nunca: ¡incluye el nuevo contenido de 1.4.5 Más grande y rocosa! 

Con un impresionante catálogo de más de 5000 objetos, más de 25 NPC y más de 400 enemigos, y una mezcla de elementos de los juegos de acción clásicos con la creatividad del estilo sandbox, Terraria es una aventura sin igual.

La última actualización de contenido incluye: 

NUEVO CONTENIDO 1.4.5:
- Contenido de colaboración de Dead Cells, incluidas armas nuevas, accesorios de combate ¡y mucho más!
- ¡Los icónicos Pals de Palworld han llegado a Terraria!
- Quince nuevos sets de mobiliario. 
- Cinco nuevos tipos de roca. ¡Cuidado con dónde pisas!
- Cuatro nuevas monturas de transformación.
- Nuevos látigos y prefijos de invocador. 
- Nuevas cometas, criaturas y elementos decorativos. 
- ¡Y mucho más por descubrir! 


NUEVAS SEMILLAS DEL MUNDO PARA DESCUBRIR:
- Una nueva semilla del mundo: Skyblock.
- Un nuevo menú de creación de mundo que te permite mezclar semillas especiales.
- ¡Mejoras a semillas existentes!

MEJORAS:
- Modificaciones y mejoras al equilibrio de las armas. 
- Actualizaciones visuales de muchos gráficos clásicos.
- ¡Y muchas más mejoras!
 
• MULTIJUGADOR: juega con hasta 7 amigos en wifi local o en línea a través de partidas alojadas en wifi entre dispositivos o a través del servidor dedicado de Terraria Mobile para PC (disponible de forma gratuita en Terraria.org).
• TERRARIA REDISEÑADO PARA MÓVIL: ¡los controles y la interfaz de usuario totalmente personalizables ofrecen un nivel de pulido y capacidad que no era posible hasta ahora!
• Compatibilidad con el mando: incluye botones totalmente remapeables. Juega con tu mando conectado por bluetooth cuando sea compatible.
• Una completa gama de tamaños de mundos: pequeño/mediano/grande... ¡igual de tamaño que en Terraria para PC!  Ahora incluye un generador de nombres de mundos aleatorios y la posibilidad de usar semillas de mundos (incluyendo algunos mundos con huevos de pascua ocultos).
• Más de 400 enemigos con los que luchar, derrotar y saquear en busca de botín.
• Más de 20 biomas y minibiomas para explorar, tanto en la superficie como en el subsuelo: desde frondosos bosques hasta áridos desiertos, pasando por mazmorras, el inframundo y hasta la aterradora Corrupción te esperan.
• Actualización de creación de objetos con múltiples opciones añadidas.
• Más de 20 NPC por descubrir, cada uno con sus propios beneficios y su estilo único.
• Más de 1000 nuevos objetos que descubrir, ¡lo que eleva el total de objetos a más de 5000!
• Opciones de construcción en profundidad que son fáciles de aprender pero que permiten realizar increíbles hitos arquitectónicos en manos maestras.
• ¡Y mucho, mucho más!

En resumen, cada píxel de Terraria ha sido rediseñado y hecho a mano para obtener la MEJOR experiencia móvil posible.
Síguenos en Twitter @Terraria_Logic y @505_Games


Únete a nuestra comunidad en Discord en http://Discord.GG/Terraria


Danos un me gusta en Facebook en www.facebook.com/TerrariaOfficial y https://www.facebook.com/505Games


Visita nuestra web www.terraria.org


Únete a los foros oficiales de Terraria en: https://forums.terraria.org/",4.515723,404851.0,1211.0,537,mundo mano lucha supervivencia explorar busca fortuna excava alcanzar gloria adéntratar profundidad extensión cavernosa pon prueba temple combate construir ciudad terraria incluir contenido rocoso impresionante catálogo objeto npc enemigo mezcla elemento juego acción clásico creatividad estilo sandbox terraria aventura actualización contenido incluir contenido contenido colaboración dead cells incluido arma accesorio combate icónico pals palworld llegar terraria set mobiliario tipo roca cuidado pisar montura transformación látigo prefijo invocador cometas criatura elemento decorativo descubrir semillas mundo descubrir semilla mundo skyblock menú creación mundo permitir mezclar semilla especial mejora semilla existente mejoras modificación mejora equilibrio arma actualización visual gráfico clásico mejora multijugador jugar amigo wifi local línea partida alojada wifi dispositivo servidor dedicado terraria mobile pc disponible forma gratuito terraria rediseñado móvil control interfaz usuario personalizabl ofrecer nivel pulido capacidad compatibilidad mando incluir botón remapeabl jugar mando conectado bluetooth compatible completo gama tamaño mundo pequeño mediano tamaño terraria pc incluir generador nombre mundo aleatorio posibilidad semilla mundo incluir mundo huevo pascua oculto enemigo luchar derrotar saquear busca botín bioma minibioma explorar superficie subsuelo frondoso bosque árido desierto pasar mazmorra inframundo aterrador corrupción esperar actualización creación objeto múltiple opción añadido npc descubrir beneficio estilo único objeto descubrir elevar objeto opción construcción profundidad fácil aprender permitir increíble hito arquitectónico mano maestro resumen píxel terraria rediseñar mano obtener experiencia móvil síguenos twitter únete comunidad discord gg terraria danos gustar facebook visita web únete foro oficial terraria,230
